gene	description	n_region	US-C	BR-C	AF-C	AM-C	CN-C
LOC118276607	zinc finger protein SNAI2-like	5	1	1	1	1	1
LOC118269558	uncharacterized LOC118269558	5	1	1	1	1	1
LOC118266375	potassium/sodium hyperpolarization-activated cyclic nucleotide-gated channel 2	5	1	1	1	1	1
LOC126912924	uncharacterized LOC126912924	5	1	1	1	1	1
LOC118263233	SH3 and multiple ankyrin repeat domains protein 2	5	1	1	1	1	1
LOC118279065	uncharacterized LOC118279065	5	1	1	1	1	1
LOC118273360	dual specificity calcium/calmodulin-dependent 3',5'-cyclic nucleotide phosphodiesterase 1	5	1	1	1	1	1
LOC118278077	klarsicht protein	5	1	1	1	1	1
LOC118277645	uncharacterized LOC118277645	5	1	1	1	1	1
LOC118268421	dipeptidase 1	5	1	1	1	1	1
LOC118262972	potassium voltage-gated channel protein Shaker	5	1	1	1	1	1
LOC126911047	uncharacterized LOC126911047	5	1	1	1	1	1
LOC118274585	unconventional myosin-XVIIIa	5	1	1	1	1	1
LOC118261899	four and a half LIM domains protein 2	5	1	1	1	1	1
LOC118270635	soluble guanylate cyclase 88E	5	1	1	1	1	1
LOC118269486	calmodulin-binding transcription activator 2	5	1	1	1	1	1
LOC118267214	uncharacterized LOC118267214	5	1	1	1	1	1
LOC118276226	uncharacterized LOC118276226	5	1	1	1	1	1
LOC118277919	regulator of G-protein signaling loco	5	1	1	1	1	1
LOC118273242	lipase member H-like	5	1	1	1	1	1
LOC118269237	uncharacterized LOC118269237	5	1	1	1	1	1
LOC118280755	uncharacterized LOC118280755	5	1	1	1	1	1
LOC118276513	serum response factor homolog	5	1	1	1	1	1
LOC118275745	hypoxia-inducible factor 1-alpha	5	1	1	1	1	1
LOC118264903	CUGBP Elav-like family member 3-B	5	1	1	1	1	1
LOC118265550	gamma-aminobutyric acid type B receptor subunit 2	5	1	1	1	1	1
LOC118267406	inositol-trisphosphate 3-kinase B	5	1	1	1	1	1
LOC118280546	pseudouridine-5'-phosphatase-like	5	1	1	1	1	1
LOC118273326	leucine-rich repeat neuronal protein 1-like	5	1	1	1	1	1
LOC118277304	protein EFR3 homolog cmp44E	5	1	1	1	1	1
LOC118268517	EGFR adapter protein	5	1	1	1	1	1
LOC118279393	protein madd-4	5	1	1	1	1	1
LOC126912804	uncharacterized LOC126912804	5	1	1	1	1	1
LOC118272073	protein spaetzle 4	5	1	1	1	1	1
LOC118276042	protein TANC2	5	1	1	1	1	1
LOC126910817	uncharacterized LOC126910817	5	1	1	1	1	1
LOC118271470	uncharacterized LOC118271470	5	1	1	1	1	1
LOC118265230	protein dachsous	5	1	1	1	1	1
LOC118265585	CUGBP Elav-like family member 1	5	1	1	1	1	1
LOC118282010	small conductance calcium-activated potassium channel protein	5	1	1	1	1	1
LOC118282258	uncharacterized LOC118282258	4	1	1	0	1	1
LOC118271772	neuropeptide CCHamide-1 receptor	4	1	1	0	1	1
LOC118281190	zinc finger protein 880	4	1	1	1	1	0
LOC118266075	cell adhesion molecule Dscam2	4	1	1	1	1	0
LOC118273121	endonuclease/exonuclease/phosphatase family domain-containing protein 1	4	1	1	1	0	1
LOC126912511	inactive rhomboid protein 1	4	1	1	1	0	1
LOC118271695	uncharacterized LOC118271695	4	1	1	1	0	1
LOC118263566	teneurin-m-like	4	1	1	0	1	1
LOC126912367	uncharacterized LOC126912367	4	1	1	1	1	0
LOC118262105	protocadherin-like wing polarity protein stan	4	1	1	1	1	0
LOC118271759	potassium voltage-gated channel protein Shaw	4	1	1	0	1	1
LOC118272444	netrin-B-like	4	1	1	0	1	1
LOC118266652	disintegrin and metalloproteinase domain-containing protein 11	4	1	1	1	1	0
LOC118267170	uncharacterized LOC118267170	4	1	0	1	1	1
LOC118269840	suppressor of lurcher protein 1	4	1	1	0	1	1
LOC118265080	muscle-specific protein 300 kDa	4	1	1	1	0	1
LOC118280946	nascent polypeptide-associated complex subunit alpha, muscle-specific form-like	4	1	0	1	1	1
LOC118276605	nephrin-like	4	1	1	1	1	0
LOC118277873	fibroblast growth factor 3	4	1	1	1	0	1
LOC118271910	uncharacterized LOC118271910	4	1	1	1	1	0
LOC118276960	uncharacterized LOC118276960	4	1	1	1	1	0
LOC118262397	protein sickie	4	1	1	0	1	1
LOC118278870	gastrula zinc finger protein XlCGF26.1-like	4	1	1	1	0	1
LOC118267736	dopamine D2-like receptor	4	1	1	1	1	0
LOC118263955	uncharacterized LOC118263955	4	1	1	0	1	1
LOC118264958	uncharacterized LOC118264958	4	1	1	1	1	0
LOC118277426	protein 4.1 homolog	4	1	0	1	1	1
LOC118272456	adenylate cyclase type 2	4	1	1	1	1	0
LOC118263966	monocarboxylate transporter 14	4	1	1	1	1	0
LOC118265375	protein nubbin	4	1	0	1	1	1
LOC118276558	heterogeneous nuclear ribonucleoprotein L	4	1	1	1	0	1
LOC118272439	zinc finger protein 287	4	1	1	1	1	0
LOC118274751	uncoordinated protein 58	4	1	1	1	1	0
LOC118261815	uncharacterized LOC118261815	4	1	1	0	1	1
LOC118263915	eye-specific diacylglycerol kinase	4	1	1	1	0	1
LOC118263928	teneurin-a	4	1	0	1	1	1
LOC118263336	TBC domain-containing protein kinase-like protein	4	1	1	0	1	1
LOC118270337	ABC transporter G family member 20	4	1	1	0	1	1
LOC118263386	probable phospholipid-transporting ATPase IA	4	1	1	0	1	1
LOC118265299	ATP-binding cassette subfamily G member 4-like	4	1	1	0	1	1
LOC118263127	ras GTPase-activating protein raskol-like	4	1	1	0	1	1
LOC118276304	uncharacterized LOC118276304	4	1	1	0	1	1
LOC126911326	uncharacterized LOC126911326	4	1	1	0	1	1
LOC118282191	protein qui-1	4	1	0	1	1	1
LOC118282310	uncharacterized LOC118282310	4	1	1	0	1	1
LOC118277991	dystrophin, isoforms A/C/F/G/H	4	1	1	0	1	1
LOC118277368	sodium-dependent noradrenaline transporter-like	4	1	1	0	1	1
LOC118278161	DE-cadherin	4	1	1	1	0	1
LOC118277477	neuropilin and tolloid-like protein 2	4	1	1	1	1	0
LOC118273551	protein spire	4	1	1	0	1	1
LOC118265753	zwei Ig domain protein zig-8	4	1	1	1	1	0
LOC118265921	diuretic hormone receptor	4	1	1	0	1	1
LOC118273901	uncharacterized LOC118273901	4	1	0	1	1	1
LOC118276662	serine/threonine-protein kinase MARK2	4	1	1	1	1	0
LOC118274661	flotillin-2	4	1	1	0	1	1
LOC118270582	ABC transporter G family member 20	4	1	1	1	0	1
LOC118263008	ecdysone-induced protein 74EF	4	1	1	0	1	1
LOC118264513	uncharacterized LOC118264513	4	1	1	1	1	0
LOC118262880	protein FAM102A	4	1	1	0	1	1
LOC118262119	dedicator of cytokinesis protein 4	4	1	1	1	0	1
LOC118265942	sodium channel protein 60E	4	1	1	0	1	1
LOC118279231	facilitated trehalose transporter Tret1-like	4	1	1	0	1	1
LOC118279672	WD repeat-containing protein 7	4	1	1	1	1	0
LOC118277563	zwei Ig domain protein zig-8-like	4	1	1	1	0	1
LOC118269274	metabotropic glutamate receptor 2	4	1	1	0	1	1
LOC118266761	hemocytin	4	1	1	1	1	0
LOC118270970	transcription factor SOX-6	4	1	1	0	1	1
LOC126912125	uncharacterized LOC126912125	4	1	1	1	1	0
Trnar-ucg	transfer RNA arginine (anticodon UCG)	4	1	0	1	1	1
LOC118263361	phosphatidylcholine:ceramide cholinephosphotransferase 2	4	1	1	0	1	1
LOC118275583	hemicentin-2	4	1	1	0	1	1
LOC118277913	LIM domain only protein 7	4	1	0	1	1	1
LOC118274815	LIM/homeobox protein Lhx1	4	1	1	1	0	1
LOC118274312	microtubule-associated protein futsch	4	1	1	1	1	0
LOC118282473	cell adhesion molecule 3-like	4	1	1	0	1	1
LOC118265933	probable beta-hexosaminidase fdl	4	1	0	1	1	1
LOC118265271	3-oxoacyl-[acyl-carrier-protein] reductase FabG	4	1	1	1	0	1
LOC118265226	kinesin-like protein CG14535	4	1	1	1	1	0
LOC118276825	neural cell adhesion molecule 1	4	1	1	1	1	0
LOC118266881	caspase-8	4	1	1	1	1	0
LOC118274590	uncharacterized LOC118274590	4	1	1	0	1	1
LOC118263269	cyclic AMP response element-binding protein A	4	1	1	0	1	1
LOC118280811	inositol 1,4,5-trisphosphate receptor	4	1	1	0	1	1
LOC126912830	uncharacterized LOC126912830	4	1	1	0	1	1
LOC118262370	uncharacterized LOC118262370	4	1	1	0	1	1
LOC118263888	coiled-coil domain-containing protein AGAP005037	4	1	1	0	1	1
LOC118276434	syntaxin-binding protein 5	4	1	1	1	1	0
LOC118269397	uncharacterized LOC118269397	4	1	1	0	1	1
LOC118282471	protein bric-a-brac 1	4	1	1	1	0	1
LOC118271716	glyceraldehyde-3-phosphate dehydrogenase	4	1	1	0	1	1
LOC118278916	zinc finger protein ZFP2	4	1	1	1	0	1
LOC118277568	uncharacterized LOC118277568	4	1	1	1	1	0
LOC118271821	uncharacterized LOC118271821	4	1	1	0	1	1
LOC118269747	high-affinity choline transporter 1	4	1	1	0	1	1
LOC118266856	uncharacterized LOC118266856	4	1	1	1	0	1
LOC118281129	M-phase inducer phosphatase	4	1	1	1	0	1
LOC126912150	uncharacterized LOC126912150	4	1	1	1	1	0
LOC118262946	protein purity of essence	4	1	1	1	0	1
LOC118262280	serine/threonine-protein phosphatase 2A regulatory subunit B'' subunit delta	4	1	1	0	1	1
LOC118279163	protein Wnt-5b	4	1	0	1	1	1
LOC118281287	segmentation protein cap'n'collar	4	1	1	1	1	0
LOC118272772	tyrosine-protein phosphatase Lar	4	1	1	0	1	1
LOC118270887	neurobeachin	4	1	1	0	1	1
LOC118262523	cyclic nucleotide-gated cation channel alpha-3	4	1	0	1	1	1
LOC118271351	homeodomain-interacting protein kinase 2	4	1	1	0	1	1
LOC118270378	autotransporter adhesin BpaC	4	1	0	1	1	1
LOC118273818	adipokinetic hormone/corazonin-related peptide receptor variant I	4	0	1	1	1	1
LOC118272556	uncharacterized LOC118272556	4	0	1	1	1	1
LOC118277601	uncharacterized LOC118277601	4	0	1	1	1	1
LOC118263330	zinc transporter 1	4	0	1	1	1	1
LOC118277469	microtubule-actin cross-linking factor 1	4	0	1	1	1	1
LOC118276693	sex peptide receptor	4	0	1	1	1	1
LOC118273005	serine/threonine-protein kinase 26	4	0	1	1	1	1
LOC118277080	dipeptidyl aminopeptidase-like protein 6	4	0	1	1	1	1
LOC118267661	dopamine D2-like receptor	4	0	1	1	1	1
LOC118275455	hemicentin-1	4	0	1	1	1	1
LOC118267251	RNA-binding protein Musashi homolog Rbp6	4	0	1	1	1	1
LOC118276861	neural/ectodermal development factor IMP-L2	4	0	1	1	1	1
LOC118263055	aquaporin AQPAe.a	4	0	1	1	1	1
LOC118276760	low-density lipoprotein receptor-like	4	0	1	1	1	1
LOC118271670	Ig-like and fibronectin type-III domain-containing protein 1	4	0	1	1	1	1
LOC126912687	uncharacterized LOC126912687	4	0	1	1	1	1
LOC118266126	A disintegrin and metalloproteinase with thrombospondin motifs 16	4	0	1	1	1	1
LOC118280701	cAMP-specific 3',5'-cyclic phosphodiesterase	4	0	1	1	1	1
LOC118272465	ATP-binding cassette sub-family G member 1	4	0	1	1	1	1
LOC118277442	KH domain-containing, RNA-binding, signal transduction-associated protein 2	4	0	1	1	1	1
LOC118274591	solute carrier family 12 member 6	4	0	1	1	1	1
LOC118270235	alpha-2Db adrenergic receptor	4	0	1	1	1	1
LOC126911656	uncharacterized LOC126911656	4	0	1	1	1	1
LOC118276940	syndecan	4	0	1	1	1	1
LOC118273222	zinc finger protein ush	4	0	1	1	1	1
LOC118276815	protein enabled	4	0	1	1	1	1
LOC118273532	homeobox protein aristaless-like	4	0	1	1	1	1
LOC118279069	protein MTSS 2	4	0	1	1	1	1
LOC118269207	GATOR complex protein NPRL2	3	1	1	0	1	0
LOC118270896	E3 ubiquitin-protein ligase goliath	3	1	1	0	1	0
LOC118262938	adenylyl cyclase 78C	3	1	1	0	0	1
LOC118267599	protein PALS1	3	1	0	1	1	0
LOC118263822	circadian clock-controlled protein daywake	3	1	0	1	0	1
LOC118279793	phosphatidylinositol 4-phosphate 5-kinase type-1 alpha	3	1	1	0	1	0
LOC118279288	lachesin	3	1	1	0	0	1
LOC118277667	prolow-density lipoprotein receptor-related protein 1	3	1	1	0	1	0
LOC118276606	nephrin	3	1	1	0	1	0
LOC118264341	uncharacterized LOC118264341	3	1	1	0	0	1
LOC118276822	irregular chiasm C-roughest protein	3	1	1	0	1	0
LOC118278221	transcription factor SPT20 homolog	3	1	1	0	0	1
LOC118272124	Golgi-specific brefeldin A-resistance guanine nucleotide exchange factor 1	3	1	1	1	0	0
LOC118266942	somatostatin receptor type 2	3	1	1	0	1	0
LOC118268514	centaurin-gamma-1A	3	1	1	0	0	1
LOC118271332	prothoracicostatic peptides	3	1	0	0	1	1
LOC126911421	uncharacterized LOC126911421	3	1	1	0	1	0
LOC118273920	fibrillin-2	3	1	1	0	1	0
LOC118273999	protein sidekick-1	3	1	0	0	1	1
LOC118269546	glutathione S-transferase 1	3	1	1	0	1	0
LOC118267390	alpha-(1,6)-fucosyltransferase	3	1	0	1	1	0
LOC118276354	histone-lysine N-trimethyltransferase SMYD5	3	1	1	1	0	0
LOC126911422	uncharacterized LOC126911422	3	1	1	0	0	1
LOC118271673	ski oncogene	3	1	0	0	1	1
LOC126911223	uncharacterized LOC126911223	3	1	0	0	1	1
LOC118279989	aspartate--tRNA ligase, cytoplasmic	3	1	0	1	0	1
LOC118274874	T-box transcription factor TBX3	3	1	1	0	1	0
LOC118277535	ras-responsive element-binding protein 1-like	3	1	0	0	1	1
LOC118281827	uncharacterized LOC118281827	3	1	1	0	1	0
LOC118272348	collagen alpha-1(XVIII) chain	3	1	0	1	1	0
LOC118267030	alpha-mannosidase 2-like	3	1	0	0	1	1
LOC126912456	uncharacterized LOC126912456	3	1	0	1	0	1
LOC118266194	thioredoxin domain-containing protein 3 homolog	3	1	1	0	1	0
LOC118277857	rho GTPase-activating protein 7	3	1	0	0	1	1
LOC118263876	uncharacterized LOC118263876	3	1	1	1	0	0
LOC118263056	seminal metalloprotease 1-like	3	1	1	1	0	0
LOC118275339	uncharacterized LOC118275339	3	1	0	0	1	1
LOC118279124	cell adhesion molecule Dscam2	3	1	1	0	0	1
LOC118279182	multiple C2 and transmembrane domain-containing protein	3	1	0	0	1	1
LOC126912731	uncharacterized LOC126912731	3	1	0	0	1	1
LOC118268228	tyrosine kinase receptor Cad96Ca	3	1	1	1	0	0
LOC118269957	17-beta-hydroxysteroid dehydrogenase 13-like	3	1	1	0	1	0
LOC118272608	disks large-associated protein 5	3	1	1	0	0	1
LOC118278623	RNA-binding protein Musashi homolog 2	3	1	0	1	1	0
LOC118273518	protein ultraspiracle homolog	3	1	0	0	1	1
LOC118264408	uncharacterized LOC118264408	3	1	1	0	1	0
LOC118266055	sorting nexin-2	3	1	1	0	1	0
LOC118263069	alpha-1,2-mannosyltransferase ALG9	3	1	1	0	1	0
LOC118269608	vesicular acetylcholine transporter	3	1	0	1	0	1
LOC118274120	uncharacterized LOC118274120	3	1	1	1	0	0
LOC118270869	protein apterous	3	1	0	0	1	1
LOC118262910	GATA-binding factor A	3	1	0	0	1	1
LOC118278130	hemicentin-2	3	1	1	0	1	0
LOC118271318	uncharacterized LOC118271318	3	1	1	0	1	0
LOC118271763	beta-1,4-N-acetylgalactosaminyltransferase bre-4	3	1	1	0	0	1
LOC118269456	uncharacterized LOC118269456	3	1	1	0	1	0
LOC118273278	pseudouridylate synthase RPUSD2-like	3	1	1	0	1	0
LOC118277312	orexin/Hypocretin receptor type 1-like	3	1	0	1	0	1
LOC118263060	uncharacterized LOC118263060	3	1	1	0	0	1
LOC126911297	uncharacterized LOC126911297	3	1	0	1	0	1
LOC118269809	cell adhesion molecule Dscam2	3	1	1	0	1	0
LOC118267685	zinc finger protein 883-like	3	1	1	1	0	0
LOC118279247	protein Wnt-1	3	1	0	1	0	1
LOC118270723	uncharacterized LOC118270723	3	1	1	0	1	0
LOC118265767	transient receptor potential cation channel trpm	3	1	0	1	1	0
LOC118261818	bifunctional heparan sulfate N-deacetylase/N-sulfotransferase	3	1	0	1	1	0
LOC118275973	monocarboxylate transporter 3	3	1	0	0	1	1
LOC118262624	carcinine transporter-like	3	1	1	0	1	0
LOC126912598	uncharacterized LOC126912598	3	1	0	0	1	1
LOC118274780	tetratricopeptide repeat protein 28	3	1	0	1	1	0
LOC118271785	uncharacterized LOC118271785	3	1	1	0	1	0
LOC118271302	transient receptor potential protein	3	1	1	0	1	0
LOC118271800	uncharacterized LOC118271800	3	1	1	1	0	0
LOC118262655	extracellular sulfatase SULF-1 homolog	3	1	0	0	1	1
LOC118265560	serine/threonine-protein phosphatase 6 regulatory ankyrin repeat subunit A	3	1	0	0	1	1
LOC126912169	uncharacterized LOC126912169	3	1	1	0	1	0
LOC118271484	mucin-2	3	1	0	0	1	1
LOC118262332	GTPase-activating Rap/Ran-GAP domain-like protein 3	3	1	1	0	1	0
LOC118275619	cell adhesion molecule Dscam2	3	1	1	0	1	0
LOC118265114	uncharacterized LOC118265114	3	1	1	0	1	0
LOC118273548	neuronal PAS domain-containing protein 2	3	1	1	1	0	0
LOC118280062	segmentation polarity homeobox protein engrailed-like	3	1	1	1	0	0
LOC118268129	uncharacterized LOC118268129	3	1	1	1	0	0
LOC118263992	uncharacterized LOC118263992	3	1	0	0	1	1
LOC118262701	E3 ubiquitin-protein ligase TRIP12	3	1	0	0	1	1
LOC118261821	GATA-binding factor C	3	1	0	1	1	0
LOC118280573	uncharacterized LOC118280573	3	1	0	1	0	1
LOC118275576	hemicentin-1-like	3	1	1	0	1	0
LOC118262354	EF-hand domain-containing protein 1	3	1	0	0	1	1
LOC118269185	alanine--glyoxylate aminotransferase-like	3	1	0	1	1	0
LOC118262164	DNA N6-methyl adenine demethylase	3	1	1	1	0	0
LOC118271203	torso-like protein	3	1	0	1	0	1
LOC118269532	uncharacterized LOC118269532	3	1	1	0	1	0
LOC126912564	uncharacterized LOC126912564	3	1	0	0	1	1
LOC118278720	alpha-centractin	3	1	1	0	0	1
LOC118262232	glypican-6	3	1	1	0	1	0
LOC118278075	homeobox protein Nkx-6.2	3	1	0	0	1	1
LOC118267255	transcription factor Sp9	3	1	0	1	1	0
LOC118279136	uncharacterized LOC118279136	3	1	1	0	1	0
LOC118274839	RILP-like protein homolog	3	1	1	0	1	0
LOC118267157	mucin-5AC	3	1	0	0	1	1
LOC118262240	uncharacterized LOC118262240	3	1	0	0	1	1
LOC118272387	supervillin	3	1	0	1	1	0
LOC118272101	pericentrin	3	1	0	0	1	1
LOC118277772	leucine-rich repeats and immunoglobulin-like domains protein 1	3	1	1	0	0	1
LOC118261869	RYamide receptor	3	1	1	1	0	0
LOC118279689	cilia- and flagella-associated protein 410	3	1	1	0	1	0
LOC118271498	uncharacterized LOC118271498	3	1	1	0	1	0
LOC118262080	MATH and LRR domain-containing protein PFE0570w	3	1	1	1	0	0
LOC118269026	putative inorganic phosphate cotransporter	3	1	1	0	0	1
Trnaw-cca	transfer RNA tryptophan (anticodon CCA)	3	1	1	0	0	1
LOC118282236	neuropeptide FF receptor 2	3	1	1	0	1	0
LOC118270487	uncharacterized LOC118270487	3	1	1	0	1	0
LOC118273516	LIM/homeobox protein Lhx3	3	1	1	1	0	0
LOC118269042	uncharacterized LOC118269042	3	1	1	0	1	0
LOC118265935	uncharacterized LOC118265935	3	1	0	1	1	0
LOC118266212	pregnancy zone protein	3	1	1	1	0	0
LOC118264650	lethal(2) giant larvae protein	3	1	0	0	1	1
LOC118264490	guanylate cyclase 32E	3	1	1	0	1	0
LOC118266770	uncharacterized LOC118266770	3	1	1	0	1	0
LOC118268645	protein amalgam	3	1	0	0	1	1
LOC126912136	uncharacterized LOC126912136	3	1	1	0	1	0
LOC118279232	uncharacterized LOC118279232	3	1	0	1	0	1
LOC118273435	uncharacterized LOC118273435	3	1	1	0	0	1
LOC118282054	uncharacterized LOC118282054	3	1	0	1	1	0
LOC118268768	protein cycle	3	1	0	0	1	1
LOC118262242	matrix metalloproteinase-14	3	1	1	1	0	0
LOC118269055	frequenin-1	3	1	0	0	1	1
LOC118263348	mucin-5AC	3	1	1	0	0	1
LOC118270382	octopamine receptor beta-2R	3	1	1	0	1	0
LOC118263813	transcription factor SPT20 homolog	3	1	0	1	1	0
LOC118268677	uncharacterized LOC118268677	3	1	1	0	1	0
LOC118280641	zinc finger protein rotund	3	1	1	0	0	1
LOC118276016	Kv channel-interacting protein 4	3	1	0	0	1	1
LOC126911410	uncharacterized LOC126911410	3	1	1	0	1	0
LOC118271952	monocarboxylate transporter 4	3	1	0	0	1	1
LOC118275635	DNA damage-binding protein 1	3	1	0	0	1	1
LOC118262413	NAD(P) transhydrogenase, mitochondrial	3	1	0	1	0	1
LOC118275714	cell adhesion molecule Dscam2	3	1	0	0	1	1
LOC118277837	tight junction protein ZO-1	3	1	1	0	0	1
LOC118281055	monocarboxylate transporter 12	3	1	1	0	1	0
LOC118275515	uncharacterized LOC118275515	3	1	1	0	1	0
LOC118262157	cyclin-G-associated kinase	3	1	0	1	1	0
LOC118274534	homeobox protein cut	3	1	1	0	0	1
LOC118279735	ephrin-B2a	3	1	1	1	0	0
LOC118273271	uncharacterized LOC118273271	3	1	0	1	1	0
LOC118265121	polypeptide N-acetylgalactosaminyltransferase 2	3	1	1	1	0	0
LOC118271663	kinesin-like protein unc-104	3	1	1	0	1	0
LOC118266838	mediator of DNA damage checkpoint protein 1	3	1	1	1	0	0
LOC118277558	rhophilin-2	3	1	1	0	1	0
LOC118270137	sphingomyelin phosphodiesterase	3	1	0	1	1	0
LOC126912571	uncharacterized LOC126912571	3	1	1	0	1	0
LOC118262939	FERM, ARHGEF and pleckstrin domain-containing protein 1	3	1	1	0	0	1
LOC118267389	echinoderm microtubule-associated protein-like 2	3	1	0	0	1	1
LOC118265857	dnaJ homolog subfamily C member 13	3	1	0	1	1	0
LOC118273819	furin-like protease 1	3	1	1	0	1	0
LOC118281212	uncharacterized LOC118281212	3	1	1	1	0	0
LOC118279313	homeobox protein orthopedia	3	1	1	0	1	0
LOC118268702	myb/SANT-like DNA-binding domain-containing protein 4	3	1	1	0	1	0
LOC118267674	uncharacterized LOC118267674	3	1	1	0	1	0
LOC118278614	modular serine protease-like	3	1	0	1	1	0
LOC118280392	cystinosin homolog	3	1	1	0	1	0
LOC118265051	protein peste-like	3	1	1	0	0	1
LOC118273212	voltage-dependent L-type calcium channel subunit beta-2	3	1	0	0	1	1
LOC118272641	GTP-binding protein REM 1	3	1	1	1	0	0
LOC118269653	C3 and PZP-like alpha-2-macroglobulin domain-containing protein 8	3	1	0	0	1	1
LOC118280105	uncharacterized LOC118280105	3	1	1	1	0	0
LOC118267473	xanthine dehydrogenase-like	3	1	1	1	0	0
LOC126910692	cytochrome P450 4C1-like	3	1	1	1	0	0
LOC118262012	protein spaetzle 5	3	1	1	0	0	1
LOC118268079	uncharacterized LOC118268079	3	1	0	1	1	0
LOC118267067	ecdysone receptor	3	1	1	0	1	0
LOC118266611	luciferin sulfotransferase	3	1	0	1	1	0
LOC118277438	facilitated trehalose transporter Tret1	3	1	1	1	0	0
LOC118277740	uncharacterized LOC118277740	3	1	1	1	0	0
LOC118263886	CD151 antigen	3	1	1	0	0	1
LOC126911813	igLON family member 5-like	3	1	1	1	0	0
LOC118266160	transcription factor HNF-4 homolog	3	1	1	0	1	0
LOC118272509	low affinity immunoglobulin epsilon Fc receptor	3	1	0	1	1	0
LOC118269676	peripheral plasma membrane protein CASK	3	1	0	1	1	0
LOC118262386	aquaporin AQPAe.a	3	1	1	0	0	1
LOC118265648	hemicentin-2	3	1	1	0	1	0
LOC118278097	histone-lysine N-methyltransferase trithorax	3	1	1	0	1	0
LOC118278387	tensin-1	3	1	0	0	1	1
LOC118267589	uncharacterized LOC118267589	3	1	1	0	1	0
LOC118273925	uncharacterized LOC118273925	3	1	1	0	1	0
LOC118272341	tRNA dimethylallyltransferase	3	1	1	0	1	0
LOC126911407	uncharacterized LOC126911407	3	1	0	1	0	1
LOC118276834	zinc finger protein 521	3	1	1	0	0	1
LOC118262475	uncharacterized LOC118262475	3	1	0	1	1	0
LOC118268899	G-protein coupled receptor Mth2	3	1	0	1	1	0
LOC118271185	uncharacterized LOC118271185	3	1	1	0	0	1
LOC118276239	uncharacterized LOC118276239	3	1	1	0	1	0
LOC118274145	ATP-dependent Clp protease ATP-binding subunit clpX-like, mitochondrial	3	1	1	1	0	0
LOC118262919	uncharacterized LOC118262919	3	1	1	0	1	0
LOC118268071	glutamate-gated chloride channel	3	1	0	1	0	1
LOC126911395	protein Wnt-7b-like	3	1	0	0	1	1
LOC118277953	major facilitator superfamily domain-containing protein 12	3	1	1	0	1	0
LOC118271710	NAD kinase	3	1	1	0	0	1
LOC118266742	mucin-5AC	3	1	1	0	0	1
LOC118270884	GAS2-like protein 3	3	1	1	0	1	0
LOC118276011	uncharacterized LOC118276011	3	1	0	1	1	0
LOC118279184	uncharacterized LOC118279184	3	1	1	0	1	0
LOC118269679	diacylglycerol kinase theta	3	1	0	0	1	1
LOC118278573	uncharacterized LOC118278573	3	1	1	0	1	0
LOC118274442	galanin receptor type 3	3	1	1	1	0	0
LOC118268703	hepatic leukemia factor	3	1	1	0	0	1
LOC118281565	tachykinin-like peptides receptor 99D	3	1	0	0	1	1
LOC118268615	terminal nucleotidyltransferase 5C	3	1	1	0	1	0
LOC118269574	protein lap4	3	1	0	0	1	1
LOC118270050	autophagy-related protein 16-1	3	1	0	0	1	1
LOC118266666	protein sidekick-like	3	1	1	0	0	1
LOC118269607	protein grainyhead	3	1	1	1	0	0
LOC118278288	dopamine receptor 2	3	1	0	0	1	1
LOC118270269	equilibrative nucleoside transporter 1	3	1	1	0	1	0
LOC118264018	voltage-dependent T-type calcium channel subunit alpha-1G	3	1	0	1	1	0
LOC118275826	AMP deaminase 2	3	1	0	1	0	1
LOC118274265	centromere-associated protein E	3	1	0	0	1	1
LOC118277910	uncharacterized LOC118277910	3	1	1	0	0	1
LOC118265117	nidogen	3	1	0	1	1	0
LOC118271123	immunoglobulin superfamily containing leucine-rich repeat protein	3	1	1	0	1	0
LOC118277738	influenza virus NS1A-binding protein homolog B	3	1	1	1	0	0
LOC118269264	hemicentin-1	3	1	0	1	0	1
LOC118269154	acyl-CoA Delta-9 desaturase	3	1	1	0	1	0
LOC118265840	high affinity cAMP-specific and IBMX-insensitive 3',5'-cyclic phosphodiesterase 8	3	1	1	0	1	0
LOC126911234	uncharacterized LOC126911234	3	1	1	0	0	1
LOC118278581	agrin	3	1	1	0	1	0
LOC118272396	uncharacterized LOC118272396	3	1	0	1	1	0
LOC118265968	ATP-dependent RNA helicase vasa	3	1	1	1	0	0
LOC118262822	probable G-protein coupled receptor No18	3	1	1	0	1	0
LOC118279145	pikachurin	3	1	0	1	0	1
LOC118264160	protein singed	3	1	1	0	0	1
LOC118262207	adenylyl cyclase 78C	3	1	1	0	1	0
LOC118268838	G-protein coupled receptor Mth	3	1	1	0	0	1
LOC126910770	uncharacterized LOC126910770	3	0	1	0	1	1
LOC118280717	ankyrin-3	3	0	1	0	1	1
LOC118276428	octopamine receptor	3	0	1	0	1	1
LOC118277096	solute carrier family 2, facilitated glucose transporter member 2	3	0	1	1	1	0
LOC118276808	ribosomal protein S6 kinase alpha-5-like	3	0	1	1	1	0
LOC118271946	uncharacterized LOC118271946	3	0	1	0	1	1
LOC126911307	uncharacterized LOC126911307	3	0	1	1	1	0
LOC118271900	uncharacterized LOC118271900	3	0	1	0	1	1
LOC118263926	bestrophin-4	3	0	1	0	1	1
LOC118277061	inactive dipeptidyl peptidase 10	3	0	1	1	1	0
LOC118268738	uncharacterized LOC118268738	3	0	1	1	1	0
LOC118269732	cubilin	3	0	1	0	1	1
LOC118279249	rho guanine nucleotide exchange factor 2	3	0	1	1	0	1
LOC118263381	alpha-tocopherol transfer protein-like	3	0	1	0	1	1
LOC118269095	H(+)/Cl(-) exchange transporter 3	3	0	1	0	1	1
LOC118262131	glutamate receptor 1	3	0	1	1	0	1
LOC118274067	organic cation transporter protein-like	3	0	1	1	1	0
LOC118277363	uncharacterized LOC118277363	3	0	1	1	0	1
LOC118265880	PX domain-containing protein kinase-like protein	3	0	1	1	1	0
LOC118265771	protein fem-1 homolog B	3	0	1	1	0	1
LOC118276666	sperm surface protein Sp17	3	0	1	0	1	1
LOC118263979	extracellular serine/threonine protein CG31145	3	0	1	0	1	1
LOC118262453	division abnormally delayed protein	3	0	1	0	1	1
LOC118276484	lysine-specific histone demethylase 1A	3	0	1	0	1	1
LOC118273875	elongation factor-like GTPase 1	3	0	1	1	1	0
LOC118271957	60S ribosomal protein L34	3	0	1	1	0	1
LOC118275848	neurexin-1	3	0	1	1	1	0
LOC118272581	obscurin	3	0	1	1	1	0
LOC118270016	IQ motif and SEC7 domain-containing protein 2-like	3	0	1	0	1	1
LOC118268409	tubby-related protein 4	3	0	1	0	1	1
LOC118282190	glutamate receptor-interacting protein 2	3	0	1	1	1	0
LOC118271510	neuropeptides capa receptor-like	3	0	1	0	1	1
LOC118263251	neprilysin-4	3	0	1	1	0	1
LOC118276134	polycystic kidney disease protein 1-like 3	3	0	1	1	0	1
LOC118263502	protein O-mannosyl-transferase TMTC1-like	3	0	1	1	0	1
LOC118269879	protein held out wings	3	0	1	0	1	1
LOC118275076	ceramide synthase 5	3	0	1	1	1	0
LOC118266980	slit homolog 1 protein	3	0	1	1	1	0
LOC118271881	ankycorbin	3	0	1	1	0	1
LOC118275285	zinc finger protein 541	3	0	1	0	1	1
LOC118271303	apoptosis-stimulating of p53 protein 1	3	0	1	0	1	1
LOC118263735	uncharacterized LOC118263735	3	0	1	0	1	1
LOC118276925	puff-specific protein Bx42	3	0	1	1	0	1
LOC118268842	serine/arginine repetitive matrix protein 1	3	0	1	1	1	0
LOC118272049	dual 3',5'-cyclic-AMP and -GMP phosphodiesterase 11	3	0	1	1	1	0
LOC118280249	scavenger receptor class B member 1	3	0	1	1	1	0
LOC118273335	uncharacterized LOC118273335	3	0	1	1	0	1
LOC118274328	adipokinetic hormone/corazonin-related peptide receptor variant I	3	0	1	0	1	1
LOC118281213	cyclin G	3	0	1	1	1	0
LOC118271176	paired box protein Pax-6	3	0	1	0	1	1
LOC118273643	protein Wnt-6	3	0	1	1	0	1
LOC118276712	heterogeneous nuclear ribonucleoprotein U-like protein 2	3	0	1	0	1	1
LOC118277826	uncharacterized LOC118277826	3	0	1	0	1	1
LOC118265513	histone acetyltransferase KAT7	3	0	1	1	1	0
LOC118269235	cationic amino acid transporter 2	3	0	1	1	1	0
LOC118275459	baculoviral IAP repeat-containing protein 6	3	0	1	0	1	1
LOC118271926	frizzled-10	3	0	1	1	1	0
LOC118274480	TBC1 domain family member whacked	3	0	1	1	1	0
LOC118275236	calcium/calmodulin-dependent protein kinase kinase 2	3	0	1	0	1	1
LOC118273820	protein pigeon	3	0	1	0	1	1
LOC118268507	chromatin complexes subunit BAP18	3	0	1	0	1	1
LOC118263689	carboxyl-terminal PDZ ligand of neuronal nitric oxide synthase protein	3	0	1	0	1	1
LOC118276751	hemicentin-2	3	0	1	0	1	1
LOC118267077	potassium voltage-gated channel subfamily H member 8	3	0	1	1	0	1
LOC118265725	basement membrane-specific heparan sulfate proteoglycan core protein	3	0	1	0	1	1
LOC118271954	bone morphogenetic protein receptor type-1B	3	0	1	1	0	1
LOC118265023	embryonic polarity protein dorsal	3	0	1	1	1	0
LOC118264253	trypsin delta-like	3	0	1	0	1	1
LOC118261935	alpha-1,3-mannosyl-glycoprotein 4-beta-N-acetylglucosaminyltransferase A	3	0	1	1	0	1
LOC118267725	connectin-like	3	0	1	0	1	1
LOC118274635	jmjC domain-containing histone demethylation protein 1	3	0	1	1	1	0
LOC118262486	uncharacterized LOC118262486	3	0	1	1	0	1
LOC118276222	organic cation transporter protein	3	0	1	0	1	1
LOC118268087	sorbin and SH3 domain-containing protein 1	3	0	1	1	1	0
LOC118265483	uncharacterized LOC118265483	3	0	1	0	1	1
LOC118269687	SPARC	3	0	1	1	0	1
LOC118265521	hemicentin-1	3	0	1	1	1	0
LOC118263701	paired mesoderm homeobox protein 2A	3	0	1	0	1	1
LOC118263138	uncharacterized LOC118263138	3	0	1	0	1	1
LOC118267767	visual system homeobox 2	3	0	1	0	1	1
LOC118263333	protein scalloped	3	0	1	1	1	0
LOC118270005	uncharacterized LOC118270005	3	0	1	1	0	1
LOC118276427	pre-mRNA-splicing factor Slu7	3	0	1	1	1	0
LOC118269769	calexcitin-2	3	0	1	0	1	1
LOC118264320	E3 ubiquitin-protein ligase MYCBP2	3	0	1	0	1	1
LOC118272267	rap1 GTPase-activating protein 1	3	0	1	0	1	1
LOC118263000	protein grindelwald	3	0	1	0	1	1
LOC118270404	cecropin	3	0	1	1	1	0
LOC118266793	uncharacterized LOC118266793	3	0	1	1	1	0
LOC118268429	poly(rC)-binding protein 3	3	0	1	0	1	1
LOC118269302	PAN2-PAN3 deadenylation complex catalytic subunit PAN2	3	0	1	1	1	0
LOC118269081	protein yellow	3	0	1	0	1	1
LOC118265789	uncharacterized LOC118265789	3	0	1	1	0	1
LOC118277108	uncharacterized LOC118277108	3	0	1	0	1	1
LOC118265787	uncharacterized LOC118265787	3	0	1	1	1	0
LOC118263463	tyrosine-protein phosphatase corkscrew	3	0	1	0	1	1
LOC118263261	uncharacterized LOC118263261	3	0	1	0	1	1
LOC118273069	uncharacterized LOC118273069	3	0	1	1	1	0
LOC126911406	uncharacterized LOC126911406	3	0	1	1	1	0
LOC118270289	lateral signaling target protein 2 homolog	3	0	1	0	1	1
LOC118275458	dynein regulatory complex subunit 7	3	0	1	0	1	1
LOC118271319	AF4/FMR2 family member 3	3	0	1	1	1	0
LOC118269698	chaoptin	3	0	1	0	1	1
LOC118264954	cadherin-related tumor suppressor	3	0	1	0	1	1
LOC118280591	transcription factor EB	3	0	1	1	0	1
LOC118271844	potassium voltage-gated channel protein Shaw	3	0	1	0	1	1
LOC118274148	myogenesis-regulating glycosidase	3	0	1	1	0	1
LOC118264327	uncharacterized LOC118264327	3	0	1	1	1	0
LOC118276056	caveolin-3-like	3	0	1	1	1	0
LOC118270919	protein kinase C and casein kinase substrate in neurons protein 1	3	0	1	1	1	0
LOC118273190	LIM domain transcription factor LMO4	3	0	1	1	0	1
LOC118272636	WW domain-binding protein 11	3	0	1	1	1	0
LOC118271171	neuronal acetylcholine receptor subunit alpha-7	3	0	1	1	0	1
LOC118264915	neural cell adhesion molecule 2	3	0	1	0	1	1
LOC118269575	protein sax-3	3	0	1	0	1	1
LOC118262043	elongation of very long chain fatty acids protein 7-like	3	0	1	1	0	1
LOC118262929	uncharacterized LOC118262929	3	0	1	0	1	1
LOC118279527	uncharacterized LOC118279527	3	0	1	1	1	0
LOC118262864	PDZ domain-containing protein 8	3	0	1	0	1	1
LOC118265564	angiopoietin-related protein 7	3	0	1	1	0	1
LOC118266706	transmembrane ascorbate-dependent reductase CYB561	3	0	1	0	1	1
LOC118266773	transmembrane protein 132E	3	0	0	1	1	1
LOC118263605	cyclin-A1	3	0	0	1	1	1
LOC118275647	tyrosine-protein kinase Dnt	3	0	0	1	1	1
LOC118280617	filamin-A	3	0	0	1	1	1
LOC118263604	ER degradation-enhancing alpha-mannosidase-like protein 2	3	0	0	1	1	1
LOC118266715	glycolipid transfer protein-like	3	0	0	1	1	1
LOC118272929	heparan sulfate 2-O-sulfotransferase pipe	3	0	0	1	1	1
LOC118267742	breast cancer metastasis-suppressor 1-like protein	3	0	0	1	1	1
LOC126912151	uncharacterized LOC126912151	3	0	0	1	1	1
LOC118282230	Krueppel-like factor luna	3	0	0	1	1	1
LOC118272459	protein trapped in endoderm-1	3	0	0	1	1	1
LOC118281961	hemicentin-1	3	0	0	1	1	1
LOC118263653	protein kinase C-binding protein NELL1	3	0	0	1	1	1
LOC118278332	kinesin-like protein KIF2A	3	0	0	1	1	1
LOC118277959	protein trachealess	3	0	0	1	1	1
LOC118274938	alpha-catulin	3	0	0	1	1	1
LOC118263485	ankyrin repeat and BTB/POZ domain-containing protein BTBD11	3	0	0	1	1	1
LOC126911937	uncharacterized LOC126911937	3	0	0	1	1	1
LOC118271346	uncharacterized LOC118271346	3	0	0	1	1	1
Trnak-cuu	transfer RNA lysine (anticodon CUU)	3	0	0	1	1	1
LOC118262382	ATP-binding cassette sub-family C member 4	3	0	0	1	1	1
LOC118266679	integrin beta-PS	2	1	0	0	0	1
LOC118279015	programmed cell death protein 4	2	1	1	0	0	0
LOC118277092	A disintegrin and metalloproteinase with thrombospondin motifs 16	2	1	0	0	1	0
LOC118282285	uncharacterized LOC118282285	2	1	0	0	1	0
LOC118275446	uncharacterized LOC118275446	2	1	0	0	1	0
LOC118270959	cyclin-dependent kinase inhibitor 1	2	1	0	0	0	1
LOC118275057	armadillo repeat-containing protein 2	2	1	0	0	1	0
LOC118264246	uncharacterized LOC118264246	2	1	0	0	1	0
LOC118281201	uncharacterized LOC118281201	2	1	1	0	0	0
LOC118280810	trypsin CFT-1	2	1	0	0	1	0
LOC118274004	acetylcholine receptor subunit alpha-like 1	2	1	0	1	0	0
LOC118263187	uncharacterized LOC118263187	2	1	1	0	0	0
LOC118269823	facilitated trehalose transporter Tret1-2 homolog	2	1	0	0	0	1
LOC118274050	dynein heavy chain, cytoplasmic	2	1	0	0	0	1
LOC118272386	uncharacterized LOC118272386	2	1	0	1	0	0
LOC118280057	uncharacterized LOC118280057	2	1	0	1	0	0
LOC118267117	dual specificity calcium/calmodulin-dependent 3',5'-cyclic nucleotide phosphodiesterase 1A	2	1	0	0	0	1
LOC118262487	uncharacterized LOC118262487	2	1	0	0	1	0
LOC118268289	LIM homeobox transcription factor 1-beta	2	1	0	0	0	1
LOC118264369	ecdysone oxidase-like	2	1	1	0	0	0
LOC118272793	epimerase family protein SDR39U1	2	1	1	0	0	0
LOC118267158	angiopoietin-related protein 2	2	1	0	0	1	0
LOC118276681	irregular chiasm C-roughest protein	2	1	0	0	1	0
LOC118282437	uncharacterized LOC118282437	2	1	0	0	1	0
LOC118262031	uncharacterized histidine-rich protein DDB_G0274557-like	2	1	1	0	0	0
LOC126912884	organic cation transporter protein-like	2	1	1	0	0	0
LOC118267386	mitogen-activated protein kinase kinase kinase 11	2	1	0	0	1	0
LOC118262496	nose resistant to fluoxetine protein 6	2	1	0	1	0	0
LOC118273958	protein ENL	2	1	0	1	0	0
LOC118275715	ankycorbin	2	1	0	0	1	0
LOC118270964	rho GTPase-activating protein 6	2	1	0	0	0	1
LOC118268972	phosphoserine phosphatase	2	1	0	1	0	0
LOC118276789	poly(A) polymerase gamma	2	1	0	0	1	0
LOC118271361	myotubularin-related protein 6	2	1	0	0	1	0
LOC126911978	uncharacterized LOC126911978	2	1	1	0	0	0
LOC118279920	T-complex protein 1 subunit epsilon	2	1	0	1	0	0
LOC118271129	REPTOR-binding partner	2	1	0	0	0	1
LOC118274812	uncharacterized LOC118274812	2	1	1	0	0	0
LOC126911211	uncharacterized LOC126911211	2	1	0	1	0	0
LOC126912206	uncharacterized LOC126912206	2	1	0	1	0	0
LOC118270892	protein king tubby	2	1	0	1	0	0
LOC118268596	probable muscarinic acetylcholine receptor gar-1	2	1	0	0	1	0
LOC118281098	uncharacterized LOC118281098	2	1	1	0	0	0
LOC118281273	uncharacterized LOC118281273	2	1	1	0	0	0
LOC118275880	ubiquitin carboxyl-terminal hydrolase puf	2	1	0	0	1	0
LOC118267385	fasciclin-2	2	1	1	0	0	0
LOC118280207	GTPase-activating protein CdGAPr	2	1	1	0	0	0
LOC118274573	luciferin 4-monooxygenase-like	2	1	0	1	0	0
LOC126911553	facilitated trehalose transporter Tret1-like	2	1	0	0	1	0
LOC118262184	probable glutamate--tRNA ligase, mitochondrial	2	1	1	0	0	0
LOC118268089	aminopeptidase N-like	2	1	0	0	0	1
LOC118274013	fork head domain-containing protein FD4	2	1	0	1	0	0
LOC126910966	uncharacterized LOC126910966	2	1	0	0	0	1
LOC118274220	cullin-associated NEDD8-dissociated protein 1	2	1	0	0	0	1
LOC126912025	uncharacterized LOC126912025	2	1	0	1	0	0
LOC118278254	dynein light chain Tctex-type 1	2	1	1	0	0	0
LOC118270312	cytochrome P450 4C1-like	2	1	1	0	0	0
LOC118277957	uncharacterized LOC118277957	2	1	1	0	0	0
LOC118280582	twitchin	2	1	1	0	0	0
LOC118275806	cholesterol transporter ABCA5-like	2	1	0	1	0	0
LOC118272365	protein N-terminal asparagine amidohydrolase	2	1	1	0	0	0
LOC118279492	uncharacterized LOC118279492	2	1	0	0	1	0
LOC118269230	dual oxidase maturation factor 1	2	1	1	0	0	0
LOC118266170	thrombospondin type-1 domain-containing protein 4	2	1	0	0	0	1
LOC118262544	transcription termination factor 5, mitochondrial	2	1	0	0	1	0
LOC118274642	protein orai-2-like	2	1	0	1	0	0
LOC126912661	juvenile hormone acid O-methyltransferase-like	2	1	0	1	0	0
LOC118277206	tubulin beta chain	2	1	0	0	1	0
LOC126912036	uncharacterized LOC126912036	2	1	0	0	0	1
LOC118275843	cyclin-dependent kinase-like 1	2	1	0	0	1	0
LOC118275536	phosphofurin acidic cluster sorting protein 1	2	1	0	0	1	0
LOC118268005	homeobox protein unc-42	2	1	0	0	1	0
LOC118280394	Krueppel-like factor 8	2	1	0	0	1	0
LOC118277549	exportin-2	2	1	1	0	0	0
LOC118267004	speract receptor	2	1	0	0	0	1
LOC118269799	neuropeptide SIFamide receptor	2	1	0	1	0	0
LOC118282124	kinesin-like protein costa	2	1	0	0	1	0
LOC118266021	leucine-rich repeat-containing protein 15	2	1	0	1	0	0
LOC118275514	uncharacterized LOC118275514	2	1	1	0	0	0
LOC118264957	facilitated trehalose transporter Tret1-like	2	1	0	1	0	0
LOC118273659	cysteine-rich venom protein DIS2	2	1	1	0	0	0
LOC118275916	L-threonine ammonia-lyase	2	1	0	0	0	1
LOC118266872	myelin transcription factor 1	2	1	1	0	0	0
LOC118280298	fatty acyl-CoA reductase wat-like	2	1	0	0	0	1
LOC118267656	F-actin-monooxygenase MICAL3	2	1	0	0	1	0
LOC118276066	uncharacterized LOC118276066	2	1	0	0	1	0
LOC118280599	muscle calcium channel subunit alpha-1	2	1	1	0	0	0
LOC118276807	mitogen-activated protein kinase kinase kinase kinase 5	2	1	0	1	0	0
LOC118275397	protein RRP5 homolog	2	1	0	0	1	0
LOC118266710	peroxidasin	2	1	0	0	0	1
LOC118264042	aconitate hydratase, mitochondrial	2	1	0	0	1	0
LOC126912499	uncharacterized LOC126912499	2	1	0	0	0	1
LOC118272430	frizzled-2	2	1	0	0	1	0
LOC118279622	vacuolar protein sorting-associated protein 53 homolog	2	1	1	0	0	0
LOC118278165	F-box/LRR-repeat protein 7	2	1	0	0	0	1
LOC118277526	phosphoenolpyruvate carboxykinase [GTP]	2	1	0	0	0	1
LOC118265606	transcriptional protein SWT1	2	1	0	0	1	0
LOC118270167	atrial natriuretic peptide-converting enzyme	2	1	0	1	0	0
LOC118269630	homeotic protein antennapedia	2	1	0	0	0	1
LOC118275329	cysteine synthase	2	1	1	0	0	0
LOC126911774	uncharacterized LOC126911774	2	1	0	0	0	1
LOC126912042	uncharacterized LOC126912042	2	1	0	0	0	1
LOC118279207	uncharacterized LOC118279207	2	1	1	0	0	0
LOC118266665	uncharacterized LOC118266665	2	1	0	0	0	1
LOC118262285	uncharacterized LOC118262285	2	1	0	0	1	0
LOC118264686	sodium-independent sulfate anion transporter-like	2	1	0	1	0	0
LOC118268220	atherin	2	1	1	0	0	0
LOC126911886	uncharacterized LOC126911886	2	1	1	0	0	0
LOC126913088	zinc finger protein 27-like	2	1	0	1	0	0
LOC118274648	glucose dehydrogenase [FAD, quinone]	2	1	0	0	1	0
LOC118269381	uncharacterized LOC118269381	2	1	0	0	0	1
LOC118274396	unconventional myosin-IXa	2	1	1	0	0	0
LOC118267240	peroxiredoxin-6	2	1	0	0	1	0
LOC118279242	myb protein	2	1	0	0	1	0
LOC118271157	N-alpha-acetyltransferase 15, NatA auxiliary subunit	2	1	0	1	0	0
LOC118281944	restin homolog	2	1	1	0	0	0
LOC118279619	paired amphipathic helix protein Sin3b	2	1	1	0	0	0
LOC118263266	synaptotagmin-5	2	1	0	0	1	0
LOC118270327	ileal sodium/bile acid cotransporter	2	1	0	0	1	0
LOC118275845	protein kinase C	2	1	0	0	1	0
LOC118277912	trypsin, alkaline B-like	2	1	0	1	0	0
LOC118266613	integrin alpha-PS2	2	1	0	0	0	1
LOC118282328	uncharacterized LOC118282328	2	1	1	0	0	0
LOC118264648	thrombospondin type-1 domain-containing protein 7A	2	1	0	0	1	0
LOC118267544	uncharacterized LOC118267544	2	1	0	0	1	0
LOC118262024	cuticle protein 7-like	2	1	0	1	0	0
LOC118280709	uncharacterized LOC118280709	2	1	0	0	1	0
LOC118262730	diacylglycerol kinase eta	2	1	1	0	0	0
LOC118264151	uncharacterized LOC118264151	2	1	1	0	0	0
LOC118271836	protein bunched, class 2/F/G isoform	2	1	0	1	0	0
LOC118281272	uncharacterized LOC118281272	2	1	1	0	0	0
LOC118265427	multidrug resistance-associated protein 1	2	1	0	1	0	0
LOC118265860	semaphorin-1A	2	1	0	0	1	0
LOC118264028	protein yellow	2	1	0	0	1	0
LOC118268877	calmodulin-A	2	1	0	0	1	0
LOC118269943	transmembrane protein 135	2	1	1	0	0	0
LOC118276284	prisilkin-39-like	2	1	0	0	0	1
LOC118273545	histone deacetylase 6	2	1	0	1	0	0
LOC118279632	uncharacterized LOC118279632	2	1	0	0	1	0
LOC118281726	transcription initiation factor TFIID subunit 1	2	1	1	0	0	0
LOC118264078	cytohesin-1	2	1	1	0	0	0
LOC118276262	transferrin	2	1	0	0	1	0
LOC118277790	transketolase-like protein 2	2	1	0	0	0	1
LOC118271253	head-specific guanylate cyclase	2	1	0	1	0	0
LOC118273723	piezo-type mechanosensitive ion channel component	2	1	0	0	0	1
LOC118268150	uncharacterized LOC118268150	2	1	1	0	0	0
LOC118261762	cuticle protein 18.6-like	2	1	1	0	0	0
LOC118267410	G-protein coupled receptor moody-like	2	1	1	0	0	0
LOC118263745	fat-like cadherin-related tumor suppressor homolog	2	1	0	0	0	1
LOC118280936	protein javelin	2	1	1	0	0	0
LOC118263727	proton-coupled amino acid transporter-like protein pathetic	2	1	0	0	1	0
LOC118262379	exonuclease 3'-5' domain-containing protein 2	2	1	1	0	0	0
LOC118273713	zinc finger protein Xfin	2	1	0	0	0	1
LOC118264925	(11Z)-hexadec-11-enoyl-CoA conjugase	2	1	0	0	1	0
LOC118262198	multiple C2 and transmembrane domain-containing protein	2	1	0	0	0	1
LOC118263098	ras-related protein Rab-9B	2	1	0	0	0	1
LOC118278269	atrial natriuretic peptide receptor 2	2	1	0	0	0	1
LOC118278079	uncharacterized LOC118278079	2	1	0	0	0	1
LOC118262439	actin nucleation-promoting factor WASL	2	1	1	0	0	0
LOC118273182	homeotic protein spalt-major	2	1	0	0	1	0
LOC118278232	E3 ubiquitin-protein ligase TRAIP	2	1	1	0	0	0
LOC118265266	KIF-binding protein-like	2	1	0	1	0	0
LOC118267205	23 kDa integral membrane protein	2	1	0	1	0	0
LOC118279358	insulin gene enhancer protein ISL-1	2	1	0	0	1	0
LOC118265588	1-phosphatidylinositol 4,5-bisphosphate phosphodiesterase classes I and II	2	1	0	0	0	1
LOC118269655	zinc transporter ZIP6-like	2	1	0	0	1	0
LOC118276673	ryanodine receptor	2	1	0	0	1	0
LOC118282200	elongation of very long chain fatty acids protein AAEL008004	2	1	0	1	0	0
LOC118280712	talin-1	2	1	0	0	1	0
LOC118274876	rhomboid-related protein 2	2	1	0	0	1	0
LOC118262772	uncharacterized LOC118262772	2	1	1	0	0	0
LOC126911294	cytochrome P450 9e2-like	2	1	0	0	1	0
LOC118278831	thioester-containing protein 1 allele R1	2	1	0	1	0	0
LOC118276590	pro-resilin	2	1	0	1	0	0
LOC118262990	transmembrane protein 43 homolog	2	1	0	0	1	0
LOC118268387	protein draper	2	1	1	0	0	0
LOC118268317	intermembrane lipid transfer protein VPS13B	2	1	0	0	0	1
LOC118279419	plectin	2	1	0	0	0	1
LOC118272015	glutathione S-transferase 2	2	1	0	0	0	1
LOC118262858	uncharacterized LOC118262858	2	1	1	0	0	0
LOC118268420	uncharacterized LOC118268420	2	1	1	0	0	0
LOC118269399	uncharacterized LOC118269399	2	1	0	0	1	0
LOC118272455	uncharacterized LOC118272455	2	1	1	0	0	0
LOC118276965	uncharacterized LOC118276965	2	1	1	0	0	0
LOC118268216	A disintegrin and metalloproteinase with thrombospondin motifs 3-like	2	1	1	0	0	0
LOC118265531	pro-resilin-like	2	1	0	0	0	1
LOC118278058	putative peptidyl-prolyl cis-trans isomerase dodo	2	1	0	1	0	0
LOC118278469	spectrin beta chain, non-erythrocytic 1	2	1	0	0	1	0
LOC118265647	major myo-inositol transporter IolT-like	2	1	1	0	0	0
LOC118264519	uncharacterized LOC118264519	2	1	1	0	0	0
LOC118269477	protein kinase C, brain isozyme	2	1	0	0	1	0
LOC118277784	tubulin monoglutamylase TTLL4	2	1	0	0	0	1
LOC118262376	ATP-binding cassette subfamily C member 4	2	1	0	0	1	0
LOC118281719	luciferin 4-monooxygenase	2	1	1	0	0	0
LOC118281133	uncharacterized LOC118281133	2	1	1	0	0	0
LOC118277936	trithorax group protein osa	2	1	0	0	0	1
LOC118270952	zinc finger CCCH domain-containing protein 11B	2	1	0	0	0	1
LOC126912270	uncharacterized LOC126912270	2	1	1	0	0	0
LOC126912515	SUN domain-containing protein 3-like	2	1	1	0	0	0
LOC118269437	alkaline phosphatase, tissue-nonspecific isozyme-like	2	1	1	0	0	0
LOC118275795	putative epidermal cell surface receptor	2	1	0	1	0	0
LOC118265229	ATP-binding cassette sub-family G member 4	2	1	0	0	0	1
LOC118266058	uncharacterized LOC118266058	2	1	0	0	1	0
LOC118265017	ATP-binding cassette sub-family G member 4	2	1	0	0	1	0
LOC118270366	cGMP-specific 3',5'-cyclic phosphodiesterase	2	1	0	0	0	1
LOC118276070	lysine-specific demethylase 3A	2	1	0	0	0	1
LOC118266365	uncharacterized LOC118266365	2	1	0	1	0	0
LOC118270245	shootin-1	2	1	0	0	0	1
LOC118276927	lysophosphatidylserine lipase ABHD12	2	1	0	1	0	0
LOC118263265	venom dipeptidyl peptidase 4	2	1	1	0	0	0
LOC118274564	double C2-like domain-containing protein beta	2	1	1	0	0	0
LOC118273629	patronin-like	2	1	0	1	0	0
LOC126912747	E3 ubiquitin-protein ligase listerin	2	1	0	0	1	0
LOC118274565	septin-1	2	1	1	0	0	0
LOC118274260	bumetanide-sensitive sodium-(potassium)-chloride cotransporter	2	1	1	0	0	0
LOC118278551	unextended protein	2	1	0	1	0	0
LOC118269332	F-box/LRR-repeat protein 4	2	1	0	1	0	0
LOC118276870	homeobox protein OTX1	2	1	0	1	0	0
LOC118269052	protein real-time	2	1	1	0	0	0
LOC126912538	uncharacterized LOC126912538	2	1	1	0	0	0
LOC118266035	uncharacterized LOC118266035	2	1	0	1	0	0
LOC118270538	uncharacterized LOC118270538	2	1	0	0	1	0
LOC118271617	rho-related GTP-binding protein RhoE	2	1	1	0	0	0
LOC118276676	E3 ubiquitin-protein ligase CBL	2	1	1	0	0	0
LOC118261778	protein vestigial	2	1	1	0	0	0
LOC118273519	long-chain fatty acid transport protein 4	2	1	0	0	0	1
LOC126911517	exosome RNA helicase MTR4	2	1	0	1	0	0
LOC118269980	uncharacterized LOC118269980	2	1	0	0	1	0
LOC118265750	ecdysone oxidase-like	2	1	0	0	1	0
LOC118272274	synaptotagmin-15-like	2	1	0	0	1	0
LOC126912288	uncharacterized LOC126912288	2	1	0	0	1	0
LOC118266400	putative phosphatidate phosphatase	2	1	0	0	1	0
LOC118273932	aldehyde dehydrogenase, mitochondrial	2	1	1	0	0	0
LOC118277560	digestive cysteine proteinase 2	2	1	0	0	1	0
LOC118272477	uncharacterized LOC118272477	2	1	1	0	0	0
LOC118269552	homeotic protein ultrabithorax	2	1	0	0	0	1
LOC118280253	uncharacterized LOC118280253	2	1	1	0	0	0
LOC118270120	collagen alpha chain CG42342	2	1	1	0	0	0
LOC118273822	protein unc-13 homolog B	2	1	1	0	0	0
LOC118280911	leishmanolysin-like peptidase	2	1	1	0	0	0
LOC118269309	uncharacterized LOC118269309	2	1	0	0	1	0
LOC118262608	NADH dehydrogenase [ubiquinone] 1 alpha subcomplex subunit 2	2	1	1	0	0	0
LOC118269180	dorsal-ventral patterning protein Sog	2	1	0	0	0	1
LOC126911952	uncharacterized LOC126911952	2	1	0	0	0	1
LOC118264156	facilitated trehalose transporter Tret1-like	2	1	0	0	1	0
LOC118273945	uncharacterized LOC118273945	2	1	1	0	0	0
LOC126911661	uncharacterized LOC126911661	2	1	0	0	0	1
LOC118275936	dolichyl-diphosphooligosaccharide--protein glycosyltransferase subunit STT3B	2	1	0	0	1	0
LOC118272564	proteoglycan 4	2	1	0	1	0	0
LOC126911719	uncharacterized LOC126911719	2	1	1	0	0	0
LOC118280579	dual specificity tyrosine-phosphorylation-regulated kinase 2	2	1	0	0	1	0
LOC118278554	poly [ADP-ribose] polymerase tankyrase	2	1	0	1	0	0
LOC118272845	E3 ubiquitin-protein ligase znrf2	2	1	0	0	1	0
LOC118269164	protein alan shepard	2	1	1	0	0	0
LOC118280549	putative fatty acyl-CoA reductase CG5065	2	1	1	0	0	0
LOC118274671	serine/threonine-protein phosphatase 4 catalytic subunit	2	1	0	0	1	0
LOC118279192	uncharacterized LOC118279192	2	1	0	1	0	0
LOC118265413	protein argonaute-2	2	1	1	0	0	0
LOC118275652	homeobox protein prospero	2	1	1	0	0	0
LOC118274615	uncharacterized protein CG3556	2	1	0	0	0	1
LOC118262555	sushi, von Willebrand factor type A, EGF and pentraxin domain-containing protein 1	2	1	0	0	0	1
LOC118273014	rab3 GTPase-activating protein catalytic subunit	2	1	0	0	1	0
LOC118269280	transforming growth factor beta-1-induced transcript 1 protein	2	1	1	0	0	0
LOC118272531	cuticlin-4	2	1	0	1	0	0
LOC118271092	alpha-N-acetylgalactosaminidase	2	1	1	0	0	0
LOC118279909	glutamate decarboxylase	2	1	0	0	1	0
LOC118273823	uncharacterized LOC118273823	2	1	1	0	0	0
LOC118267843	otoferlin	2	1	0	0	0	1
LOC118275029	sarcoplasmic calcium-binding protein	2	1	0	0	0	1
LOC118269725	suppressor of lurcher protein 1	2	1	0	0	0	1
LOC118272982	venom acid phosphatase Acph-1	2	1	0	0	0	1
LOC126911070	uncharacterized LOC126911070	2	1	1	0	0	0
LOC118272644	axotactin	2	1	1	0	0	0
LOC118273528	E3 ubiquitin-protein ligase mib1	2	1	0	0	1	0
LOC118272561	sodium-dependent neutral amino acid transporter B(0)AT3	2	1	0	0	1	0
LOC118272792	purine nucleoside phosphorylase	2	1	1	0	0	0
LOC118277870	fibroblast growth factor receptor homolog 1	2	1	0	0	1	0
LOC118267462	tubulin-specific chaperone cofactor E-like protein	2	1	1	0	0	0
LOC118278826	zinc finger protein 723	2	1	0	0	1	0
LOC118262488	DCN1-like protein 1	2	1	1	0	0	0
LOC118270299	thyrotropin-releasing hormone receptor	2	1	0	0	1	0
LOC118279032	synaptic vesicular amine transporter	2	1	1	0	0	0
LOC118263065	leucine-rich repeat-containing protein 40	2	1	0	0	1	0
LOC118282249	neuropeptide FF receptor 1	2	1	1	0	0	0
LOC118271728	chloride intracellular channel exc-4	2	1	0	0	0	1
LOC118280121	uncharacterized LOC118280121	2	1	0	0	1	0
LOC126911524	facilitated trehalose transporter Tret1-like	2	1	0	0	1	0
LOC118267865	uncharacterized LOC118267865	2	1	0	0	1	0
LOC118273033	insulin-like growth factor-binding protein complex acid labile subunit	2	1	0	0	1	0
LOC118280741	calsyntenin-1	2	1	1	0	0	0
LOC118266260	multidrug resistance protein homolog 49	2	1	0	0	0	1
LOC118280916	calcium uniporter protein, mitochondrial	2	1	1	0	0	0
LOC118266757	TOX high mobility group box family member 3-like	2	1	0	0	0	1
LOC118266691	sodium-coupled monocarboxylate transporter 1	2	1	0	0	0	1
LOC118270728	cytochrome P450 4c3-like	2	1	1	0	0	0
LOC118270059	tachykinin-like peptides receptor 86C	2	1	1	0	0	0
LOC118281012	adenosine 5'-monophosphoramidase HINT3	2	1	1	0	0	0
LOC118267855	cytochrome P450 6B1-like	2	1	0	0	1	0
Trnan-guu	transfer RNA asparagine (anticodon GUU)	2	1	0	0	0	1
LOC118269761	phosphopantothenate--cysteine ligase	2	1	0	0	0	1
LOC118264065	15-hydroxyprostaglandin dehydrogenase [NAD(+)]-like	2	1	0	0	1	0
LOC126910885	uncharacterized LOC126910885	2	1	0	0	0	1
LOC118276576	spherulin-2A-like	2	1	0	1	0	0
LOC118266966	G-protein coupled receptor dmsr-1	2	1	0	0	0	1
LOC118281747	uncharacterized LOC118281747	2	1	0	1	0	0
LOC118280474	folliculin-interacting protein 2	2	1	0	1	0	0
LOC118277212	derlin-1	2	1	0	0	0	1
LOC118270581	muscle M-line assembly protein unc-89	2	1	0	0	0	1
LOC126912043	uncharacterized LOC126912043	2	1	1	0	0	0
LOC118269043	E3 ubiquitin-protein ligase Ubr3	2	1	0	0	1	0
LOC118280092	multiple epidermal growth factor-like domains protein 6	2	1	0	1	0	0
LOC118265174	cell adhesion molecule Dscam2	2	1	1	0	0	0
LOC118270737	complexin	2	1	1	0	0	0
LOC118272778	regulator of MON1-CCZ1 complex	2	1	1	0	0	0
LOC118278178	katanin p60 ATPase-containing subunit A-like 1	2	1	0	0	0	1
LOC118261887	putative protein kinase C delta type homolog	2	1	0	1	0	0
LOC118272419	adenosine 3'-phospho 5'-phosphosulfate transporter 2	2	1	1	0	0	0
LOC118276369	liprin-alpha-1	2	1	0	0	0	1
LOC118274881	glucose dehydrogenase [FAD, quinone]	2	1	0	0	1	0
LOC118269783	WD repeat-containing protein 44	2	1	0	0	1	0
LOC118263184	transcription factor BCFI	2	1	0	1	0	0
LOC118280547	fatty acyl-CoA reductase wat-like	2	1	1	0	0	0
LOC118267177	2-oxoglutarate dehydrogenase complex component E1	2	1	0	1	0	0
LOC118263678	nose resistant to fluoxetine protein 6	2	1	1	0	0	0
LOC118263601	tumor necrosis factor receptor superfamily member wengen	2	1	0	0	1	0
LOC118274507	cellular tumor antigen p53-like	2	1	0	0	1	0
LOC118272639	dual specificity protein phosphatase 22	2	1	1	0	0	0
LOC118276293	cell adhesion molecule Dscam2	2	1	0	0	0	1
LOC118263490	sorting nexin-25	2	1	0	0	0	1
LOC126910964	uncharacterized LOC126910964	2	1	1	0	0	0
LOC118275184	odorant receptor 4-like	2	1	0	0	0	1
LOC118269058	6-phosphofructo-2-kinase/fructose-2,6-bisphosphatase	2	1	1	0	0	0
LOC118281233	translational regulator orb2	2	1	0	1	0	0
LOC118268807	glutathione hydrolase 1 proenzyme	2	1	0	0	0	1
LOC118281687	protein KIAA0100	2	1	1	0	0	0
LOC126912053	uncharacterized LOC126912053	2	1	1	0	0	0
LOC118270693	lactase/phlorizin hydrolase-like	2	1	1	0	0	0
LOC118264343	allatostatin-A receptor	2	1	1	0	0	0
LOC118269771	uncharacterized LOC118269771	2	1	0	0	1	0
LOC118267688	UDP-glucosyltransferase 2	2	1	0	1	0	0
LOC126911089	uncharacterized LOC126911089	2	1	0	0	1	0
LOC118273960	cytochrome P450 4C1	2	1	0	0	0	1
LOC118271857	MOXD1 homolog 1	2	1	0	0	0	1
LOC118281929	zinc finger protein 628	2	1	0	1	0	0
LOC118264564	sodium-independent sulfate anion transporter-like	2	1	0	0	1	0
LOC118262279	uncharacterized LOC118262279	2	1	0	0	1	0
LOC118275672	serine/threonine-protein kinase D1	2	1	0	0	0	1
LOC118262554	peroxiredoxin 1	2	1	0	0	1	0
LOC118263628	gem-associated protein 5	2	1	0	0	1	0
LOC118263891	gastrin/cholecystokinin type B receptor	2	1	1	0	0	0
LOC118273327	hydrocephalus-inducing protein-like	2	1	0	0	1	0
LOC118277606	eyes absent homolog 2	2	1	0	1	0	0
LOC118262110	collagen alpha-2(IV) chain	2	1	1	0	0	0
LOC118269304	adenylate cyclase type 6	2	1	0	1	0	0
LOC118274449	ras-related protein Rab-32	2	1	0	1	0	0
LOC118274592	PAX-interacting protein 1	2	1	0	1	0	0
LOC118278262	uncharacterized LOC118278262	2	1	0	0	1	0
LOC118275538	neutral and basic amino acid transport protein rBAT	2	1	0	0	1	0
LOC118269201	histone deacetylase 4	2	1	0	0	1	0
LOC118270494	G-protein coupled receptor 52	2	1	0	0	0	1
LOC118277016	probable ATP-dependent RNA helicase DHX35	2	1	0	0	1	0
LOC118270264	uncharacterized LOC118270264	2	1	0	0	1	0
LOC118262062	glutamine synthetase 2 cytoplasmic	2	1	0	1	0	0
LOC118263364	spondin-1	2	1	1	0	0	0
LOC118274650	glucose dehydrogenase [FAD, quinone]	2	1	1	0	0	0
LOC118272745	uridine-cytidine kinase-like 1	2	1	0	0	0	1
LOC126911861	uncharacterized LOC126911861	2	1	0	1	0	0
LOC126912101	G-protein coupled receptor Mth-like	2	1	1	0	0	0
LOC118263271	beta-alanine-activating enzyme	2	1	0	0	0	1
LOC118274111	acetylcholine receptor subunit alpha-like 2	2	1	0	0	1	0
LOC118281678	phospholipid-transporting ATPase VD	2	1	0	0	0	1
LOC118280272	fasciclin-3	2	1	0	1	0	0
LOC118266319	uncharacterized LOC118266319	2	1	1	0	0	0
LOC118268529	uncharacterized LOC118268529	2	1	1	0	0	0
LOC118274872	phosphatidylethanolamine-binding protein homolog F40A3.3-like	2	1	1	0	0	0
LOC118272398	low-density lipoprotein receptor-related protein 2	2	1	0	0	1	0
LOC118270408	uncharacterized LOC118270408	2	1	1	0	0	0
LOC118269393	multiple inositol polyphosphate phosphatase 1	2	1	0	0	1	0
LOC118272937	uncharacterized LOC118272937	2	1	0	1	0	0
LOC118273813	lachesin-like	2	1	0	1	0	0
LOC118266728	CAD protein	2	1	0	0	0	1
LOC118262748	protein ECT2	2	1	0	0	0	1
LOC118274566	cell cycle control protein 50A	2	1	1	0	0	0
LOC118277169	uncharacterized LOC118277169	2	1	1	0	0	0
LOC118264079	uncharacterized LOC118264079	2	1	0	0	1	0
LOC118262200	neuronal membrane glycoprotein M6-b	2	1	0	0	0	1
LOC118282013	serine proteinase stubble	2	1	1	0	0	0
LOC118265393	cytadherence high molecular weight protein 3	2	1	0	1	0	0
LOC118272980	dedicator of cytokinesis protein 9	2	1	0	0	0	1
LOC118273718	myosin-VIIa	2	1	0	0	0	1
LOC118266676	probable chitinase 10	2	1	0	0	0	1
LOC118280280	scavenger receptor class B member 1-like	2	1	0	1	0	0
LOC126912729	uncharacterized LOC126912729	2	1	1	0	0	0
LOC118281095	uncharacterized LOC118281095	2	1	0	1	0	0
LOC118274055	limbic system-associated membrane protein-like	2	1	0	1	0	0
LOC118268088	aminopeptidase N-like	2	1	0	0	0	1
LOC118271764	protein split ends-like	2	1	0	0	1	0
LOC118266912	peroxisomal acyl-coenzyme A oxidase 3	2	1	0	0	1	0
LOC118273814	monocarboxylate transporter 12-B	2	1	0	0	1	0
LOC118274869	uncharacterized LOC118274869	2	1	1	0	0	0
LOC118274753	alpha-tocopherol transfer protein-like	2	1	0	1	0	0
LOC118266511	G-protein coupled receptor dmsr-1	2	1	1	0	0	0
LOC118279006	uncharacterized LOC118279006	2	1	0	0	1	0
LOC118263061	zinc finger protein 16	2	1	1	0	0	0
LOC118273529	bcl-2-related ovarian killer protein homolog A-like	2	1	0	0	0	1
LOC118282019	nuclear receptor-binding protein homolog	2	1	1	0	0	0
LOC118262931	uncharacterized LOC118262931	2	1	0	0	0	1
LOC118268162	tolloid-like protein 1	2	1	1	0	0	0
LOC126911876	uncharacterized LOC126911876	2	1	1	0	0	0
LOC118271907	diencephalon/mesencephalon homeobox protein 1-B	2	1	1	0	0	0
LOC118280218	uncharacterized LOC118280218	2	1	0	1	0	0
LOC118263901	uncharacterized LOC118263901	2	1	0	0	0	1
LOC118274212	tumor necrosis factor alpha-induced protein 8-like protein	2	1	1	0	0	0
LOC118275262	metastasis-associated protein MTA3	2	1	0	0	0	1
LOC118274643	methyl-CpG-binding domain protein 4-like	2	1	0	1	0	0
LOC118267705	myb-like protein AA	2	1	0	1	0	0
LOC118266960	5-hydroxytryptamine receptor	2	1	0	0	0	1
LOC118267069	sodium-dependent dopamine transporter	2	1	1	0	0	0
LOC118271273	uncharacterized LOC118271273	2	1	0	0	0	1
LOC118270340	aminopeptidase N	2	1	0	0	0	1
LOC118268185	chymotrypsin-like elastase family member 2A	2	1	0	0	1	0
LOC118277207	uncharacterized peptidase C1-like protein F26E4.3	2	1	1	0	0	0
LOC118282147	solute carrier family 22 member 1	2	1	1	0	0	0
LOC118277931	uncharacterized LOC118277931	2	1	0	0	0	1
LOC118267395	uncharacterized protein CG43867	2	1	0	0	1	0
LOC118274249	hemicentin-2	2	1	1	0	0	0
LOC118268510	disks large homolog 2	2	1	0	0	1	0
LOC118277195	gamma-aminobutyric acid receptor subunit beta-like	2	1	0	1	0	0
LOC118271685	uncharacterized LOC118271685	2	1	1	0	0	0
LOC118262451	acetylcholinesterase	2	1	1	0	0	0
LOC118275902	presenilin-2	2	1	0	0	0	1
LOC118272576	uncharacterized LOC118272576	2	1	0	1	0	0
LOC118271277	protein kibra	2	1	0	0	0	1
LOC118277796	inverted formin-2	2	1	0	0	0	1
LOC118275879	N-acylneuraminate-9-phosphatase	2	1	1	0	0	0
LOC118280800	latrophilin Cirl	2	1	1	0	0	0
LOC118277763	atrial natriuretic peptide receptor 1	2	1	1	0	0	0
LOC118273391	probable nuclear hormone receptor HR38	2	1	0	1	0	0
LOC126911285	uncharacterized LOC126911285	2	1	0	0	1	0
LOC118273849	meiosis-specific with OB domain-containing protein	2	0	1	1	0	0
LOC118282333	cardioacceleratory peptide receptor-like	2	0	1	0	1	0
LOC118276457	alkaline phosphatase-like	2	0	1	0	1	0
LOC118280620	zinc finger protein 878	2	0	1	0	1	0
LOC118279742	protein daughterless	2	0	1	0	0	1
LOC118273106	diacylglycerol O-acyltransferase 1	2	0	1	0	0	1
LOC118277877	PAS domain-containing protein cky-1	2	0	1	0	1	0
LOC118274737	alpha-tocopherol transfer protein-like	2	0	1	0	1	0
LOC118266759	protein tiptop	2	0	1	0	1	0
LOC118272343	pre-mRNA-splicing factor ATP-dependent RNA helicase PRP16	2	0	1	0	1	0
LOC118266198	putative phosphatidate phosphatase	2	0	1	0	1	0
LOC118269175	tyrosine-protein phosphatase non-receptor type 4	2	0	1	0	0	1
Trnaq-cug	transfer RNA glutamine (anticodon CUG)	2	0	1	1	0	0
LOC118280486	uncharacterized LOC118280486	2	0	1	1	0	0
LOC118279635	dymeclin	2	0	1	1	0	0
LOC118265499	juvenile hormone esterase	2	0	1	0	1	0
LOC118265502	uncharacterized LOC118265502	2	0	1	0	1	0
LOC118262208	anoctamin-1	2	0	1	0	0	1
LOC118265295	kin of IRRE-like protein 3	2	0	1	0	0	1
LOC118274336	uncharacterized LOC118274336	2	0	1	0	0	1
LOC118268102	phosphatidylinositol 4-kinase beta	2	0	1	0	0	1
LOC118263338	LIM domain only protein 3-like	2	0	1	0	0	1
LOC118270847	venom allergen 3-like	2	0	1	0	1	0
LOC118273123	probable hydroxyacid-oxoacid transhydrogenase, mitochondrial	2	0	1	0	0	1
LOC118265916	membralin	2	0	1	0	1	0
LOC118263145	probable ubiquitin carboxyl-terminal hydrolase FAF-X	2	0	1	0	0	1
LOC118268570	proton-coupled amino acid transporter-like protein CG1139	2	0	1	0	1	0
LOC126911323	uncharacterized LOC126911323	2	0	1	0	0	1
LOC118274561	putative tricarboxylate transport protein, mitochondrial	2	0	1	0	1	0
LOC118277097	orexin/Hypocretin receptor type 1	2	0	1	0	1	0
LOC118274518	histone-lysine N-methyltransferase SETD1	2	0	1	1	0	0
LOC118269784	neuronal acetylcholine receptor subunit alpha-10	2	0	1	0	0	1
LOC118267159	U4/U6 small nuclear ribonucleoprotein Prp31	2	0	1	1	0	0
LOC118273947	furin-like protease 2	2	0	1	0	0	1
LOC118272169	uncharacterized LOC118272169	2	0	1	0	0	1
LOC118273583	reticulocalbin-2	2	0	1	0	1	0
LOC118274847	neo-calmodulin	2	0	1	1	0	0
LOC118267206	acyl-CoA-binding protein	2	0	1	1	0	0
LOC118271630	retinol dehydrogenase 10-B	2	0	1	0	0	1
LOC118269946	uncharacterized LOC118269946	2	0	1	0	1	0
LOC118271038	uncharacterized LOC118271038	2	0	1	0	1	0
LOC118266017	NADH dehydrogenase [ubiquinone] iron-sulfur protein 5	2	0	1	0	1	0
LOC118271582	RING-box protein 2	2	0	1	0	0	1
LOC118269252	uncharacterized LOC118269252	2	0	1	0	1	0
LOC118277102	uncharacterized LOC118277102	2	0	1	0	0	1
LOC118266819	uncharacterized LOC118266819	2	0	1	1	0	0
LOC118282278	peroxidase	2	0	1	0	0	1
LOC118266327	uncharacterized LOC118266327	2	0	1	1	0	0
LOC118276407	organic cation transporter protein	2	0	1	1	0	0
LOC118272586	phosphotriesterase-related protein	2	0	1	1	0	0
LOC118263247	uncharacterized LOC118263247	2	0	1	0	1	0
LOC118269540	leukocyte receptor cluster member 8 homolog	2	0	1	1	0	0
LOC118279757	uncharacterized LOC118279757	2	0	1	0	1	0
LOC118276873	pro-resilin-like	2	0	1	1	0	0
LOC118267833	uncharacterized LOC118267833	2	0	1	0	1	0
LOC118276547	uncharacterized LOC118276547	2	0	1	0	0	1
LOC118265363	serine/threonine-protein kinase polo	2	0	1	0	0	1
LOC118279740	nucleolar GTP-binding protein 1	2	0	1	0	0	1
LOC126911260	uncharacterized LOC126911260	2	0	1	0	1	0
LOC118265098	uncharacterized LOC118265098	2	0	1	0	1	0
LOC118270968	maternal embryonic leucine zipper kinase	2	0	1	0	1	0
LOC118279334	electron transfer flavoprotein beta subunit lysine methyltransferase-like	2	0	1	0	0	1
LOC118281849	carboxy-terminal domain RNA polymerase II polypeptide A small phosphatase 1	2	0	1	1	0	0
LOC118271079	WD repeat domain phosphoinositide-interacting protein 4	2	0	1	0	0	1
LOC118263602	liprin-beta-1	2	0	1	1	0	0
LOC118279336	uncharacterized LOC118279336	2	0	1	1	0	0
LOC118278196	uncharacterized LOC118278196	2	0	1	0	0	1
LOC118272113	uncharacterized LOC118272113	2	0	1	0	0	1
LOC126911048	uncharacterized LOC126911048	2	0	1	0	0	1
LOC118263739	uncharacterized LOC118263739	2	0	1	0	1	0
LOC118264924	pyrokinin-1 receptor-like	2	0	1	0	1	0
LOC118266829	uncharacterized LOC118266829	2	0	1	1	0	0
LOC118272347	breast cancer anti-estrogen resistance protein 1	2	0	1	1	0	0
LOC118273138	neural-cadherin	2	0	1	0	1	0
LOC118273300	uncharacterized LOC118273300	2	0	1	0	1	0
LOC118265357	pancreatic lipase-related protein 3	2	0	1	1	0	0
LOC118265953	uncharacterized LOC118265953	2	0	1	1	0	0
LOC118273445	uncharacterized LOC118273445	2	0	1	0	0	1
LOC118270223	protein phosphatase PP2A 55 kDa regulatory subunit	2	0	1	0	1	0
LOC118276640	serine/threonine-protein kinase Genghis Khan	2	0	1	1	0	0
LOC118267408	uncharacterized LOC118267408	2	0	1	0	1	0
LOC118269689	E3 ubiquitin-protein ligase RNF19A	2	0	1	0	0	1
LOC118262952	kynurenine formamidase	2	0	1	0	0	1
LOC118270284	biorientation of chromosomes in cell division protein 1-like 1	2	0	1	0	1	0
LOC118276867	neurotrimin	2	0	1	1	0	0
LOC118275096	uncharacterized LOC118275096	2	0	1	0	0	1
LOC118273428	nephrin	2	0	1	0	0	1
LOC118262473	innexin shaking-B	2	0	1	1	0	0
LOC118269677	peptidyl-prolyl cis-trans isomerase G	2	0	1	0	1	0
LOC118273734	ral guanine nucleotide dissociation stimulator	2	0	1	1	0	0
LOC118278865	galectin-5-like	2	0	1	0	1	0
LOC118272243	ralBP1-associated Eps domain-containing protein 1	2	0	1	0	1	0
LOC118270924	pre-mRNA cleavage complex 2 protein Pcf11	2	0	1	0	0	1
LOC118267003	receptor-type guanylate cyclase Gyc76C	2	0	1	0	0	1
LOC118279179	mucin-17	2	0	1	0	1	0
LOC118278992	transmembrane emp24 domain-containing protein 5	2	0	1	1	0	0
LOC118272244	frizzled-4	2	0	1	0	1	0
LOC118281187	uncharacterized LOC118281187	2	0	1	1	0	0
LOC118267287	mediator of RNA polymerase II transcription subunit 13	2	0	1	0	1	0
LOC118273878	mucin-3A	2	0	1	0	1	0
LOC118272021	uncharacterized LOC118272021	2	0	1	0	0	1
LOC118272463	calcium-transporting ATPase type 2C member 1	2	0	1	1	0	0
LOC118266086	uncharacterized LOC118266086	2	0	1	1	0	0
LOC118269931	peroxidase	2	0	1	0	1	0
LOC118263166	voltage-dependent calcium channel type A subunit alpha-1	2	0	1	0	1	0
LOC118275465	hemicentin-1	2	0	1	0	1	0
LOC118275404	homeobox protein homothorax	2	0	1	0	1	0
LOC118280247	homeobox protein PKNOX2	2	0	1	1	0	0
LOC118263023	adenylyl cyclase 78C	2	0	1	0	0	1
LOC118270155	small nucleolar RNA U3	2	0	1	1	0	0
LOC118275872	protein turtle	2	0	1	0	1	0
LOC118282062	netrin receptor UNC5C	2	0	1	0	1	0
LOC118266339	carbohydrate sulfotransferase 11	2	0	1	1	0	0
LOC126912177	MICAL-like protein 1	2	0	1	0	0	1
LOC118273236	nuclear factor of activated T-cells 5	2	0	1	0	1	0
LOC118280777	mucin-5AC	2	0	1	0	1	0
LOC118265907	ADAMTS-like protein 4	2	0	1	0	1	0
LOC118271127	stromal interaction molecule homolog	2	0	1	0	0	1
LOC118272373	cuticle protein 21-like	2	0	1	1	0	0
LOC118280468	ATP-binding cassette sub-family G member 8	2	0	1	0	0	1
LOC118269054	amyloid protein-binding protein 2	2	0	1	0	1	0
LOC118265741	E3 ubiquitin-protein ligase NEDD4	2	0	1	0	1	0
LOC126910717	uncharacterized LOC126910717	2	0	1	1	0	0
LOC118268878	troponin C-like	2	0	1	0	1	0
LOC118269053	uncharacterized LOC118269053	2	0	1	0	0	1
LOC118277789	zinc finger MYM-type protein 3	2	0	1	0	0	1
LOC118262414	ATP-binding cassette sub-family C member 4	2	0	1	0	0	1
LOC118270754	probable peroxisomal acyl-coenzyme A oxidase 1	2	0	1	1	0	0
LOC118273910	sodium channel protein para	2	0	1	0	0	1
LOC118278177	trafficking protein particle complex subunit 10	2	0	1	0	0	1
LOC118265544	uncharacterized LOC118265544	2	0	1	0	0	1
LOC126910825	protein 60A	2	0	1	1	0	0
LOC118267427	nuclear hormone receptor FTZ-F1	2	0	1	1	0	0
LOC118269670	lachesin	2	0	1	0	1	0
LOC118266932	uncharacterized LOC118266932	2	0	1	0	1	0
LOC118276296	uncharacterized LOC118276296	2	0	1	0	1	0
LOC118271476	atrial natriuretic peptide-converting enzyme	2	0	1	0	0	1
LOC118272389	TBC1 domain family member 12	2	0	1	0	1	0
LOC118264912	protein expanded	2	0	1	0	1	0
LOC118277380	G patch domain-containing protein 1 homolog	2	0	1	0	1	0
LOC118261973	uncharacterized LOC118261973	2	0	1	1	0	0
LOC118262723	uncharacterized LOC118262723	2	0	1	1	0	0
LOC118266783	rho GTPase-activating protein 23	2	0	1	0	1	0
LOC118280576	IQ motif and SEC7 domain-containing protein 1	2	0	1	0	0	1
LOC118270446	phosphoacetylglucosamine mutase	2	0	1	0	0	1
LOC126911585	uncharacterized LOC126911585	2	0	1	1	0	0
LOC118266321	atrial natriuretic peptide receptor 1	2	0	1	0	1	0
LOC126911718	uncharacterized LOC126911718	2	0	1	0	0	1
LOC118272338	F-box only protein 32	2	0	1	0	1	0
LOC118277641	uncharacterized LOC118277641	2	0	1	1	0	0
LOC118278958	uncharacterized LOC118278958	2	0	1	1	0	0
LOC118280215	synaptotagmin-7	2	0	1	0	1	0
LOC118273122	large neutral amino acids transporter small subunit 2	2	0	1	0	1	0
LOC118273661	inactive dipeptidyl peptidase 10	2	0	1	0	0	1
LOC118277553	uncharacterized LOC118277553	2	0	1	1	0	0
LOC118272684	BAI1-associated protein 3	2	0	1	1	0	0
LOC118270770	uncharacterized LOC118270770	2	0	1	0	1	0
LOC118275453	atlastin	2	0	1	0	0	1
LOC118280610	zinc finger protein GLI4	2	0	1	0	1	0
LOC118271828	uncharacterized LOC118271828	2	0	1	0	0	1
LOC118271687	long-chain-fatty-acid--CoA ligase 5	2	0	1	0	0	1
LOC118281702	uncharacterized LOC118281702	2	0	1	0	1	0
LOC118270929	probable asparagine--tRNA ligase, mitochondrial	2	0	1	0	0	1
LOC118267631	disheveled-associated activator of morphogenesis 1	2	0	1	0	1	0
LOC118280907	cylicin-1	2	0	1	1	0	0
LOC118269321	matrix metalloproteinase-2	2	0	1	0	0	1
LOC118275456	lysM and putative peptidoglycan-binding domain-containing protein 2	2	0	1	0	1	0
LOC118269554	cadherin-99C	2	0	1	0	0	1
LOC118282152	organic cation transporter protein	2	0	1	0	0	1
LOC118279074	phosphatidylinositol glycan anchor biosynthesis class U protein	2	0	1	1	0	0
LOC118271083	neuropeptides capa receptor-like	2	0	1	0	0	1
LOC118277788	titin	2	0	1	0	0	1
LOC118279220	uncharacterized LOC118279220	2	0	1	1	0	0
LOC118270242	mushroom body large-type Kenyon cell-specific protein 1	2	0	1	0	0	1
LOC118263786	protein O-mannosyl-transferase Tmtc3	2	0	1	0	0	1
LOC118267380	pecanex-like protein 1	2	0	1	0	0	1
LOC118264982	uncharacterized LOC118264982	2	0	1	0	0	1
LOC118269934	peroxidase	2	0	1	0	1	0
LOC118273517	uncharacterized protein C05D11.1-like	2	0	1	0	1	0
LOC118269958	pro-resilin	2	0	1	0	0	1
LOC118273845	dynein axonemal intermediate chain 2	2	0	1	1	0	0
LOC118277352	uncharacterized LOC118277352	2	0	1	0	0	1
LOC118264395	uncharacterized LOC118264395	2	0	1	0	0	1
LOC118271719	uncharacterized LOC118271719	2	0	1	0	0	1
LOC118278034	serine/arginine repetitive matrix protein 1	2	0	1	0	1	0
Trnam-cau	transfer RNA methionine (anticodon CAU)	2	0	1	0	0	1
LOC118277625	uncharacterized LOC118277625	2	0	1	0	0	1
LOC118274482	coiled-coil domain-containing protein 63	2	0	1	0	0	1
LOC118270003	homeotic protein proboscipedia	2	0	1	0	1	0
LOC118275719	uncharacterized LOC118275719	2	0	1	0	0	1
LOC118272708	phenoloxidase-activating factor 2	2	0	1	1	0	0
LOC118279791	uncharacterized LOC118279791	2	0	1	1	0	0
LOC118262889	neuroligin-4, Y-linked	2	0	1	0	1	0
LOC118265141	uncharacterized LOC118265141	2	0	1	0	0	1
LOC118267464	amyloid-beta-like protein	2	0	1	0	1	0
LOC118270696	neuropeptide F receptor	2	0	1	0	1	0
LOC118268177	FK506-binding protein 5	2	0	1	0	0	1
LOC118264549	uncharacterized LOC118264549	2	0	1	0	1	0
LOC118268218	uncharacterized LOC118268218	2	0	1	1	0	0
LOC118269543	IQ and ubiquitin-like domain-containing protein	2	0	1	0	1	0
LOC118271380	paired box protein Pax-6	2	0	1	0	0	1
LOC118280278	juvenile hormone esterase	2	0	1	0	1	0
LOC118265872	mucin-19	2	0	1	0	0	1
LOC118274492	phosphatidylinositol 4-kinase alpha	2	0	1	0	1	0
LOC118277792	general transcription factor IIH subunit 1	2	0	1	0	0	1
LOC118280961	ran GTPase-activating protein 1-like	2	0	1	1	0	0
LOC118277385	uncharacterized LOC118277385	2	0	1	0	0	1
LOC118277735	uncharacterized LOC118277735	2	0	1	1	0	0
LOC118268147	uncharacterized LOC118268147	2	0	1	0	1	0
LOC118274871	protein D2-like	2	0	1	0	1	0
LOC118280651	microtubule-associated serine/threonine-protein kinase 3	2	0	1	1	0	0
LOC118275521	neuroendocrine convertase 2	2	0	1	0	0	1
LOC118275938	dynein beta chain, ciliary-like	2	0	1	0	1	0
LOC118269401	phosphatidylinositol-glycan biosynthesis class X protein	2	0	1	0	1	0
LOC118273142	neuroligin-4, X-linked	2	0	1	0	1	0
LOC118263950	meiosis regulator and mRNA stability factor 1	2	0	1	0	1	0
LOC118265786	deoxyribonuclease TATDN1	2	0	1	1	0	0
LOC118264509	uncharacterized LOC118264509	2	0	1	0	0	1
LOC118274759	uncharacterized LOC118274759	2	0	1	1	0	0
LOC118277989	uncharacterized LOC118277989	2	0	1	0	1	0
LOC118263246	phosphatidylinositol 4-phosphate 3-kinase C2 domain-containing subunit alpha	2	0	1	0	0	1
LOC118262738	maternal protein pumilio	2	0	1	0	0	1
LOC126912118	uncharacterized LOC126912118	2	0	1	1	0	0
LOC118275281	probable Rho GTPase-activating protein CG5521	2	0	1	0	1	0
LOC118276598	uncharacterized MFS-type transporter C09D4.1	2	0	1	1	0	0
LOC118276802	uncharacterized LOC118276802	2	0	1	1	0	0
LOC118270813	uncharacterized LOC118270813	2	0	1	0	0	1
LOC118270204	glycerol-3-phosphate acyltransferase 1, mitochondrial	2	0	1	0	1	0
LOC118269350	uncharacterized LOC118269350	2	0	1	0	1	0
LOC118263510	transient receptor potential-gamma protein	2	0	1	0	0	1
LOC118265307	phospholipid-transporting ATPase IF	2	0	1	1	0	0
LOC118274897	small G protein signaling modulator 2	2	0	1	0	1	0
LOC118272403	cyclin-dependent kinase 14	2	0	1	0	1	0
LOC118274833	poxin	2	0	1	1	0	0
LOC118271914	atypical protein kinase C	2	0	1	0	0	1
LOC118273356	trissin receptor	2	0	1	0	1	0
LOC118263850	uncharacterized LOC118263850	2	0	1	0	1	0
LOC118275222	TLC domain-containing protein 3A	2	0	1	0	0	1
LOC118274692	LIM domain kinase 1	2	0	1	0	0	1
LOC118266042	iroquois-class homeodomain protein IRX-5	2	0	1	0	1	0
LOC118269564	uncharacterized LOC118269564	2	0	1	0	1	0
LOC118275512	3'-5' ssDNA/RNA exonuclease TatD	2	0	1	0	0	1
LOC118280618	elongation of very long chain fatty acids protein 6	2	0	1	0	1	0
LOC118265120	ATP-binding cassette sub-family G member 1	2	0	1	0	0	1
LOC118273115	GTPase-activating protein skywalker	2	0	1	1	0	0
LOC118282251	uncharacterized LOC118282251	2	0	1	0	1	0
LOC118274399	protein groucho	2	0	1	0	1	0
Trnas-gcu	transfer RNA serine (anticodon GCU)	2	0	1	0	0	1
LOC118273896	uncharacterized LOC118273896	2	0	1	0	0	1
LOC118278675	uncharacterized LOC118278675	2	0	1	0	0	1
LOC118264010	uncharacterized LOC118264010	2	0	1	0	0	1
LOC118276086	uncharacterized LOC118276086	2	0	1	0	1	0
LOC118278179	mothers against decapentaplegic homolog 4	2	0	1	0	0	1
LOC118272311	transmembrane protein 184B	2	0	1	0	1	0
LOC118272407	zinc transporter ZIP11	2	0	1	1	0	0
LOC118266803	inositol-trisphosphate 3-kinase homolog	2	0	1	0	0	1
LOC126912808	uncharacterized LOC126912808	2	0	1	1	0	0
LOC118269418	glutathione S-transferase theta-1	2	0	1	0	0	1
LOC126912362	jerky protein homolog-like	2	0	1	0	1	0
LOC118270931	Krueppel homolog 2	2	0	1	0	0	1
LOC118262971	uncharacterized LOC118262971	2	0	1	1	0	0
LOC118274752	potassium channel subfamily K member 18-like	2	0	1	1	0	0
LOC118265223	muscle-specific protein 20	2	0	1	1	0	0
LOC118272309	PAS domain-containing serine/threonine-protein kinase	2	0	1	0	0	1
LOC118274890	protein D2	2	0	1	0	1	0
LOC118267301	tectonin beta-propeller repeat-containing protein	2	0	1	0	1	0
LOC118272667	UNC93-like protein	2	0	1	0	1	0
LOC118278816	neurofilament heavy polypeptide-like	2	0	1	0	0	1
LOC118278255	microtubule-associated protein Jupiter	2	0	1	0	1	0
LOC118278041	uncharacterized LOC118278041	2	0	1	1	0	0
LOC118264103	muscle M-line assembly protein unc-89	2	0	1	0	1	0
LOC118266067	dynein axonemal heavy chain 10	2	0	1	0	1	0
LOC118281969	centrosomal protein of 97 kDa	2	0	1	0	0	1
LOC118269944	lachesin-like	2	0	1	1	0	0
LOC118269598	CSC1-like protein 2	2	0	1	0	0	1
LOC118277825	rho guanine nucleotide exchange factor 17	2	0	1	0	1	0
LOC126912901	uncharacterized LOC126912901	2	0	1	0	1	0
LOC118280795	facilitated trehalose transporter Tret1	2	0	1	0	1	0
LOC118261908	general odorant-binding protein 70	2	0	1	0	1	0
LOC118267440	uncharacterized LOC118267440	2	0	1	1	0	0
LOC118262320	neurogenic locus Notch protein	2	0	1	1	0	0
LOC118267538	neuroglobin	2	0	1	0	1	0
LOC118267421	anaphase-promoting complex subunit 1	2	0	1	0	0	1
LOC118265206	ATP synthase subunit delta, mitochondrial	2	0	1	0	1	0
LOC118269811	RING finger and transmembrane domain-containing protein 2	2	0	1	0	1	0
LOC118280284	scavenger receptor class B member 1	2	0	1	0	1	0
LOC118267609	arylalkylamine N-acetyltransferase 1	2	0	1	0	1	0
LOC118262199	multiple C2 and transmembrane domain-containing protein	2	0	1	0	0	1
LOC118278752	uncharacterized LOC118278752	2	0	1	0	1	0
LOC118276613	neutral alpha-glucosidase AB	2	0	1	0	0	1
LOC118269849	uncharacterized LOC118269849	2	0	1	0	0	1
LOC118279825	uncharacterized LOC118279825	2	0	1	1	0	0
LOC118273524	dual specificity tyrosine-phosphorylation-regulated kinase 2	2	0	1	0	0	1
LOC118267831	protein sprint	2	0	1	0	1	0
LOC118282267	kalirin	2	0	1	0	0	1
LOC118279290	zwei Ig domain protein zig-8	2	0	1	0	0	1
LOC126910700	uncharacterized LOC126910700	2	0	1	0	1	0
LOC118266656	NADPH--cytochrome P450 reductase	2	0	1	0	0	1
LOC118266705	patched domain-containing protein 3	2	0	1	1	0	0
LOC118275842	uncharacterized LOC118275842	2	0	1	0	0	1
LOC118266222	uncharacterized LOC118266222	2	0	1	0	0	1
LOC118276355	uncharacterized LOC118276355	2	0	0	1	0	1
LOC118274771	uncharacterized LOC118274771	2	0	0	1	1	0
LOC118267848	parapinopsin-like	2	0	0	1	1	0
LOC118271573	uncharacterized LOC118271573	2	0	0	1	0	1
LOC118266622	probable cytosolic Fe-S cluster assembly factor GL21135	2	0	0	1	0	1
LOC118270244	protein Skeletor, isoforms B/C	2	0	0	1	1	0
LOC126910827	uncharacterized LOC126910827	2	0	0	1	0	1
LOC118267768	uncharacterized LOC118267768	2	0	0	1	1	0
LOC118268363	uncharacterized LOC118268363	2	0	0	1	1	0
LOC118280470	zinc finger protein swm	2	0	0	1	0	1
LOC118267735	uncharacterized LOC118267735	2	0	0	1	1	0
LOC118281563	calcium-activated potassium channel slowpoke	2	0	0	1	1	0
LOC118268160	acetylcholinesterase-like	2	0	0	1	0	1
LOC118269089	transducin beta-like protein 2	2	0	0	1	1	0
LOC126912873	uncharacterized LOC126912873	2	0	0	1	0	1
LOC118280725	fibulin-2	2	0	0	1	1	0
LOC126911262	flap endonuclease GEN	2	0	0	1	0	1
LOC118266618	CD63 antigen	2	0	0	1	0	1
LOC118266593	ephexin-1	2	0	0	1	1	0
LOC118280517	uncharacterized LOC118280517	2	0	0	1	0	1
LOC118280114	pyruvate dehydrogenase (acetyl-transferring) kinase, mitochondrial	2	0	0	1	1	0
LOC118272723	maternal protein tudor	2	0	0	1	1	0
LOC118273093	leucine-rich repeat and calponin homology domain-containing protein	2	0	0	1	1	0
LOC118271278	transient-receptor-potential-like protein	2	0	0	1	1	0
LOC118265812	excitatory amino acid transporter 3	2	0	0	1	0	1
LOC126911520	aspartyl/asparaginyl beta-hydroxylase	2	0	0	1	0	1
LOC118276721	lysosomal Pro-X carboxypeptidase	2	0	0	1	1	0
LOC118272091	histone acetyltransferase KAT6B	2	0	0	1	0	1
LOC118265676	sporozoite surface protein 2	2	0	0	1	1	0
LOC118272783	protein embryonic gonad	2	0	0	1	1	0
LOC118262048	activated Cdc42 kinase-like	2	0	0	1	0	1
LOC118268217	proton-associated sugar transporter A	2	0	0	1	1	0
LOC118273074	myosin-VIIa	2	0	0	1	0	1
LOC118278731	lachesin	2	0	0	1	0	1
LOC118276463	exostosin-2-like	2	0	0	1	1	0
LOC118279168	probable salivary secreted peptide	2	0	0	1	1	0
LOC118271896	runt-related transcription factor 3	2	0	0	1	0	1
LOC118267551	uncharacterized LOC118267551	2	0	0	1	1	0
LOC118277623	peroxisomal membrane protein PEX16-like	2	0	0	1	0	1
LOC118272928	glycogen-binding subunit 76A	2	0	0	1	1	0
LOC126910965	uncharacterized LOC126910965	2	0	0	1	0	1
LOC118272474	arf-GAP with dual PH domain-containing protein 1	2	0	0	1	1	0
LOC118267452	apoptosis-stimulating of p53 protein 1	2	0	0	1	1	0
LOC118269305	cationic amino acid transporter 2	2	0	0	1	1	0
LOC118282146	tetratricopeptide repeat protein 7B	2	0	0	1	1	0
LOC118267246	BMP-binding endothelial regulator protein	2	0	0	1	1	0
Trnae-cuc	transfer RNA glutamic acid (anticodon CUC)	2	0	0	1	1	0
Trnaq-uug	transfer RNA glutamine (anticodon UUG)	2	0	0	1	1	0
LOC118271007	mutS protein homolog 5-like	2	0	0	1	1	0
LOC118263773	uncharacterized LOC118263773	2	0	0	1	0	1
LOC118267248	uncharacterized LOC118267248	2	0	0	1	1	0
LOC118263934	uncharacterized LOC118263934	2	0	0	1	1	0
LOC118278224	myosuppressin	2	0	0	1	0	1
LOC118274146	sorting nexin-27	2	0	0	1	0	1
LOC118268461	zinc finger and SCAN domain-containing protein 10-like	2	0	0	1	0	1
LOC118280488	43 kDa receptor-associated protein of the synapse homolog	2	0	0	1	1	0
LOC118262827	neuroligin-4, X-linked	2	0	0	1	1	0
LOC118278723	sodium-dependent noradrenaline transporter-like	2	0	0	1	0	1
LOC118262794	RUS family member 1	2	0	0	1	1	0
LOC118265443	uncharacterized LOC118265443	2	0	0	1	0	1
LOC118265888	guanine nucleotide-binding protein subunit beta-5	2	0	0	1	0	1
LOC118280276	uncharacterized protein DDB_G0283357	2	0	0	1	1	0
LOC118279899	polyhomeotic-like protein 3	2	0	0	1	0	1
LOC118276178	protein inturned	2	0	0	1	0	1
LOC118263421	uncharacterized LOC118263421	2	0	0	1	1	0
LOC118270379	dopamine receptor 1	2	0	0	1	1	0
LOC118279186	phytanoyl-CoA dioxygenase, peroxisomal-like	2	0	0	1	1	0
LOC118270794	probable peroxisomal acyl-coenzyme A oxidase 1	2	0	0	1	0	1
LOC118270597	cytochrome P450 4C1-like	2	0	0	1	1	0
LOC118276856	protein patched	2	0	0	1	1	0
LOC118277302	focal adhesion kinase 1	2	0	0	1	0	1
LOC118277248	zinc finger protein OZF	2	0	0	1	1	0
LOC118271314	U8-agatoxin-Ao1a	2	0	0	1	0	1
LOC118276358	kinesin-like protein KIF20B	2	0	0	1	1	0
LOC118273733	uncharacterized LOC118273733	2	0	0	1	1	0
LOC118278230	uncharacterized LOC118278230	2	0	0	1	0	1
LOC118279172	survival of motor neuron-related-splicing factor 30	2	0	0	1	0	1
LOC118267425	1-phosphatidylinositol 4,5-bisphosphate phosphodiesterase	2	0	0	1	1	0
LOC118274678	sex-lethal homolog	2	0	0	1	0	1
LOC118262457	1-acyl-sn-glycerol-3-phosphate acyltransferase beta	2	0	0	1	0	1
LOC118276468	max dimerization protein 4	2	0	0	1	0	1
LOC118276786	m7GpppX diphosphatase	2	0	0	1	1	0
LOC118272579	protein lifeguard 1	2	0	0	1	1	0
LOC118276597	pleckstrin homology-like domain family B member 2	2	0	0	1	1	0
LOC118279819	zinc transporter foi	2	0	0	1	0	1
LOC118274884	toll-like receptor 6	2	0	0	1	0	1
LOC118269462	putative polypeptide N-acetylgalactosaminyltransferase 9	2	0	0	1	1	0
LOC118273726	ras-related protein Rab6	2	0	0	1	1	0
LOC118274183	lachesin	2	0	0	1	1	0
LOC118271923	SET domain-containing protein SmydA-8	2	0	0	1	1	0
LOC118280548	uncharacterized LOC118280548	2	0	0	1	0	1
LOC118262530	transcription factor GATA-6	2	0	0	1	0	1
LOC118267623	inhibitor of nuclear factor kappa-B kinase subunit beta	2	0	0	1	1	0
LOC118267698	calcitonin gene-related peptide type 1 receptor	2	0	0	1	1	0
LOC118273008	arfGAP with SH3 domain, ANK repeat and PH domain-containing protein	2	0	0	1	0	1
LOC118274541	cysteine-rich protein 2-binding protein	2	0	0	1	1	0
LOC118277259	oocyte zinc finger protein XlCOF6.1	2	0	0	1	1	0
LOC118280562	protein pangolin, isoforms A/H/I/S	2	0	0	1	1	0
LOC118281847	serine/threonine-protein kinase NLK2	2	0	0	1	1	0
LOC118267664	uncharacterized LOC118267664	2	0	0	1	1	0
LOC118265497	endoplasmic reticulum lectin 1	2	0	0	1	1	0
LOC118280728	uncharacterized LOC118280728	2	0	0	1	1	0
LOC118282293	polypyrimidine tract-binding protein 1	2	0	0	1	1	0
LOC118275568	neuroglian	2	0	0	1	0	1
LOC118273029	gamma-aminobutyric acid receptor subunit beta	2	0	0	1	0	1
LOC118271711	rho GTPase-activating protein conundrum	2	0	0	1	1	0
LOC118271371	allatostatin-A	2	0	0	1	1	0
LOC118278966	serine/threonine-protein kinase greatwall	2	0	0	1	0	1
LOC126910644	F-box/LRR-repeat protein 16	2	0	0	1	1	0
LOC126912822	uncharacterized LOC126912822	2	0	0	1	0	1
LOC118273824	replication termination factor 2	2	0	0	1	1	0
LOC118263936	malate dehydrogenase-like	2	0	0	1	1	0
LOC126910773	UDP-glucosyltransferase 2-like	2	0	0	1	1	0
LOC118279167	uncharacterized LOC118279167	2	0	0	1	1	0
LOC118277659	uncharacterized LOC118277659	2	0	0	1	0	1
LOC118279815	probable nuclear hormone receptor HR3	2	0	0	1	1	0
LOC118272426	N-acetylneuraminate 9-O-acetyltransferase	2	0	0	1	1	0
LOC118274464	trigger factor-like	2	0	0	1	1	0
LOC118272404	protein phosphatase 1 regulatory subunit 16A	2	0	0	1	1	0
LOC118281958	E3 ubiquitin-protein ligase SH3RF3	2	0	0	1	0	1
LOC118264716	caskin-2	2	0	0	1	1	0
LOC118281679	elongation of very long chain fatty acids protein	2	0	0	1	1	0
LOC118276321	uncharacterized LOC118276321	2	0	0	1	1	0
LOC118273088	uncharacterized LOC118273088	2	0	0	1	1	0
LOC118272623	CYFIP-related Rac1 interactor A	2	0	0	1	1	0
LOC118262950	beta-1,4-glucuronyltransferase 1	2	0	0	1	0	1
LOC118279966	homeobox protein invected	2	0	0	1	1	0
LOC118263507	malate dehydrogenase, mitochondrial-like	2	0	0	1	1	0
LOC118262757	histone-lysine N-methyltransferase EHMT1	2	0	0	1	1	0
LOC118272362	ADP-ribosylation factor-like protein 4C	2	0	0	1	1	0
LOC118280431	lachesin	2	0	0	1	0	1
LOC118276904	probable ATP-dependent RNA helicase Dbp73D	2	0	0	1	0	1
LOC118277060	trypsin-5	2	0	0	1	1	0
LOC118269550	progestin and adipoQ receptor family member 4	2	0	0	1	1	0
LOC118262353	SCY1-like protein 2	2	0	0	1	0	1
LOC118276158	potassium channel subfamily K member 1	2	0	0	1	1	0
LOC118266625	apolipoprotein D	2	0	0	1	0	1
LOC118273841	integral membrane protein GPR155	2	0	0	1	0	1
LOC118262926	neuroligin-4, Y-linked	2	0	0	1	0	1
LOC118276629	calpain-B	2	0	0	1	0	1
LOC118273743	SET domain-containing protein SmydA-8	2	0	0	1	0	1
LOC118275767	dihydroxyacetone phosphate acyltransferase	2	0	0	1	1	0
LOC126911435	uncharacterized LOC126911435	2	0	0	1	1	0
LOC118282231	uncharacterized protein ZK1073.1	2	0	0	1	0	1
LOC118265329	dachshund homolog 2	2	0	0	1	0	1
LOC118267747	inositol-tetrakisphosphate 1-kinase-like	2	0	0	1	1	0
LOC118271812	protein windpipe	2	0	0	1	0	1
LOC126912124	uncharacterized LOC126912124	2	0	0	1	0	1
LOC118272660	myosin-IIIb	2	0	0	1	1	0
LOC118263415	uncharacterized LOC118263415	2	0	0	1	1	0
LOC118267639	probable tubulin polyglutamylase ttll-15	2	0	0	1	0	1
LOC126911483	uncharacterized LOC126911483	2	0	0	1	1	0
LOC118269749	phenylalanine--tRNA ligase beta subunit	2	0	0	1	0	1
LOC118265626	probable medium-chain specific acyl-CoA dehydrogenase, mitochondrial	2	0	0	1	0	1
LOC126912684	uncharacterized LOC126912684	2	0	0	1	0	1
LOC118266408	pyruvate dehydrogenase phosphatase regulatory subunit, mitochondrial	2	0	0	1	0	1
LOC118279275	uncharacterized LOC118279275	2	0	0	1	0	1
LOC118273646	neurogenic protein big brain	2	0	0	1	1	0
LOC118266121	focadhesin	2	0	0	1	0	1
LOC118263583	uncharacterized LOC118263583	2	0	0	1	1	0
LOC118281590	probable serine/threonine-protein kinase DDB_G0267686	2	0	0	1	1	0
LOC118270376	homeobox protein BarH-like 1b	2	0	0	0	1	1
LOC118270889	facilitated trehalose transporter Tret1-2 homolog	2	0	0	0	1	1
LOC118274481	bicaudal D-related protein homolog	2	0	0	0	1	1
Trnag-ucc	transfer RNA glycine (anticodon UCC)	2	0	0	0	1	1
LOC118278271	MAP7 domain-containing protein 1	2	0	0	0	1	1
LOC118262522	inter-alpha-trypsin inhibitor heavy chain H4	2	0	0	0	1	1
LOC118270339	5-hydroxytryptamine receptor 1	2	0	0	0	1	1
LOC118267199	protein white	2	0	0	0	1	1
LOC118271395	uncharacterized LOC118271395	2	0	0	0	1	1
LOC118280989	silk gland factor 3	2	0	0	0	1	1
LOC118264962	uncharacterized LOC118264962	2	0	0	0	1	1
LOC118279421	5S ribosomal RNA	2	0	0	0	1	1
LOC118263320	probable transaldolase	2	0	0	0	1	1
LOC118271856	SH2 domain-containing protein 4A	2	0	0	0	1	1
LOC118273472	uncharacterized LOC118273472	2	0	0	0	1	1
LOC118279390	uncharacterized LOC118279390	2	0	0	0	1	1
LOC118262632	uncharacterized LOC118262632	2	0	0	0	1	1
LOC118278829	multiple epidermal growth factor-like domains protein 8	2	0	0	0	1	1
LOC118265449	uncharacterized LOC118265449	2	0	0	0	1	1
LOC118269460	protein lin-10	2	0	0	0	1	1
LOC118262401	gamma-aminobutyric acid type B receptor subunit 1	2	0	0	0	1	1
LOC118268417	DNA polymerase theta	2	0	0	0	1	1
LOC118273150	chitin synthase chs-2	2	0	0	0	1	1
LOC118263404	epithelial discoidin domain-containing receptor 1	2	0	0	0	1	1
LOC118262489	hormone receptor 4	2	0	0	0	1	1
LOC118269275	protein zer-1 homolog	2	0	0	0	1	1
LOC118273468	sodium/hydrogen exchanger 9B2	2	0	0	0	1	1
LOC118262896	neprilysin-2	2	0	0	0	1	1
LOC118263362	uncharacterized protein KIAA0930 homolog	2	0	0	0	1	1
LOC118276875	protein PIF-like	2	0	0	0	1	1
LOC118277290	protein tyrosine phosphatase domain-containing protein 1	2	0	0	0	1	1
LOC118280630	forkhead box protein P3	2	0	0	0	1	1
LOC126910932	uncharacterized LOC126910932	2	0	0	0	1	1
LOC118271018	kielin/chordin-like protein	2	0	0	0	1	1
LOC126912847	uncharacterized LOC126912847	2	0	0	0	1	1
LOC118275869	myosin-I heavy chain	2	0	0	0	1	1
LOC118273145	laminin subunit alpha-2	2	0	0	0	1	1
LOC118275847	ADP-ribosylation factor-like protein 2	2	0	0	0	1	1
LOC118266131	CHH-like protein	2	0	0	0	1	1
LOC118263309	serine/threonine-protein phosphatase rdgC	2	0	0	0	1	1
LOC118276679	thyroid receptor-interacting protein 11-like	2	0	0	0	1	1
LOC118267272	troponin C-like	2	0	0	0	1	1
LOC118272352	regulating synaptic membrane exocytosis protein 2	2	0	0	0	1	1
LOC118272099	cGMP-dependent protein kinase, isozyme 2 forms cD4/T1/T3A/T3B	2	0	0	0	1	1
LOC118262417	opsin-1	2	0	0	0	1	1
LOC118271263	leucine-rich repeat-containing protein 24	2	0	0	0	1	1
LOC118271841	EF-hand domain-containing protein D2 homolog	2	0	0	0	1	1
LOC118272234	cyclin-dependent kinase-like 1	2	0	0	0	1	1
LOC118272984	integrator complex subunit 2	2	0	0	0	1	1
LOC118275097	nucleoporin 88	2	0	0	0	1	1
LOC118279359	inner centromere protein A	2	0	0	0	1	1
LOC118273899	protein fem-1 homolog CG6966	2	0	0	0	1	1
LOC118269949	proton-coupled folate transporter	2	0	0	0	1	1
LOC118275846	pinin	2	0	0	0	1	1
LOC118279234	protein lingerer	2	0	0	0	1	1
LOC118264829	uncharacterized LOC118264829	2	0	0	0	1	1
LOC118262690	uncharacterized LOC118262690	2	0	0	0	1	1
LOC118278003	ecdysone 20-monooxygenase	2	0	0	0	1	1
LOC118275461	papilin	2	0	0	0	1	1
LOC118267918	connectin	2	0	0	0	1	1
LOC118267721	uncharacterized LOC118267721	2	0	0	0	1	1
LOC118262603	ecotropic viral integration site 5 ortholog	2	0	0	0	1	1
LOC118263664	gamma-tubulin complex component 2	2	0	0	0	1	1
LOC118275467	papilin	2	0	0	0	1	1
LOC118271609	sialin	2	0	0	0	1	1
LOC118275866	uridine diphosphate glucose pyrophosphatase NUDT14	2	0	0	0	1	1
LOC118263260	uncharacterized LOC118263260	2	0	0	0	1	1
LOC118270927	cytokine-like nuclear factor N-PAC	2	0	0	0	1	1
LOC118274020	uncharacterized LOC118274020	2	0	0	0	1	1
LOC118273961	bumetanide-sensitive sodium-(potassium)-chloride cotransporter	2	0	0	0	1	1
LOC118261721	protein furry	2	0	0	0	1	1
LOC118265110	uncharacterized LOC118265110	2	0	0	0	1	1
LOC118265170	uncharacterized LOC118265170	2	0	0	0	1	1
LOC118269616	angiotensin-converting enzyme	2	0	0	0	1	1
LOC118273147	protein PALS2	2	0	0	0	1	1
LOC118263925	60S ribosomal protein L39	2	0	0	0	1	1
LOC126910934	uncharacterized LOC126910934	2	0	0	0	1	1
LOC118263432	dynamin-1-like protein	2	0	0	0	1	1
LOC118274039	zinc transporter 2	2	0	0	0	1	1
LOC118279408	uncharacterized LOC118279408	2	0	0	0	1	1
LOC118276600	uncharacterized LOC118276600	2	0	0	0	1	1
LOC118275998	monocarboxylate transporter 10	2	0	0	0	1	1
LOC118263012	cytochrome P450 6l1	2	0	0	0	1	1
LOC126911561	zinc finger protein ZFP2-like	2	0	0	0	1	1
LOC118266162	ATPase ASNA1 homolog	2	0	0	0	1	1
LOC118263541	uncharacterized LOC118263541	2	0	0	0	1	1
LOC118280896	uncharacterized LOC118280896	2	0	0	0	1	1
LOC118262053	integrator complex subunit 5	2	0	0	0	1	1
LOC118272052	general transcription factor IIH subunit 5	2	0	0	0	1	1
LOC118281111	GPN-loop GTPase 1	2	0	0	0	1	1
LOC118272050	meiotic nuclear division protein 1 homolog	2	0	0	0	1	1
LOC126910982	homeobox protein homothorax-like	2	0	0	0	1	1
LOC118262667	protein tramtrack, alpha isoform-like	2	0	0	0	1	1
LOC118266158	ribitol 5-phosphate transferase FKRP	2	0	0	0	1	1
LOC118281785	inositol hexakisphosphate kinase 2	2	0	0	0	1	1
LOC118270109	kinesin-like protein KIF21A	2	0	0	0	1	1
LOC118271087	ankyrin repeat and LEM domain-containing protein 2	2	0	0	0	1	1
LOC118263486	uncharacterized LOC118263486	2	0	0	0	1	1
LOC118270853	uncharacterized LOC118270853	1	1	0	0	0	0
Trnas-uga	transfer RNA serine (anticodon UGA)	1	1	0	0	0	0
LOC118281898	uncharacterized LOC118281898	1	1	0	0	0	0
LOC118274604	uncharacterized LOC118274604	1	1	0	0	0	0
LOC118274793	eukaryotic translation initiation factor 4H	1	1	0	0	0	0
LOC118275066	3-oxoacyl-[acyl-carrier-protein] reductase FabG-like	1	1	0	0	0	0
LOC118277851	uncharacterized LOC118277851	1	1	0	0	0	0
LOC118282477	zonadhesin	1	1	0	0	0	0
LOC118262924	protein cab-1	1	1	0	0	0	0
LOC118277407	S-adenosylmethionine mitochondrial carrier protein	1	1	0	0	0	0
LOC118278665	uncharacterized LOC118278665	1	1	0	0	0	0
LOC118274444	signal peptide peptidase-like 3	1	1	0	0	0	0
LOC118269906	sex determination protein fruitless	1	1	0	0	0	0
LOC118267194	cytochrome P450 18a1-like	1	1	0	0	0	0
LOC118266925	7SK snRNA methylphosphate capping enzyme bin3	1	1	0	0	0	0
LOC118276130	neuropeptide-like protein 29	1	1	0	0	0	0
LOC118265411	phosphopentomutase	1	1	0	0	0	0
LOC118267569	connectin	1	1	0	0	0	0
LOC118277433	uncharacterized LOC118277433	1	1	0	0	0	0
LOC118264063	15-hydroxyprostaglandin dehydrogenase [NAD(+)]-like	1	1	0	0	0	0
LOC118276091	larval/pupal cuticle protein H1C-like	1	1	0	0	0	0
LOC118266894	uncharacterized LOC118266894	1	1	0	0	0	0
LOC118280831	elongation of very long chain fatty acids protein	1	1	0	0	0	0
LOC118271570	membrane-bound alkaline phosphatase	1	1	0	0	0	0
LOC118269619	uncharacterized LOC118269619	1	1	0	0	0	0
LOC118263996	endonuclease III-like protein 1	1	1	0	0	0	0
LOC126912176	importin subunit alpha-4	1	1	0	0	0	0
LOC118264592	protein yellow	1	1	0	0	0	0
LOC118263480	heparan-alpha-glucosaminide N-acetyltransferase	1	1	0	0	0	0
LOC126911132	uncharacterized LOC126911132	1	1	0	0	0	0
LOC118270119	homeobox protein Hox-C5-like	1	1	0	0	0	0
LOC118273935	uncharacterized LOC118273935	1	1	0	0	0	0
LOC118264056	cytochrome P450 9e2-like	1	1	0	0	0	0
LOC118264131	protein tweety-like	1	1	0	0	0	0
LOC118279947	aldo-keto reductase AKR2E4-like	1	1	0	0	0	0
LOC118264666	gastrula zinc finger protein XlCGF28.1	1	1	0	0	0	0
LOC118269216	pyridoxal kinase	1	1	0	0	0	0
LOC118270849	uncharacterized LOC118270849	1	1	0	0	0	0
LOC118278603	proteasome subunit alpha type-2	1	1	0	0	0	0
LOC118269976	protein atonal-like	1	1	0	0	0	0
LOC118278252	ras association domain-containing protein 8	1	1	0	0	0	0
LOC118280495	TBC1 domain family member 4	1	1	0	0	0	0
LOC118280716	transcription factor Adf-1	1	1	0	0	0	0
LOC118265744	dystroglycan 1	1	1	0	0	0	0
LOC118263697	mitochondrial import inner membrane translocase subunit Tim8	1	1	0	0	0	0
LOC118266905	kinase D-interacting substrate of 220 kDa B	1	1	0	0	0	0
LOC118272651	uncharacterized LOC118272651	1	1	0	0	0	0
LOC118278182	microvitellogenin-like	1	1	0	0	0	0
LOC118277984	larval cuticle protein A2B	1	1	0	0	0	0
LOC118266435	phospholipid phosphatase 2	1	1	0	0	0	0
LOC118262272	neuropathy target esterase sws	1	1	0	0	0	0
LOC118277082	uncharacterized LOC118277082	1	1	0	0	0	0
LOC118274608	uncharacterized LOC118274608	1	1	0	0	0	0
LOC118272334	rab11 family-interacting protein 4A	1	1	0	0	0	0
LOC118281051	uncharacterized LOC118281051	1	1	0	0	0	0
LOC118272282	PI-PLC X domain-containing protein 3	1	1	0	0	0	0
LOC118269910	17-beta-hydroxysteroid dehydrogenase 13	1	1	0	0	0	0
LOC118278601	galectin-4	1	1	0	0	0	0
LOC118272115	protein odd-skipped	1	1	0	0	0	0
LOC118275929	transcription factor IIIB 90 kDa subunit	1	1	0	0	0	0
LOC118279960	gastrula zinc finger protein XlCGF26.1	1	1	0	0	0	0
LOC118269319	transformer-2 protein homolog beta	1	1	0	0	0	0
LOC118279210	regulation of nuclear pre-mRNA domain-containing protein 2	1	1	0	0	0	0
LOC118261984	multiple inositol polyphosphate phosphatase 1	1	1	0	0	0	0
LOC118275989	uncharacterized LOC118275989	1	1	0	0	0	0
LOC118274579	phosphorylase b kinase gamma catalytic chain, liver/testis isoform	1	1	0	0	0	0
LOC118280122	uncharacterized LOC118280122	1	1	0	0	0	0
LOC118269147	zinc finger protein 436	1	1	0	0	0	0
LOC118279345	uncharacterized LOC118279345	1	1	0	0	0	0
LOC118262106	calcyphosin-like protein	1	1	0	0	0	0
LOC118274658	glucose dehydrogenase [FAD, quinone]	1	1	0	0	0	0
LOC118269671	mitogen-activated protein kinase kinase kinase 4	1	1	0	0	0	0
LOC118262267	PHD finger protein 20	1	1	0	0	0	0
LOC118263144	phytanoyl-CoA dioxygenase domain-containing protein 1 homolog	1	1	0	0	0	0
LOC118262108	18S rRNA aminocarboxypropyltransferase	1	1	0	0	0	0
LOC118270780	protein Skeletor, isoforms D/E	1	1	0	0	0	0
LOC118281452	eukaryotic translation initiation factor 4 gamma 3	1	1	0	0	0	0
LOC126911883	uncharacterized LOC126911883	1	1	0	0	0	0
LOC118281197	pancreatic lipase-related protein 2-like	1	1	0	0	0	0
LOC118278488	uncharacterized LOC118278488	1	1	0	0	0	0
LOC118269183	alanine--glyoxylate aminotransferase	1	1	0	0	0	0
LOC118281889	uncharacterized LOC118281889	1	1	0	0	0	0
LOC118275238	5S ribosomal RNA	1	1	0	0	0	0
LOC118277078	transmembrane protease serine 9-like	1	1	0	0	0	0
LOC118280902	pancreatic lipase-related protein 2-like	1	1	0	0	0	0
LOC118276893	zinc finger protein 275	1	1	0	0	0	0
LOC118267677	pyruvate carboxylase, mitochondrial	1	1	0	0	0	0
LOC118269325	uncharacterized LOC118269325	1	1	0	0	0	0
LOC118272417	tyrosine-protein kinase Src64B	1	1	0	0	0	0
LOC118274529	splicing factor, suppressor of white-apricot homolog	1	1	0	0	0	0
LOC118267150	uncharacterized LOC118267150	1	1	0	0	0	0
LOC118282192	Golgi-associated PDZ and coiled-coil motif-containing protein	1	1	0	0	0	0
LOC118269571	pyrroline-5-carboxylate reductase 3	1	1	0	0	0	0
LOC118278468	tumor protein D54	1	1	0	0	0	0
LOC118265536	transmembrane protein 87A	1	1	0	0	0	0
LOC118263910	sterol regulatory element-binding protein 1	1	1	0	0	0	0
LOC118278069	putative nuclease HARBI1	1	1	0	0	0	0
LOC118273837	intraflagellar transport protein 172 homolog	1	1	0	0	0	0
LOC118272104	uncharacterized LOC118272104	1	1	0	0	0	0
LOC118268904	mediator of RNA polymerase II transcription subunit 1	1	1	0	0	0	0
LOC118264969	chromatin assembly factor 1 subunit B	1	1	0	0	0	0
LOC118265378	zinc finger protein ZFP2	1	1	0	0	0	0
LOC118264667	geranylgeranyl transferase type-2 subunit beta	1	1	0	0	0	0
LOC118265179	signal-induced proliferation-associated 1-like protein 1	1	1	0	0	0	0
LOC118263667	N-acetylgalactosaminyltransferase 6	1	1	0	0	0	0
LOC118274691	oxysterol-binding protein 1	1	1	0	0	0	0
LOC126910793	uncharacterized protein CG45076-like	1	1	0	0	0	0
LOC118274858	lysosomal acid glucosylceramidase	1	1	0	0	0	0
LOC118264515	uncharacterized LOC118264515	1	1	0	0	0	0
Trnag-ccc	transfer RNA glycine (anticodon CCC)	1	1	0	0	0	0
LOC118272864	protein LSM14 homolog A	1	1	0	0	0	0
LOC118263481	juvenile hormone esterase-like	1	1	0	0	0	0
LOC118273490	MARVEL domain-containing protein 1	1	1	0	0	0	0
LOC118266381	transcription factor sem-2	1	1	0	0	0	0
LOC118264196	testis-expressed protein 2	1	1	0	0	0	0
LOC118270761	protein glass	1	1	0	0	0	0
LOC118281001	adenylyltransferase and sulfurtransferase MOCS3	1	1	0	0	0	0
LOC118280748	apolipophorins	1	1	0	0	0	0
LOC118272933	uncharacterized LOC118272933	1	1	0	0	0	0
LOC118264574	uncharacterized LOC118264574	1	1	0	0	0	0
LOC118280449	uncharacterized LOC118280449	1	1	0	0	0	0
LOC118274976	T-box transcription factor TBX1	1	1	0	0	0	0
LOC118262425	uncharacterized LOC118262425	1	1	0	0	0	0
LOC118274539	putative zinc finger protein 840	1	1	0	0	0	0
LOC118274846	farnesol dehydrogenase-like	1	1	0	0	0	0
LOC118281059	uncharacterized LOC118281059	1	1	0	0	0	0
LOC118272089	fatty acyl-CoA hydrolase precursor, medium chain-like	1	1	0	0	0	0
LOC118279199	outer dense fiber protein 3	1	1	0	0	0	0
LOC118262319	YTH domain-containing family protein 3	1	1	0	0	0	0
LOC118265208	cilia- and flagella-associated protein 44	1	1	0	0	0	0
LOC118270074	uncharacterized LOC118270074	1	1	0	0	0	0
LOC118268184	chymotrypsinogen B-like	1	1	0	0	0	0
LOC118269743	nonsense-mediated mRNA decay factor SMG8	1	1	0	0	0	0
LOC118265212	striatin-3	1	1	0	0	0	0
LOC118271173	BLOC-2 complex member HPS5 homolog	1	1	0	0	0	0
LOC118276431	uncharacterized LOC118276431	1	1	0	0	0	0
LOC118266004	tafazzin	1	1	0	0	0	0
LOC118271139	succinate dehydrogenase [ubiquinone] iron-sulfur subunit-like	1	1	0	0	0	0
LOC118281011	gelsolin-like	1	1	0	0	0	0
LOC118267018	uncharacterized LOC118267018	1	1	0	0	0	0
LOC118268670	uncharacterized LOC118268670	1	1	0	0	0	0
LOC118263156	U-scoloptoxin(19)-Sm1a-like	1	1	0	0	0	0
LOC118265756	aldehyde dehydrogenase, dimeric NADP-preferring	1	1	0	0	0	0
LOC118273133	uncharacterized LOC118273133	1	1	0	0	0	0
LOC118282446	uncharacterized LOC118282446	1	1	0	0	0	0
LOC118268989	protein lap1	1	1	0	0	0	0
LOC118276937	pro-resilin-like	1	1	0	0	0	0
LOC118282385	LMBR1 domain-containing protein 2 homolog	1	1	0	0	0	0
LOC118272002	uncharacterized LOC118272002	1	1	0	0	0	0
LOC118278169	pseudouridylate synthase 1 homolog	1	1	0	0	0	0
LOC118271992	longitudinals lacking protein, isoforms H/M/V	1	1	0	0	0	0
LOC118264779	uncharacterized LOC118264779	1	1	0	0	0	0
LOC118261888	odorant receptor 46a	1	1	0	0	0	0
LOC118276112	probable G-protein coupled receptor 158	1	1	0	0	0	0
LOC118269246	putative inorganic phosphate cotransporter	1	1	0	0	0	0
LOC118270265	zinc finger protein 567-like	1	1	0	0	0	0
LOC126912194	uncharacterized LOC126912194	1	1	0	0	0	0
LOC118270035	uncharacterized LOC118270035	1	1	0	0	0	0
LOC118261724	uncharacterized LOC118261724	1	1	0	0	0	0
LOC118269988	roundabout homolog 1	1	1	0	0	0	0
LOC118271993	ragulator complex protein LAMTOR3 homolog	1	1	0	0	0	0
LOC118279013	F-box/WD repeat-containing protein 11	1	1	0	0	0	0
LOC126912578	uncharacterized LOC126912578	1	1	0	0	0	0
LOC118267624	zinc finger protein 883	1	1	0	0	0	0
LOC118267331	BTB/POZ domain-containing protein 9	1	1	0	0	0	0
LOC118271975	uncharacterized LOC118271975	1	1	0	0	0	0
LOC118264401	uncharacterized LOC118264401	1	1	0	0	0	0
LOC118269447	GTP-binding protein 128up	1	1	0	0	0	0
LOC118275077	ceramide synthase 6-like	1	1	0	0	0	0
LOC118264726	uncharacterized LOC118264726	1	1	0	0	0	0
LOC118274865	uncharacterized LOC118274865	1	1	0	0	0	0
LOC118274641	CDP-diacylglycerol--inositol 3-phosphatidyltransferase	1	1	0	0	0	0
LOC118269220	allatostatin	1	1	0	0	0	0
LOC118275918	DNA-directed RNA polymerase II subunit RPB3	1	1	0	0	0	0
LOC118279418	UDP-glycosyltransferase UGT5-like	1	1	0	0	0	0
LOC118279723	uro-adherence factor A	1	1	0	0	0	0
LOC118276010	chymotrypsinogen A	1	1	0	0	0	0
LOC118268332	alkylglycerol monooxygenase	1	1	0	0	0	0
LOC118275594	uncharacterized LOC118275594	1	1	0	0	0	0
LOC126912000	uncharacterized LOC126912000	1	1	0	0	0	0
LOC118271257	E3 ubiquitin-protein ligase TRIM33	1	1	0	0	0	0
LOC118274052	ADAM 17-like protease	1	1	0	0	0	0
LOC118265482	gremlin-2	1	1	0	0	0	0
LOC118265452	putative endothelial lipase	1	1	0	0	0	0
LOC118268644	RYamide receptor	1	1	0	0	0	0
LOC118282274	L-dopachrome tautomerase yellow-f2-like	1	1	0	0	0	0
LOC118266873	NAD(+) hydrolase sarm1	1	1	0	0	0	0
LOC118272505	balbiani ring protein 3-like	1	1	0	0	0	0
LOC118264727	28S ribosomal protein S23, mitochondrial	1	1	0	0	0	0
LOC118266947	annexin B9	1	1	0	0	0	0
LOC118271398	CAPA peptides	1	1	0	0	0	0
LOC118263997	nucleolar protein 12	1	1	0	0	0	0
LOC118262676	titin homolog	1	1	0	0	0	0
LOC126912215	sodium-independent sulfate anion transporter-like	1	1	0	0	0	0
LOC118275564	uncharacterized LOC118275564	1	1	0	0	0	0
LOC118261828	uncharacterized LOC118261828	1	1	0	0	0	0
LOC118261767	histidine-rich glycoprotein-like	1	1	0	0	0	0
LOC118261727	uncharacterized LOC118261727	1	1	0	0	0	0
LOC118268189	uncharacterized LOC118268189	1	1	0	0	0	0
LOC118272654	methyltransferase-like protein 22	1	1	0	0	0	0
LOC118265016	transmembrane protein 62	1	1	0	0	0	0
LOC118269907	uncharacterized LOC118269907	1	1	0	0	0	0
LOC118281994	V-type proton ATPase 16 kDa proteolipid subunit c	1	1	0	0	0	0
LOC118271251	probable cytochrome P450 49a1	1	1	0	0	0	0
LOC118273154	venom serine carboxypeptidase-like	1	1	0	0	0	0
LOC118282150	organic cation transporter protein-like	1	1	0	0	0	0
LOC118269557	retinoid-inducible serine carboxypeptidase	1	1	0	0	0	0
LOC118261915	uncharacterized LOC118261915	1	1	0	0	0	0
LOC118279625	neogenin	1	1	0	0	0	0
LOC118267708	uncharacterized LOC118267708	1	1	0	0	0	0
LOC118278070	myb/SANT-like DNA-binding domain-containing protein 3	1	1	0	0	0	0
LOC118264927	acyl-CoA Delta-9 desaturase	1	1	0	0	0	0
LOC118269420	putative inorganic phosphate cotransporter	1	1	0	0	0	0
LOC118276647	coatomer subunit delta	1	1	0	0	0	0
LOC118272779	cleavage and polyadenylation specificity factor subunit 4	1	1	0	0	0	0
LOC118280397	glucose-6-phosphate exchanger SLC37A2	1	1	0	0	0	0
LOC118272473	opsin-3	1	1	0	0	0	0
LOC118277507	chondroitin proteoglycan 1	1	1	0	0	0	0
LOC118263661	homeobox protein 2-like	1	1	0	0	0	0
LOC118267752	uncharacterized LOC118267752	1	1	0	0	0	0
LOC118269584	soluble guanylate cyclase 89Db	1	1	0	0	0	0
LOC118262403	UDP-glucose:glycoprotein glucosyltransferase	1	1	0	0	0	0
LOC118262201	probable Golgi SNAP receptor complex member 2	1	1	0	0	0	0
LOC118270334	potential E3 ubiquitin-protein ligase ariadne-2	1	1	0	0	0	0
LOC118266995	peroxisomal acyl-coenzyme A oxidase 3	1	1	0	0	0	0
LOC118281620	blood vessel epicardial substance	1	1	0	0	0	0
LOC118280583	pickpocket protein 28-like	1	1	0	0	0	0
LOC126911091	transmembrane protein 234 homolog	1	1	0	0	0	0
LOC118280273	protein bric-a-brac 2	1	1	0	0	0	0
LOC118278555	serine/threonine-protein kinase 10	1	1	0	0	0	0
LOC118269918	uncharacterized LOC118269918	1	1	0	0	0	0
LOC118278589	syndetin	1	1	0	0	0	0
LOC118276320	uncharacterized LOC118276320	1	1	0	0	0	0
LOC118264458	lipase 3-like	1	1	0	0	0	0
LOC118280301	organic cation transporter protein	1	1	0	0	0	0
LOC118270140	facilitated trehalose transporter Tret1	1	1	0	0	0	0
LOC118279656	pupal cuticle protein PCP52-like	1	1	0	0	0	0
LOC118273432	metallophosphoesterase 1	1	1	0	0	0	0
LOC118278780	uncharacterized LOC118278780	1	1	0	0	0	0
LOC118265960	uncharacterized LOC118265960	1	1	0	0	0	0
LOC118262477	uncharacterized LOC118262477	1	1	0	0	0	0
LOC118278136	PF03932 family protein CutC	1	1	0	0	0	0
LOC118279893	uncharacterized LOC118279893	1	1	0	0	0	0
LOC118281056	uncharacterized LOC118281056	1	1	0	0	0	0
LOC126911925	peroxidase-like	1	1	0	0	0	0
LOC118274238	GRAM domain-containing protein 2A	1	1	0	0	0	0
LOC118280773	procathepsin L-like	1	1	0	0	0	0
LOC118271726	uncharacterized protein DDB_G0284459-like	1	1	0	0	0	0
LOC118271849	beta-1,4-galactosyltransferase 4	1	1	0	0	0	0
LOC118279218	uncharacterized LOC118279218	1	1	0	0	0	0
LOC118276446	neurofilament medium polypeptide	1	1	0	0	0	0
LOC118274713	lysosomal acid glucosylceramidase-like	1	1	0	0	0	0
LOC118279938	uncharacterized LOC118279938	1	1	0	0	0	0
LOC118281265	uncharacterized LOC118281265	1	1	0	0	0	0
LOC118267281	dynein axonemal assembly factor 3 homolog	1	1	0	0	0	0
LOC126911569	uncharacterized LOC126911569	1	1	0	0	0	0
LOC118263443	tyrosine 3-monooxygenase	1	1	0	0	0	0
LOC118271727	glyoxylate reductase/hydroxypyruvate reductase-like	1	1	0	0	0	0
LOC118265524	uncharacterized LOC118265524	1	1	0	0	0	0
LOC118262035	uncharacterized LOC118262035	1	1	0	0	0	0
LOC126911565	uncharacterized LOC126911565	1	1	0	0	0	0
LOC118263199	U4 spliceosomal RNA	1	1	0	0	0	0
LOC118264206	uncharacterized LOC118264206	1	1	0	0	0	0
LOC118272799	RAB6-interacting golgin	1	1	0	0	0	0
LOC118262438	zinc finger protein 91-like	1	1	0	0	0	0
LOC118268004	REST corepressor 3	1	1	0	0	0	0
LOC118262463	5-hydroxytryptamine receptor 2B	1	1	0	0	0	0
LOC118264048	(E3-independent) E2 ubiquitin-conjugating enzyme	1	1	0	0	0	0
LOC118275276	uncharacterized LOC118275276	1	1	0	0	0	0
LOC118281035	uncharacterized LOC118281035	1	1	0	0	0	0
LOC118266367	G-protein coupled receptor dmsr-1	1	1	0	0	0	0
LOC118263636	low-density lipoprotein receptor-related protein 4	1	1	0	0	0	0
LOC118262209	gustatory receptor for sugar taste 64a-like	1	1	0	0	0	0
LOC118274017	gonadotropin-releasing hormone receptor	1	1	0	0	0	0
LOC118269815	scavenger receptor class B member 1-like	1	1	0	0	0	0
LOC118265605	uncharacterized LOC118265605	1	1	0	0	0	0
LOC118281628	tRNA N6-adenosine threonylcarbamoyltransferase, mitochondrial	1	1	0	0	0	0
LOC118275336	adenylosuccinate synthetase	1	1	0	0	0	0
LOC118264970	peroxiredoxin-5, mitochondrial	1	1	0	0	0	0
LOC126912907	uncharacterized LOC126912907	1	1	0	0	0	0
LOC118279339	odorant receptor 4-like	1	1	0	0	0	0
LOC118262424	nicastrin	1	1	0	0	0	0
LOC118264715	glucose dehydrogenase [FAD, quinone]	1	1	0	0	0	0
LOC118282276	iron-sulfur clusters transporter ABCB7, mitochondrial	1	1	0	0	0	0
LOC126912209	uncharacterized LOC126912209	1	1	0	0	0	0
LOC118262296	uncharacterized LOC118262296	1	1	0	0	0	0
LOC118271033	protein mesh	1	1	0	0	0	0
LOC118273195	heparin sulfate O-sulfotransferase	1	1	0	0	0	0
LOC118273542	alpha-tocopherol transfer protein-like	1	1	0	0	0	0
LOC118272653	uncharacterized LOC118272653	1	1	0	0	0	0
LOC118276123	D-beta-hydroxybutyrate dehydrogenase, mitochondrial	1	1	0	0	0	0
LOC118275698	DNA-directed RNA polymerase III subunit RPC1	1	1	0	0	0	0
LOC126912254	uncharacterized LOC126912254	1	1	0	0	0	0
LOC118265555	arrestin domain-containing protein 5	1	1	0	0	0	0
LOC118272816	neurabin-2	1	1	0	0	0	0
LOC118270146	ankyrin repeat domain-containing protein 17	1	1	0	0	0	0
LOC118272254	uncharacterized LOC118272254	1	1	0	0	0	0
LOC118263696	RNA transcription, translation and transport factor protein	1	1	0	0	0	0
LOC126912020	uncharacterized LOC126912020	1	1	0	0	0	0
LOC118272571	small nuclear ribonucleoprotein F	1	1	0	0	0	0
LOC118265382	putative fatty acyl-CoA reductase CG5065	1	1	0	0	0	0
LOC118281504	uncharacterized LOC118281504	1	1	0	0	0	0
LOC126911785	mucin-5AC-like	1	1	0	0	0	0
LOC118268412	tachykinin-like peptides receptor 86C	1	1	0	0	0	0
LOC118263995	TATA-binding protein-associated factor 172	1	1	0	0	0	0
LOC118276077	toll-like receptor 6	1	1	0	0	0	0
LOC118267374	acyl-CoA:lysophosphatidylglycerol acyltransferase 1	1	1	0	0	0	0
LOC118274325	band 4.1-like protein 4	1	1	0	0	0	0
LOC118263836	periodic tryptophan protein 2 homolog	1	1	0	0	0	0
LOC118267985	general odorant-binding protein 72-like	1	1	0	0	0	0
LOC118271678	disks large homolog 5	1	1	0	0	0	0
LOC118264938	WD repeat and FYVE domain-containing protein 3	1	1	0	0	0	0
LOC118274280	endophilin-A	1	1	0	0	0	0
LOC118262557	uncharacterized LOC118262557	1	1	0	0	0	0
LOC118274090	tyrosine-protein phosphatase non-receptor type 9	1	1	0	0	0	0
LOC126910914	uncharacterized LOC126910914	1	1	0	0	0	0
LOC126910856	uncharacterized LOC126910856	1	1	0	0	0	0
LOC126912203	T-box transcription factor TBX6-like	1	1	0	0	0	0
LOC118269595	uncharacterized LOC118269595	1	1	0	0	0	0
LOC126911357	uncharacterized LOC126911357	1	1	0	0	0	0
LOC118265171	mitogen-activated protein kinase kinase kinase 15	1	1	0	0	0	0
LOC118265603	protein dissatisfaction	1	1	0	0	0	0
LOC118263189	aspartate aminotransferase, cytoplasmic	1	1	0	0	0	0
LOC118278198	uncharacterized LOC118278198	1	1	0	0	0	0
LOC118272819	thyroglobulin	1	1	0	0	0	0
LOC118270006	collagen alpha-1(I) chain	1	1	0	0	0	0
LOC118265569	uncharacterized LOC118265569	1	1	0	0	0	0
LOC118281512	elongation of very long chain fatty acids protein	1	1	0	0	0	0
LOC118266531	Bardet-Biedl syndrome 4 protein homolog	1	1	0	0	0	0
LOC118266174	optineurin	1	1	0	0	0	0
LOC118273944	spermine oxidase	1	1	0	0	0	0
LOC126912468	protein PHTF2	1	1	0	0	0	0
LOC118269585	glucose transporter type 1	1	1	0	0	0	0
LOC118263438	uncharacterized LOC118263438	1	1	0	0	0	0
LOC118262026	cuticle protein 7-like	1	1	0	0	0	0
LOC118272118	uncharacterized LOC118272118	1	1	0	0	0	0
LOC126912736	uncharacterized LOC126912736	1	1	0	0	0	0
LOC118269049	serine/arginine repetitive matrix protein 1	1	1	0	0	0	0
LOC118269697	glutamate dehydrogenase, mitochondrial	1	1	0	0	0	0
LOC118268657	nephronectin	1	1	0	0	0	0
LOC118264424	protein Gawky	1	1	0	0	0	0
LOC126912935	exocyst complex component 1	1	1	0	0	0	0
LOC118270555	uncharacterized LOC118270555	1	1	0	0	0	0
LOC118266681	sorting nexin-29	1	1	0	0	0	0
LOC126911212	uncharacterized LOC126911212	1	1	0	0	0	0
LOC118268656	keratinocyte proline-rich protein	1	1	0	0	0	0
LOC118264734	aldo-keto reductase AKR2E4-like	1	1	0	0	0	0
LOC118278104	protein jagunal	1	1	0	0	0	0
LOC126911152	uncharacterized LOC126911152	1	1	0	0	0	0
LOC118279751	serine proteinase stubble	1	1	0	0	0	0
LOC118272517	BTB/POZ domain-containing protein 6-B	1	1	0	0	0	0
LOC118270306	ATP-dependent 6-phosphofructokinase	1	1	0	0	0	0
LOC118263866	proton channel OtopLc	1	1	0	0	0	0
LOC118268866	POU domain, class 6, transcription factor 2	1	1	0	0	0	0
LOC118267115	ARF GTPase-activating protein Git	1	1	0	0	0	0
LOC118263921	tetraspanin-1	1	1	0	0	0	0
LOC118269556	RUN and FYVE domain-containing protein 2	1	1	0	0	0	0
LOC126911130	uncharacterized LOC126911130	1	1	0	0	0	0
LOC118275161	vacuolar protein sorting-associated protein 29	1	1	0	0	0	0
LOC118264318	trehalase	1	1	0	0	0	0
LOC118271350	protein PFC0760c	1	1	0	0	0	0
LOC118269804	lipid storage droplets surface-binding protein 1	1	1	0	0	0	0
LOC118261958	endocuticle structural glycoprotein ABD-5	1	1	0	0	0	0
LOC118267654	uncharacterized LOC118267654	1	1	0	0	0	0
LOC118261959	uncharacterized LOC118261959	1	1	0	0	0	0
LOC118275036	collagenase	1	1	0	0	0	0
LOC118265578	WW domain-containing oxidoreductase	1	1	0	0	0	0
LOC118264096	uncharacterized LOC118264096	1	1	0	0	0	0
LOC118276496	monocarboxylate transporter 3	1	1	0	0	0	0
LOC118269438	uncharacterized LOC118269438	1	1	0	0	0	0
LOC118278042	homeobox protein notochord	1	1	0	0	0	0
LOC118274895	uncharacterized LOC118274895	1	1	0	0	0	0
LOC118268947	uncharacterized LOC118268947	1	1	0	0	0	0
LOC118271152	uncharacterized LOC118271152	1	1	0	0	0	0
LOC118274906	sodium/calcium exchanger regulatory protein 1	1	1	0	0	0	0
LOC118265246	facilitated trehalose transporter Tret1-like	1	1	0	0	0	0
LOC118270268	casein kinase I	1	1	0	0	0	0
LOC118269324	malate dehydrogenase, mitochondrial	1	1	0	0	0	0
LOC126912395	uncharacterized LOC126912395	1	1	0	0	0	0
LOC126912734	angiotensin-converting enzyme	1	1	0	0	0	0
LOC118271827	protein lozenge	1	1	0	0	0	0
LOC118265379	protein SCO1 homolog, mitochondrial	1	1	0	0	0	0
LOC118277495	uncharacterized LOC118277495	1	1	0	0	0	0
LOC118273547	clavesin-1-like	1	1	0	0	0	0
LOC118262428	uncharacterized LOC118262428	1	1	0	0	0	0
LOC118274446	actin-related protein 2/3 complex subunit 3	1	1	0	0	0	0
LOC118276515	protein takeout-like	1	1	0	0	0	0
LOC118263188	periodic tryptophan protein 1 homolog	1	1	0	0	0	0
LOC118280034	protein FAM214A	1	1	0	0	0	0
LOC118266524	endocuticle structural glycoprotein SgAbd-3-like	1	1	0	0	0	0
LOC118270215	cilia- and flagella-associated protein 206-like	1	1	0	0	0	0
LOC118279350	uncharacterized LOC118279350	1	1	0	0	0	0
LOC126911987	protein abrupt-like	1	1	0	0	0	0
LOC118275086	uncharacterized LOC118275086	1	1	0	0	0	0
LOC118272476	NHP2-like protein 1	1	1	0	0	0	0
LOC118263036	uncharacterized LOC118263036	1	1	0	0	0	0
LOC118273470	mitochondrial fission 1 protein	1	1	0	0	0	0
LOC118275633	uncharacterized LOC118275633	1	1	0	0	0	0
LOC118278466	zinc finger protein 62 homolog	1	1	0	0	0	0
LOC118278181	cysteine sulfinic acid decarboxylase	1	1	0	0	0	0
LOC118266352	MAU2 chromatid cohesion factor homolog	1	1	0	0	0	0
LOC118268370	probable cytochrome P450 304a1	1	1	0	0	0	0
LOC126910942	beta-1,3-galactosyltransferase brn	1	1	0	0	0	0
LOC118266239	farnesyl pyrophosphate synthase	1	1	0	0	0	0
LOC118276475	phospholipase A1	1	1	0	0	0	0
LOC118272649	polycomb protein suz12-B	1	1	0	0	0	0
LOC118279214	uncharacterized LOC118279214	1	1	0	0	0	0
LOC118276119	thymosin beta	1	1	0	0	0	0
LOC118275645	beta-mannosidase	1	1	0	0	0	0
LOC118277904	UDP-glycosyltransferase UGT5-like	1	1	0	0	0	0
LOC118274662	glucose dehydrogenase [FAD, quinone]	1	1	0	0	0	0
LOC118267642	GDP-mannose 4,6 dehydratase	1	1	0	0	0	0
LOC126912235	titin-like	1	1	0	0	0	0
LOC118275348	uncharacterized LOC118275348	1	1	0	0	0	0
LOC118270206	uncharacterized LOC118270206	1	1	0	0	0	0
LOC118269000	uncharacterized LOC118269000	1	1	0	0	0	0
LOC118264295	heparan sulfate glucosamine 3-O-sulfotransferase 3A1	1	1	0	0	0	0
LOC118265969	proton-coupled folate transporter	1	1	0	0	0	0
LOC118280722	histone lysine demethylase PHF8	1	1	0	0	0	0
LOC118263437	mucin-4-like	1	1	0	0	0	0
LOC118267041	uncharacterized LOC118267041	1	1	0	0	0	0
LOC118262404	protein Wnt-11b-2	1	1	0	0	0	0
LOC118274540	Golgi SNAP receptor complex member 1	1	1	0	0	0	0
LOC118279021	uncharacterized LOC118279021	1	1	0	0	0	0
LOC118272040	uncharacterized LOC118272040	1	1	0	0	0	0
LOC118264516	nudC domain-containing protein 3	1	1	0	0	0	0
LOC118269446	centromere protein S	1	1	0	0	0	0
LOC126912773	membrane alanyl aminopeptidase-like	1	1	0	0	0	0
LOC118265156	uncharacterized LOC118265156	1	1	0	0	0	0
LOC118282283	netrin receptor unc-5	1	1	0	0	0	0
LOC118263474	proton-coupled amino acid transporter-like protein CG1139	1	1	0	0	0	0
LOC118273515	protein phosphatase PHLPP-like protein	1	1	0	0	0	0
LOC118272899	fatty acid synthase	1	1	0	0	0	0
LOC118272355	chitobiosyldiphosphodolichol beta-mannosyltransferase	1	1	0	0	0	0
LOC118274919	peptidyl-tRNA hydrolase 2, mitochondrial	1	1	0	0	0	0
LOC126911257	uncharacterized LOC126911257	1	1	0	0	0	0
LOC126912740	uncharacterized LOC126912740	1	1	0	0	0	0
LOC118264294	uncharacterized LOC118264294	1	1	0	0	0	0
LOC118270430	sodium-coupled monocarboxylate transporter 1	1	1	0	0	0	0
LOC118277528	sister chromatid cohesion protein DCC1	1	1	0	0	0	0
LOC118268534	IQ and AAA domain-containing protein 1-like	1	1	0	0	0	0
LOC118277527	protein DENND6A	1	1	0	0	0	0
LOC118278740	uncharacterized LOC118278740	1	1	0	0	0	0
LOC118271985	ADP-ribosylation factor 6	1	1	0	0	0	0
LOC118261918	transcription factor cwo	1	1	0	0	0	0
LOC118278972	uncharacterized LOC118278972	1	1	0	0	0	0
LOC118275221	coronin-1C-A	1	1	0	0	0	0
LOC118275912	L-threonine dehydratase catabolic TdcB-like	1	1	0	0	0	0
LOC118273191	RB1-inducible coiled-coil protein 1-like	1	1	0	0	0	0
LOC118273512	peptidyl-alpha-hydroxyglycine alpha-amidating lyase 1	1	1	0	0	0	0
LOC118275159	egalitarian protein homolog	1	1	0	0	0	0
LOC118262278	gastrula zinc finger protein XlCGF57.1-like	1	1	0	0	0	0
LOC126912046	uncharacterized LOC126912046	1	1	0	0	0	0
LOC118279211	F-box/LRR-repeat protein 14	1	1	0	0	0	0
LOC118280642	endothelin-converting enzyme homolog	1	1	0	0	0	0
LOC118269588	mothers against decapentaplegic homolog 6	1	1	0	0	0	0
LOC118265372	cGMP-dependent 3',5'-cyclic phosphodiesterase-like	1	1	0	0	0	0
LOC118275626	probable ATP-dependent RNA helicase spindle-E	1	1	0	0	0	0
LOC118270331	protein TRC8 homolog	1	1	0	0	0	0
LOC126912234	histone H2B-like	1	1	0	0	0	0
LOC118275815	RNA helicase aquarius	1	1	0	0	0	0
LOC118268277	flexible cuticle protein 12	1	1	0	0	0	0
LOC118279113	probable vesicular acetylcholine transporter-B	1	1	0	0	0	0
LOC126912030	uncharacterized LOC126912030	1	1	0	0	0	0
LOC118264060	alpha-(1,3)-fucosyltransferase C-like	1	1	0	0	0	0
LOC118278690	uncharacterized LOC118278690	1	1	0	0	0	0
LOC118269198	ubiquitin carboxyl-terminal hydrolase 30 homolog	1	1	0	0	0	0
LOC118275173	alpha-ketoglutarate-dependent dioxygenase alkB homolog 7, mitochondrial	1	1	0	0	0	0
LOC118276695	uncharacterized LOC118276695	1	1	0	0	0	0
LOC118265418	protein fuzzy homolog	1	1	0	0	0	0
LOC118264517	zinc-type alcohol dehydrogenase-like protein SERP1785	1	1	0	0	0	0
LOC118261841	zinc finger and BTB domain-containing protein 17	1	1	0	0	0	0
LOC118264533	alcohol dehydrogenase 1-like	1	1	0	0	0	0
LOC118265337	A-kinase anchor protein 200	1	1	0	0	0	0
LOC118264207	uncharacterized LOC118264207	1	1	0	0	0	0
LOC118270782	ankyrin repeat domain-containing protein 54	1	1	0	0	0	0
LOC118265697	allergen Tha p 1	1	1	0	0	0	0
LOC118270461	cytochrome P450 4C1-like	1	1	0	0	0	0
LOC118280060	AP-3 complex subunit sigma-2	1	1	0	0	0	0
LOC118269481	RING finger protein nhl-1	1	1	0	0	0	0
LOC118272752	adenylate cyclase type 2	1	1	0	0	0	0
LOC126912214	sodium-independent sulfate anion transporter-like	1	1	0	0	0	0
LOC118274574	luciferin 4-monooxygenase-like	1	1	0	0	0	0
LOC118271921	uncharacterized LOC118271921	1	1	0	0	0	0
LOC118263652	transmembrane protein 41 homolog	1	1	0	0	0	0
LOC118268190	protein roadkill	1	1	0	0	0	0
LOC118268443	uncharacterized LOC118268443	1	1	0	0	0	0
LOC118278662	serine protease snake-like	1	1	0	0	0	0
LOC118275352	uncharacterized LOC118275352	1	1	0	0	0	0
LOC118265198	trypsin, alkaline B-like	1	1	0	0	0	0
LOC118267401	putative ATP-dependent RNA helicase DHX57	1	1	0	0	0	0
LOC118277992	uncharacterized LOC118277992	1	1	0	0	0	0
LOC118263691	protein O-mannosyl-transferase TMTC1	1	1	0	0	0	0
LOC118262210	gustatory receptor for sugar taste 64a-like	1	1	0	0	0	0
LOC118276813	phospholipid transfer protein C2CD2L	1	1	0	0	0	0
LOC118268017	U5 spliceosomal RNA	1	1	0	0	0	0
LOC118270222	ABC transporter G family member 23	1	1	0	0	0	0
LOC118265111	uncharacterized LOC118265111	1	1	0	0	0	0
LOC118263961	alcohol dehydrogenase 1-like	1	1	0	0	0	0
LOC126912247	uncharacterized LOC126912247	1	1	0	0	0	0
LOC118266177	ninjurin-2	1	1	0	0	0	0
LOC118276762	spherulin-2A	1	1	0	0	0	0
LOC118274324	steroid receptor seven-up, isoforms B/C	1	1	0	0	0	0
LOC118268633	forkhead box protein O	1	1	0	0	0	0
LOC118266592	diacylglycerol lipase-beta	1	1	0	0	0	0
LOC118276876	GTP cyclohydrolase 1	1	1	0	0	0	0
LOC118266985	uncharacterized LOC118266985	1	1	0	0	0	0
LOC118266675	serine hydrolase-like protein	1	1	0	0	0	0
LOC118276761	RNA polymerase-associated protein Rtf1	1	1	0	0	0	0
LOC118265094	uncharacterized LOC118265094	1	1	0	0	0	0
LOC118274929	uncharacterized LOC118274929	1	1	0	0	0	0
LOC126912068	uncharacterized LOC126912068	1	1	0	0	0	0
LOC118280265	NADH dehydrogenase [ubiquinone] iron-sulfur protein 2, mitochondrial	1	1	0	0	0	0
LOC118272034	uncharacterized LOC118272034	1	1	0	0	0	0
LOC118274214	myogenesis-regulating glycosidase	1	1	0	0	0	0
LOC118266680	kinesin heavy chain	1	1	0	0	0	0
LOC118265487	transport and Golgi organization protein 1	1	1	0	0	0	0
LOC118269213	lysophospholipid acyltransferase 7	1	1	0	0	0	0
LOC118279321	uncharacterized LOC118279321	1	1	0	0	0	0
LOC118262161	GPN-loop GTPase 2	1	1	0	0	0	0
LOC118273013	leucine-rich repeats and immunoglobulin-like domains protein 2	1	1	0	0	0	0
LOC118280334	NADH dehydrogenase [ubiquinone] 1 alpha subcomplex assembly factor 3	1	1	0	0	0	0
LOC118268374	putative sodium-dependent multivitamin transporter	1	1	0	0	0	0
LOC118282121	non-lysosomal glucosylceramidase	1	1	0	0	0	0
LOC126912646	uncharacterized LOC126912646	1	1	0	0	0	0
LOC118262556	uncharacterized LOC118262556	1	1	0	0	0	0
LOC118263964	hexosaminidase D	1	1	0	0	0	0
LOC118274445	polymerase delta-interacting protein 2	1	1	0	0	0	0
LOC118266277	uncharacterized LOC118266277	1	1	0	0	0	0
LOC118264092	sodium-independent sulfate anion transporter	1	1	0	0	0	0
LOC118268345	membrane alanyl aminopeptidase	1	1	0	0	0	0
LOC118278534	uncharacterized LOC118278534	1	1	0	0	0	0
LOC118274734	flt3-interacting zinc finger protein 1	1	1	0	0	0	0
LOC118263920	elongator complex protein 4	1	1	0	0	0	0
LOC118267780	fatty acyl-CoA reductase wat-like	1	1	0	0	0	0
LOC118277986	cytochrome c oxidase subunit 5B, mitochondrial-like	1	1	0	0	0	0
LOC118261863	poly [ADP-ribose] polymerase	1	1	0	0	0	0
LOC126910623	uncharacterized LOC126910623	1	1	0	0	0	0
LOC118271567	uncharacterized LOC118271567	1	1	0	0	0	0
LOC118265961	uncharacterized LOC118265961	1	1	0	0	0	0
LOC118272187	2-phosphoxylose phosphatase 1	1	1	0	0	0	0
LOC118268893	AP-2 complex subunit mu	1	1	0	0	0	0
LOC118271805	uncharacterized LOC118271805	1	1	0	0	0	0
LOC118265816	tyrosine-protein kinase Src42A	1	1	0	0	0	0
LOC118280371	sorting and assembly machinery component 50 homolog A	1	1	0	0	0	0
LOC126912737	uncharacterized LOC126912737	1	1	0	0	0	0
LOC118272345	uncharacterized LOC118272345	1	1	0	0	0	0
LOC118278135	protein Pixie	1	1	0	0	0	0
LOC118273607	protein eyes shut	1	1	0	0	0	0
LOC118270708	C-terminal-binding protein	1	1	0	0	0	0
LOC118278366	uncharacterized LOC118278366	1	1	0	0	0	0
LOC126910890	uncharacterized LOC126910890	1	1	0	0	0	0
LOC118274639	T-complex protein 1 subunit zeta	1	1	0	0	0	0
LOC118263668	dehydrodolichyl diphosphate synthase complex subunit DHDDS	1	1	0	0	0	0
LOC118278652	gametocyte-specific factor 1-like	1	1	0	0	0	0
LOC118272212	uncharacterized LOC118272212	1	1	0	0	0	0
LOC118280087	uncharacterized LOC118280087	1	1	0	0	0	0
LOC118275379	bifunctional glutamate/proline--tRNA ligase	1	1	0	0	0	0
LOC118264968	transportin-3	1	1	0	0	0	0
LOC118264732	putative inorganic phosphate cotransporter	1	1	0	0	0	0
LOC118268015	U5 spliceosomal RNA	1	1	0	0	0	0
LOC126911754	uncharacterized LOC126911754	1	1	0	0	0	0
LOC126912537	uncharacterized LOC126912537	1	1	0	0	0	0
LOC118281626	uncharacterized LOC118281626	1	1	0	0	0	0
LOC118279929	endoplasmic reticulum junction formation protein lunapark-B	1	1	0	0	0	0
LOC118273931	uncharacterized LOC118273931	1	1	0	0	0	0
LOC118263272	rab GDP dissociation inhibitor alpha	1	1	0	0	0	0
LOC118280600	peroxidase-like	1	1	0	0	0	0
LOC118262128	adult-specific cuticular protein ACP-20-like	1	1	0	0	0	0
LOC118277768	UDP-glucosyltransferase 2	1	1	0	0	0	0
LOC118275349	uncharacterized LOC118275349	1	1	0	0	0	0
LOC118265537	fork head domain transcription factor slp2	1	1	0	0	0	0
LOC118265227	uncharacterized LOC118265227	1	1	0	0	0	0
LOC118263064	probable E3 ubiquitin-protein ligase HERC2	1	1	0	0	0	0
LOC118273036	CKLF-like MARVEL transmembrane domain-containing protein 7	1	1	0	0	0	0
LOC118271675	uncharacterized LOC118271675	1	1	0	0	0	0
LOC118266977	probable G-protein coupled receptor Mth-like 1	1	1	0	0	0	0
LOC126911733	sorting nexin-20	1	1	0	0	0	0
LOC118269734	putative transporter svop-1	1	1	0	0	0	0
LOC118267897	transient receptor potential cation channel subfamily A member 1	1	1	0	0	0	0
LOC118280922	uncharacterized LOC118280922	1	1	0	0	0	0
LOC118268192	uncharacterized LOC118268192	1	1	0	0	0	0
LOC118269691	putative thiamine transporter SLC35F3	1	1	0	0	0	0
LOC118277965	nucleolar complex protein 3 homolog	1	1	0	0	0	0
LOC118265205	trypsin, alkaline C	1	1	0	0	0	0
LOC118262350	E3 ubiquitin-protein ligase RNF13	1	1	0	0	0	0
LOC126911632	poly(A) polymerase gamma-like	1	1	0	0	0	0
LOC118268002	cell surface glycoprotein 1-like	1	1	0	0	0	0
LOC118277282	disintegrin and metalloproteinase domain-containing protein 10	1	1	0	0	0	0
LOC126912495	uncharacterized LOC126912495	1	1	0	0	0	0
LOC118275288	claspin	1	1	0	0	0	0
LOC118263227	protein nervous wreck	1	1	0	0	0	0
LOC118277211	probable enoyl-CoA hydratase	1	1	0	0	0	0
LOC118263151	seminal metalloprotease 1	1	1	0	0	0	0
LOC118279961	chaoptin	1	1	0	0	0	0
LOC118277640	facilitated trehalose transporter Tret1-like	1	1	0	0	0	0
LOC118278552	uncharacterized LOC118278552	1	1	0	0	0	0
LOC118264598	26S proteasome non-ATPase regulatory subunit 12	1	1	0	0	0	0
LOC118269176	4-hydroxyphenylpyruvate dioxygenase-like	1	1	0	0	0	0
LOC126910925	uncharacterized LOC126910925	1	1	0	0	0	0
LOC118279782	3-hydroxy-3-methylglutaryl-coenzyme A reductase	1	1	0	0	0	0
LOC118262775	exocyst complex component 2	1	1	0	0	0	0
LOC118275864	WD repeat-containing protein 20	1	1	0	0	0	0
LOC118269221	surfeit locus protein 1	1	1	0	0	0	0
LOC118265414	polycomb protein Sfmbt	1	1	0	0	0	0
LOC118281555	40S ribosomal protein S4	1	1	0	0	0	0
LOC118282383	elongation of very long chain fatty acids protein 7-like	1	1	0	0	0	0
LOC118274571	luciferin 4-monooxygenase-like	1	1	0	0	0	0
LOC118278986	ATP synthase subunit beta, mitochondrial-like	1	1	0	0	0	0
LOC118264640	putative inorganic phosphate cotransporter	1	1	0	0	0	0
LOC118278822	protein neuralized	1	1	0	0	0	0
LOC118266468	nose resistant to fluoxetine protein 6	1	1	0	0	0	0
LOC118275033	prestin	1	1	0	0	0	0
LOC118275045	uncharacterized LOC118275045	1	1	0	0	0	0
LOC118262816	probable pseudouridine-5'-phosphatase	1	1	0	0	0	0
LOC118282370	cytochrome P450 4C1	1	1	0	0	0	0
LOC118268405	PH and SEC7 domain-containing protein	1	1	0	0	0	0
LOC118279962	chorion class CB protein PC404-like	1	1	0	0	0	0
LOC118270497	homeobox protein Hox-D11a-like	1	1	0	0	0	0
LOC118273436	annulin	1	1	0	0	0	0
LOC118279347	hydroxylysine kinase	1	1	0	0	0	0
LOC118267378	fumarate hydratase, mitochondrial	1	1	0	0	0	0
LOC118267726	uncharacterized LOC118267726	1	1	0	0	0	0
LOC118262055	60S ribosomal protein L37-like	1	1	0	0	0	0
LOC118262515	lipopolysaccharide-induced tumor necrosis factor-alpha factor homolog	1	1	0	0	0	0
LOC118281627	eukaryotic translation initiation factor 3 subunit G	1	1	0	0	0	0
LOC118264317	phenoloxidase-activating enzyme	1	1	0	0	0	0
LOC118273530	uncharacterized LOC118273530	1	1	0	0	0	0
LOC118266204	calphotin-like	1	1	0	0	0	0
LOC118279417	UDP-glucosyltransferase 2-like	1	1	0	0	0	0
LOC118276367	D-3-phosphoglycerate dehydrogenase	1	1	0	0	0	0
LOC118273444	intraflagellar transport protein 80 homolog	1	1	0	0	0	0
LOC118265154	lysosomal-trafficking regulator	1	1	0	0	0	0
LOC126912952	prefoldin subunit 2	1	1	0	0	0	0
LOC126911304	uncharacterized LOC126911304	1	1	0	0	0	0
LOC118274912	lysosomal acid glucosylceramidase-like	1	1	0	0	0	0
LOC118277691	TGF-beta receptor type-1	1	1	0	0	0	0
LOC118282340	cell surface glycoprotein 1	1	1	0	0	0	0
LOC118272620	protein FAM135B	1	1	0	0	0	0
LOC118265099	uncharacterized LOC118265099	1	1	0	0	0	0
LOC118269357	sec1 family domain-containing protein 2-like	1	1	0	0	0	0
LOC118272116	protein drumstick	1	1	0	0	0	0
LOC118265139	mesoderm induction early response protein 1	1	1	0	0	0	0
LOC126911607	translation initiation factor IF-2-like	1	1	0	0	0	0
LOC118264996	arrestin domain-containing protein 17-like	1	1	0	0	0	0
LOC118262712	uncharacterized LOC118262712	1	1	0	0	0	0
LOC118265813	adipokinetic hormone/corazonin-related peptide receptor variant I	1	1	0	0	0	0
LOC118278067	kinesin-like protein Klp61F	1	1	0	0	0	0
LOC126912201	uncharacterized LOC126912201	1	1	0	0	0	0
LOC118263306	proton channel OtopLc	1	1	0	0	0	0
LOC118280721	zinc finger protein 579	1	1	0	0	0	0
LOC118266727	zinc carboxypeptidase A 1	1	1	0	0	0	0
LOC118265426	uncharacterized LOC118265426	1	1	0	0	0	0
LOC118265177	uncharacterized LOC118265177	1	1	0	0	0	0
LOC118263838	uncharacterized LOC118263838	1	1	0	0	0	0
LOC118278304	EH domain-containing protein 3	1	1	0	0	0	0
LOC118278823	uncharacterized LOC118278823	1	1	0	0	0	0
LOC118273130	FMR1-interacting protein NUFIP1	1	1	0	0	0	0
LOC118272882	F-actin-uncapping protein LRRC16A	1	1	0	0	0	0
LOC126912343	uncharacterized LOC126912343	1	1	0	0	0	0
LOC118262999	uncharacterized LOC118262999	1	1	0	0	0	0
LOC118262614	4'-phosphopantetheine phosphatase	1	1	0	0	0	0
LOC118276565	uncharacterized LOC118276565	1	1	0	0	0	0
LOC118273986	3'-5' RNA helicase YTHDC2	1	1	0	0	0	0
LOC118270667	uncharacterized LOC118270667	1	1	0	0	0	0
LOC118271699	mitogen-activated protein kinase kinase kinase 7	1	1	0	0	0	0
LOC118264901	integral membrane protein GPR180	1	1	0	0	0	0
LOC118282217	protein vein	1	1	0	0	0	0
LOC118282244	glutathione S-transferase 1	1	1	0	0	0	0
LOC118276176	organic cation transporter protein	1	1	0	0	0	0
LOC118280370	fatty acyl-CoA reductase wat-like	1	1	0	0	0	0
LOC118275260	protein doublesex	1	1	0	0	0	0
LOC118273235	dedicator of cytokinesis protein 7	1	1	0	0	0	0
LOC118262875	uncharacterized LOC118262875	1	1	0	0	0	0
LOC118266455	allergen Tha p 1-like	1	1	0	0	0	0
LOC118263651	uncharacterized LOC118263651	1	1	0	0	0	0
LOC118277457	uncharacterized LOC118277457	1	1	0	0	0	0
LOC118274443	short-chain specific acyl-CoA dehydrogenase, mitochondrial	1	1	0	0	0	0
LOC118279613	polypeptide N-acetylgalactosaminyltransferase 1	1	1	0	0	0	0
Trnai-uau	transfer RNA isoleucine (anticodon UAU)	1	1	0	0	0	0
LOC118267220	uncharacterized LOC118267220	1	1	0	0	0	0
LOC118280361	uncharacterized LOC118280361	1	1	0	0	0	0
LOC118268665	uncharacterized LOC118268665	1	1	0	0	0	0
LOC118278937	zinc finger imprinted 3-like	1	1	0	0	0	0
LOC118267022	TNF receptor-associated factor 4	1	1	0	0	0	0
LOC118278836	uncharacterized LOC118278836	1	1	0	0	0	0
LOC118261877	uncharacterized LOC118261877	1	1	0	0	0	0
LOC118277651	uncharacterized LOC118277651	1	1	0	0	0	0
LOC118262769	probable phospholipid-transporting ATPase IIB	1	1	0	0	0	0
LOC118273480	dynein axonemal heavy chain 7	1	1	0	0	0	0
LOC118279201	39S ribosomal protein L54, mitochondrial	1	1	0	0	0	0
LOC118280335	gamma-secretase subunit pen-2	1	1	0	0	0	0
LOC118269339	cyclin-dependent kinase 12	1	1	0	0	0	0
LOC118270068	uncharacterized LOC118270068	1	1	0	0	0	0
LOC118266684	probable serine hydrolase	1	1	0	0	0	0
LOC118276438	glycerol-3-phosphate phosphatase	1	1	0	0	0	0
LOC118276023	catalase-like	1	1	0	0	0	0
LOC118266669	myeloid differentiation primary response protein MyD88	1	1	0	0	0	0
LOC118279489	mucin-2	1	1	0	0	0	0
LOC118267482	polyadenylate-binding protein 1-A-like	1	1	0	0	0	0
LOC118277183	peptidyl-prolyl cis-trans isomerase Fkbp12	1	1	0	0	0	0
LOC118278643	probable tyrosyl-DNA phosphodiesterase	1	1	0	0	0	0
LOC118263164	uncharacterized LOC118263164	1	1	0	0	0	0
LOC118270049	uncharacterized LOC118270049	1	1	0	0	0	0
LOC118272724	condensin complex subunit 2	1	1	0	0	0	0
LOC118269501	5S ribosomal RNA	1	1	0	0	0	0
LOC118277362	phosphoinositide 3-kinase regulatory subunit 4	1	0	1	0	0	0
LOC126912017	uncharacterized LOC126912017	1	0	1	0	0	0
LOC118277387	putative transcription factor SOX-15	1	0	1	0	0	0
LOC118281649	2-oxoglutarate dehydrogenase complex component E1	1	0	1	0	0	0
LOC126911738	5S ribosomal RNA	1	0	1	0	0	0
LOC118263295	uncharacterized LOC118263295	1	0	1	0	0	0
LOC118277516	uncharacterized LOC118277516	1	0	1	0	0	0
LOC118269136	kazrin	1	0	1	0	0	0
LOC118262885	nudC domain-containing protein 1	1	0	1	0	0	0
LOC118277874	coiled-coil domain-containing protein R3HCC1L	1	0	1	0	0	0
LOC118277859	phosphatidylinositol 4-kinase type 2-beta	1	0	1	0	0	0
LOC118275545	uncharacterized LOC118275545	1	0	1	0	0	0
LOC118262653	uncharacterized LOC118262653	1	0	1	0	0	0
LOC126910764	interference hedgehog-like	1	0	1	0	0	0
LOC118277311	uncharacterized LOC118277311	1	0	1	0	0	0
LOC118266775	ribosomal protein S6 kinase beta-1	1	0	1	0	0	0
LOC118270156	small nucleolar RNA U3	1	0	1	0	0	0
LOC118274222	mortality factor 4-like protein 1	1	0	1	0	0	0
LOC118281871	sodium-independent sulfate anion transporter-like	1	0	1	0	0	0
LOC118281669	glycine dehydrogenase (decarboxylating), mitochondrial	1	0	1	0	0	0
LOC118275121	zinc finger protein 184-like	1	0	1	0	0	0
LOC118267163	sesquipedalian-1	1	0	1	0	0	0
LOC118280779	ankyrin-2	1	0	1	0	0	0
LOC118268551	uncharacterized LOC118268551	1	0	1	0	0	0
LOC118277336	uncharacterized LOC118277336	1	0	1	0	0	0
LOC118276055	endoribonuclease Dicer	1	0	1	0	0	0
LOC118281851	mRNA-capping enzyme	1	0	1	0	0	0
LOC118264703	uncharacterized LOC118264703	1	0	1	0	0	0
LOC118262531	cyclic AMP-dependent transcription factor ATF-6 alpha	1	0	1	0	0	0
LOC118281268	cytoplasmic FMR1-interacting protein	1	0	1	0	0	0
LOC118273453	cysteine desulfurase, mitochondrial	1	0	1	0	0	0
LOC118275831	proline-, glutamic acid- and leucine-rich protein 1	1	0	1	0	0	0
LOC118276219	uncharacterized LOC118276219	1	0	1	0	0	0
LOC118266466	putative phosphatidate phosphatase	1	0	1	0	0	0
LOC118277161	uncharacterized LOC118277161	1	0	1	0	0	0
LOC118261801	histidine-rich glycoprotein-like	1	0	1	0	0	0
LOC118274664	fructose-bisphosphate aldolase	1	0	1	0	0	0
LOC118281554	uncharacterized LOC118281554	1	0	1	0	0	0
LOC118274077	glutathione S-transferase 1-like	1	0	1	0	0	0
LOC118269196	titin	1	0	1	0	0	0
LOC118267743	spectrin beta chain	1	0	1	0	0	0
LOC118269347	probable G-protein coupled receptor Mth-like 2	1	0	1	0	0	0
LOC118265367	uncharacterized LOC118265367	1	0	1	0	0	0
LOC118269276	uncharacterized LOC118269276	1	0	1	0	0	0
LOC118278706	suppressor of cytokine signaling 5	1	0	1	0	0	0
LOC118280590	nuclear factor 1 X-type	1	0	1	0	0	0
LOC118274766	alpha-tocopherol transfer protein-like	1	0	1	0	0	0
Trnaf-gaa	transfer RNA phenylalanine (anticodon GAA)	1	0	1	0	0	0
LOC118267578	beta-hexosaminidase subunit beta	1	0	1	0	0	0
LOC118278712	32 kDa beta-galactoside-binding lectin-like	1	0	1	0	0	0
LOC118268445	40S ribosomal protein S14	1	0	1	0	0	0
LOC118265423	uncharacterized LOC118265423	1	0	1	0	0	0
LOC118263756	elongation of very long chain fatty acids protein 4	1	0	1	0	0	0
LOC118276272	BTB/POZ domain-containing protein KCTD12	1	0	1	0	0	0
LOC118269083	potassium/sodium hyperpolarization-activated cyclic nucleotide-gated channel 2-like	1	0	1	0	0	0
LOC118267183	lysophospholipid acyltransferase 5	1	0	1	0	0	0
LOC118265093	ribosome-binding protein 1	1	0	1	0	0	0
LOC118280377	uncharacterized LOC118280377	1	0	1	0	0	0
LOC118279615	protein prune homolog 2	1	0	1	0	0	0
LOC118276437	oxygen-dependent coproporphyrinogen-III oxidase	1	0	1	0	0	0
LOC118267663	uncharacterized LOC118267663	1	0	1	0	0	0
LOC118280995	RNA pseudouridylate synthase domain-containing protein 1	1	0	1	0	0	0
LOC118274034	uncharacterized LOC118274034	1	0	1	0	0	0
LOC118263013	proteasome subunit beta type-6	1	0	1	0	0	0
LOC118270217	nucleolar protein 14 homolog	1	0	1	0	0	0
LOC118269257	membrane-bound alkaline phosphatase	1	0	1	0	0	0
LOC118268143	mannosyl-oligosaccharide alpha-1,2-mannosidase IA-like	1	0	1	0	0	0
LOC118267217	ubiquitin carboxyl-terminal hydrolase isozyme L5	1	0	1	0	0	0
LOC118270920	DNA polymerase subunit gamma-1, mitochondrial	1	0	1	0	0	0
LOC118264194	uncharacterized LOC118264194	1	0	1	0	0	0
LOC118273948	bifunctional methylenetetrahydrofolate dehydrogenase/cyclohydrolase 2, mitochondrial	1	0	1	0	0	0
LOC118274952	Fanconi anemia group J protein homolog	1	0	1	0	0	0
LOC118281926	uncharacterized LOC118281926	1	0	1	0	0	0
LOC118273950	uncharacterized LOC118273950	1	0	1	0	0	0
LOC118268493	uncharacterized LOC118268493	1	0	1	0	0	0
LOC118272862	uncharacterized LOC118272862	1	0	1	0	0	0
LOC118274025	acetylcholine receptor subunit beta-like 2	1	0	1	0	0	0
LOC118263316	RNA polymerase II subunit A C-terminal domain phosphatase SSU72	1	0	1	0	0	0
LOC118279399	uncharacterized LOC118279399	1	0	1	0	0	0
LOC126911031	uncharacterized LOC126911031	1	0	1	0	0	0
LOC118273677	carnitine O-acetyltransferase	1	0	1	0	0	0
LOC126912162	mucin-4-like	1	0	1	0	0	0
LOC118281723	uncharacterized LOC118281723	1	0	1	0	0	0
LOC118271337	uncharacterized LOC118271337	1	0	1	0	0	0
LOC118281561	pyruvate kinase	1	0	1	0	0	0
LOC118282052	uncharacterized LOC118282052	1	0	1	0	0	0
LOC118274012	casein kinase I	1	0	1	0	0	0
LOC118269334	lutropin-choriogonadotropic hormone receptor	1	0	1	0	0	0
LOC118280333	dynein regulatory complex protein 11-like	1	0	1	0	0	0
LOC118278539	protein phosphatase 1 regulatory subunit 3C	1	0	1	0	0	0
LOC118276299	uncharacterized LOC118276299	1	0	1	0	0	0
LOC118270110	WD40 repeat-containing protein SMU1	1	0	1	0	0	0
LOC118267764	uncharacterized LOC118267764	1	0	1	0	0	0
LOC118263317	ethanolamine kinase	1	0	1	0	0	0
LOC118281177	uncharacterized transmembrane protein DDB_G0289901-like	1	0	1	0	0	0
LOC118282160	antichymotrypsin-2	1	0	1	0	0	0
LOC118272569	uncharacterized LOC118272569	1	0	1	0	0	0
LOC118267563	helix-loop-helix protein 1	1	0	1	0	0	0
LOC118282201	proton-coupled folate transporter	1	0	1	0	0	0
LOC118281112	la-related protein 1B	1	0	1	0	0	0
LOC118274202	dolichol kinase	1	0	1	0	0	0
LOC118268202	GTP-binding protein SAR1b	1	0	1	0	0	0
LOC118275137	somatomedin-B and thrombospondin type-1 domain-containing protein	1	0	1	0	0	0
LOC118273054	small nuclear ribonucleoprotein-associated protein B	1	0	1	0	0	0
LOC118262905	ribonuclease H1-like	1	0	1	0	0	0
LOC118264299	ecdysone oxidase	1	0	1	0	0	0
LOC118265187	sulfhydryl oxidase 1	1	0	1	0	0	0
LOC118264350	uncharacterized LOC118264350	1	0	1	0	0	0
LOC118267773	transmembrane protein 151B	1	0	1	0	0	0
LOC118264905	parkin coregulated gene protein homolog	1	0	1	0	0	0
LOC118280349	uncharacterized LOC118280349	1	0	1	0	0	0
LOC118274802	glucose dehydrogenase [FAD, quinone]	1	0	1	0	0	0
LOC118279332	cell adhesion molecule Dscam2-like	1	0	1	0	0	0
LOC118274548	uncharacterized LOC118274548	1	0	1	0	0	0
LOC118261825	retinol dehydrogenase 13-like	1	0	1	0	0	0
LOC118275562	high affinity copper uptake protein 1	1	0	1	0	0	0
LOC118268073	protein disulfide-isomerase A6 homolog	1	0	1	0	0	0
LOC118273847	protein prenyltransferase alpha subunit repeat-containing protein 1	1	0	1	0	0	0
LOC118262305	cholinesterase 1	1	0	1	0	0	0
LOC118279397	uncharacterized LOC118279397	1	0	1	0	0	0
LOC118265883	RNA 3'-terminal phosphate cyclase	1	0	1	0	0	0
LOC118266776	RPA-interacting protein	1	0	1	0	0	0
LOC118277430	long-chain fatty acid transport protein 1	1	0	1	0	0	0
LOC118271500	protein cramped	1	0	1	0	0	0
LOC118272260	neurofilament medium polypeptide	1	0	1	0	0	0
LOC126912419	uncharacterized LOC126912419	1	0	1	0	0	0
LOC118280643	potassium voltage-gated channel protein Shal	1	0	1	0	0	0
LOC118270558	uncharacterized LOC118270558	1	0	1	0	0	0
LOC118277428	facilitated trehalose transporter Tret1	1	0	1	0	0	0
LOC118267781	probable methyltransferase-like protein 25	1	0	1	0	0	0
LOC118269755	peroxidase-like	1	0	1	0	0	0
LOC118265559	peptidoglycan-recognition protein 2	1	0	1	0	0	0
LOC118279891	uncharacterized LOC118279891	1	0	1	0	0	0
LOC118265191	flotillin-1	1	0	1	0	0	0
LOC118262384	potassium voltage-gated channel unc-103-like	1	0	1	0	0	0
LOC118262567	uncharacterized LOC118262567	1	0	1	0	0	0
LOC118261729	synapsin	1	0	1	0	0	0
LOC118277811	uncharacterized LOC118277811	1	0	1	0	0	0
LOC118278885	cyclin-dependent kinase 9	1	0	1	0	0	0
LOC118279627	putative ATP-dependent RNA helicase TDRD12	1	0	1	0	0	0
LOC118276585	proton-coupled amino acid transporter-like protein CG1139	1	0	1	0	0	0
LOC118269105	probable cytochrome P450 49a1	1	0	1	0	0	0
LOC118270288	dedicator of cytokinesis protein 1	1	0	1	0	0	0
LOC118278884	probable WRKY transcription factor protein 1	1	0	1	0	0	0
LOC126910848	protein VAC14 homolog	1	0	1	0	0	0
LOC118262510	retinol dehydrogenase 11	1	0	1	0	0	0
LOC118263506	uncharacterized LOC118263506	1	0	1	0	0	0
LOC118264714	gastrula zinc finger protein XlCGF57.1-like	1	0	1	0	0	0
LOC118264853	uncharacterized LOC118264853	1	0	1	0	0	0
LOC118277813	uncharacterized LOC118277813	1	0	1	0	0	0
LOC118279744	uncharacterized LOC118279744	1	0	1	0	0	0
LOC118262801	uncharacterized LOC118262801	1	0	1	0	0	0
LOC118263544	chromatin-remodeling complex ATPase chain Iswi	1	0	1	0	0	0
LOC118271333	DNA ligase 4	1	0	1	0	0	0
LOC118271267	histone acetyltransferase KAT2A	1	0	1	0	0	0
LOC126911762	uncharacterized LOC126911762	1	0	1	0	0	0
LOC118265604	uncharacterized LOC118265604	1	0	1	0	0	0
LOC118274674	PHD finger protein 12-like	1	0	1	0	0	0
LOC126912006	uncharacterized LOC126912006	1	0	1	0	0	0
LOC118267031	uncharacterized LOC118267031	1	0	1	0	0	0
LOC126910826	protein CWC15 homolog	1	0	1	0	0	0
LOC118277801	putative uncharacterized protein DDB_G0291608	1	0	1	0	0	0
LOC118277944	uncharacterized LOC118277944	1	0	1	0	0	0
LOC118275925	transcription factor kayak	1	0	1	0	0	0
LOC118267837	uncharacterized LOC118267837	1	0	1	0	0	0
LOC118282112	protein sly1 homolog	1	0	1	0	0	0
LOC118278285	SWI/SNF complex subunit SMARCC2	1	0	1	0	0	0
LOC118274725	pickpocket protein 28-like	1	0	1	0	0	0
LOC118272045	kelch-like protein 3	1	0	1	0	0	0
LOC118269107	palmitoyltransferase ZDHHC8	1	0	1	0	0	0
LOC118271977	uncharacterized LOC118271977	1	0	1	0	0	0
LOC118271388	uncharacterized LOC118271388	1	0	1	0	0	0
LOC118264656	deoxyhypusine hydroxylase	1	0	1	0	0	0
LOC118265211	WD repeat-containing protein on Y chromosome	1	0	1	0	0	0
LOC118275422	steroid hormone receptor ERR1	1	0	1	0	0	0
LOC118278735	zinc finger protein 248-like	1	0	1	0	0	0
LOC126912218	uncharacterized LOC126912218	1	0	1	0	0	0
LOC118277479	ATP-dependent RNA helicase DDX24	1	0	1	0	0	0
LOC118280010	talin-1	1	0	1	0	0	0
LOC118275890	G protein-activated inward rectifier potassium channel 4-like	1	0	1	0	0	0
LOC118262060	pancreatic triacylglycerol lipase	1	0	1	0	0	0
LOC118273460	uncharacterized LOC118273460	1	0	1	0	0	0
LOC118266723	nephrin	1	0	1	0	0	0
LOC118263889	trypsin beta-like	1	0	1	0	0	0
LOC126912202	ankyrin repeat and MYND domain-containing protein 2	1	0	1	0	0	0
LOC118272066	protein gustavus	1	0	1	0	0	0
LOC118280464	uncharacterized LOC118280464	1	0	1	0	0	0
LOC118265380	neuromedin-U receptor 2-like	1	0	1	0	0	0
LOC126911742	5S ribosomal RNA	1	0	1	0	0	0
LOC118280405	zinc finger protein OZF-like	1	0	1	0	0	0
LOC118279107	circadian clock-controlled protein daywake	1	0	1	0	0	0
LOC118276190	DCN1-like protein 5	1	0	1	0	0	0
LOC118279238	slit homolog 3 protein	1	0	1	0	0	0
LOC118271822	carboxypeptidase A1	1	0	1	0	0	0
LOC118275785	uncharacterized LOC118275785	1	0	1	0	0	0
LOC118263789	uncharacterized LOC118263789	1	0	1	0	0	0
LOC118261816	lachesin	1	0	1	0	0	0
LOC118270747	uncharacterized LOC118270747	1	0	1	0	0	0
LOC118281221	uncharacterized LOC118281221	1	0	1	0	0	0
LOC118278506	eukaryotic peptide chain release factor subunit 1	1	0	1	0	0	0
LOC118274133	synaptotagmin-4	1	0	1	0	0	0
LOC118275101	odorant receptor coreceptor	1	0	1	0	0	0
LOC118267433	fasciclin-2	1	0	1	0	0	0
LOC118277073	nuclear transcription factor Y subunit gamma	1	0	1	0	0	0
LOC118276376	THAP domain-containing protein 1	1	0	1	0	0	0
LOC118270440	uncharacterized LOC118270440	1	0	1	0	0	0
Trnas-cga	transfer RNA serine (anticodon CGA)	1	0	1	0	0	0
LOC118276331	long-chain-fatty-acid--CoA ligase ACSBG2	1	0	1	0	0	0
LOC118262504	uncharacterized LOC118262504	1	0	1	0	0	0
LOC118279014	LIM domain-binding protein 2	1	0	1	0	0	0
LOC118269258	uncharacterized LOC118269258	1	0	1	0	0	0
LOC118273938	tropomyosin-2	1	0	1	0	0	0
LOC118273232	cullin-3	1	0	1	0	0	0
LOC118267817	connectin	1	0	1	0	0	0
LOC118275777	papilin	1	0	1	0	0	0
LOC118262897	pre-rRNA-processing protein TSR2 homolog	1	0	1	0	0	0
LOC118278788	32 kDa beta-galactoside-binding lectin	1	0	1	0	0	0
LOC118262441	surfeit locus protein 4 homolog	1	0	1	0	0	0
LOC118268626	probable cyclin-dependent serine/threonine-protein kinase DDB_G0292550	1	0	1	0	0	0
LOC118280801	growth/differentiation factor 8	1	0	1	0	0	0
LOC118272681	beta-1,3-glucan-binding protein-like	1	0	1	0	0	0
LOC118280438	sorting and assembly machinery component 50 homolog	1	0	1	0	0	0
LOC118265965	proton-coupled folate transporter	1	0	1	0	0	0
LOC126911602	uncharacterized LOC126911602	1	0	1	0	0	0
LOC118273644	protein Wnt-10a	1	0	1	0	0	0
LOC118271169	multidrug resistance protein homolog 49-like	1	0	1	0	0	0
LOC118267257	endoplasmic reticulum resident protein 44	1	0	1	0	0	0
LOC118278963	uncharacterized LOC118278963	1	0	1	0	0	0
LOC118274705	clavesin-1	1	0	1	0	0	0
LOC118277337	GMP reductase 1	1	0	1	0	0	0
LOC118265557	arrestin domain-containing protein 5	1	0	1	0	0	0
LOC118265458	WD repeat-containing and planar cell polarity effector protein fritz	1	0	1	0	0	0
LOC118278153	tachykinins	1	0	1	0	0	0
LOC118274581	glucose dehydrogenase [FAD, quinone]	1	0	1	0	0	0
LOC118279338	uncharacterized LOC118279338	1	0	1	0	0	0
LOC126911364	uncharacterized LOC126911364	1	0	1	0	0	0
LOC118280524	interferon-related developmental regulator 2	1	0	1	0	0	0
LOC118265137	carotenoid isomerooxygenase	1	0	1	0	0	0
LOC118275167	adenosine deaminase 2	1	0	1	0	0	0
LOC126911425	uncharacterized LOC126911425	1	0	1	0	0	0
LOC118273350	transmembrane protein KIAA1109 homolog	1	0	1	0	0	0
LOC118275858	polyribonucleotide nucleotidyltransferase 1, mitochondrial	1	0	1	0	0	0
LOC118275215	cytospin-A	1	0	1	0	0	0
LOC118279362	uncharacterized LOC118279362	1	0	1	0	0	0
LOC118275362	spastin	1	0	1	0	0	0
LOC118271788	mucin-2-like	1	0	1	0	0	0
LOC118268888	3-oxoacyl-[acyl-carrier-protein] reductase FabG-like	1	0	1	0	0	0
LOC118263264	DNA-binding protein D-ETS-3	1	0	1	0	0	0
LOC118264784	MIF-like protein mif-2	1	0	1	0	0	0
LOC118270596	cytochrome P450 4C1	1	0	1	0	0	0
LOC118266008	nose resistant to fluoxetine protein 6-like	1	0	1	0	0	0
LOC118277100	vitellogenin receptor	1	0	1	0	0	0
LOC126912134	uncharacterized LOC126912134	1	0	1	0	0	0
LOC118281822	dyslexia-associated protein KIAA0319	1	0	1	0	0	0
LOC118276474	protein couch potato	1	0	1	0	0	0
LOC118279900	uncharacterized LOC118279900	1	0	1	0	0	0
LOC118268117	cell division cycle and apoptosis regulator protein 1	1	0	1	0	0	0
LOC118273107	protein slowmo	1	0	1	0	0	0
LOC118268783	solute carrier family 35 member F6	1	0	1	0	0	0
LOC118274076	ubiquitin-conjugating enzyme E2 Q2	1	0	1	0	0	0
LOC126910758	hypoxia up-regulated protein 1	1	0	1	0	0	0
LOC118275099	fructose-bisphosphate aldolase	1	0	1	0	0	0
LOC118279415	UDP-glycosyltransferase UGT5	1	0	1	0	0	0
LOC118264268	uncharacterized LOC118264268	1	0	1	0	0	0
LOC118263494	probable U3 small nucleolar RNA-associated protein 11	1	0	1	0	0	0
LOC118269778	uncharacterized LOC118269778	1	0	1	0	0	0
LOC118280984	xaa-Pro aminopeptidase ApepP	1	0	1	0	0	0
LOC118280740	paired box protein Pax-5	1	0	1	0	0	0
LOC118274085	uncharacterized LOC118274085	1	0	1	0	0	0
LOC118265574	phospholipase A1-like	1	0	1	0	0	0
LOC118265651	synaptic vesicle glycoprotein 2C-like	1	0	1	0	0	0
LOC118273870	uncharacterized LOC118273870	1	0	1	0	0	0
LOC118272874	uncharacterized LOC118272874	1	0	1	0	0	0
LOC118263204	small nucleolar RNA snR60/Z15/Z230/Z193/J17	1	0	1	0	0	0
LOC118271225	ubiquitin-like protein 3	1	0	1	0	0	0
LOC118277557	uncharacterized LOC118277557	1	0	1	0	0	0
LOC118269193	uncharacterized LOC118269193	1	0	1	0	0	0
LOC118271829	uncharacterized LOC118271829	1	0	1	0	0	0
LOC118278081	actin-related protein 10	1	0	1	0	0	0
LOC118280550	putative fatty acyl-CoA reductase CG5065	1	0	1	0	0	0
LOC118268685	uncharacterized LOC118268685	1	0	1	0	0	0
LOC118272794	tRNA-splicing endonuclease subunit Sen34	1	0	1	0	0	0
LOC126911272	uncharacterized LOC126911272	1	0	1	0	0	0
LOC118266084	E3 SUMO-protein ligase PIAS3	1	0	1	0	0	0
LOC118279116	uncharacterized LOC118279116	1	0	1	0	0	0
LOC118264635	cytochrome P450 9e2	1	0	1	0	0	0
LOC118273108	phosphatidylserine synthase	1	0	1	0	0	0
LOC118268463	uncharacterized LOC118268463	1	0	1	0	0	0
LOC118279034	putative Dol-P-Glc:Glc(2)Man(9)GlcNAc(2)-PP-Dol alpha-1,2-glucosyltransferase	1	0	1	0	0	0
LOC126910815	uncharacterized LOC126910815	1	0	1	0	0	0
LOC118268502	sushi, von Willebrand factor type A, EGF and pentraxin domain-containing protein 1	1	0	1	0	0	0
LOC118268171	acidic leucine-rich nuclear phosphoprotein 32 family member A	1	0	1	0	0	0
LOC118278293	regucalcin-like	1	0	1	0	0	0
LOC118268714	protein yippee-like	1	0	1	0	0	0
LOC118270216	uncharacterized LOC118270216	1	0	1	0	0	0
LOC118273853	15-hydroxyprostaglandin dehydrogenase [NAD(+)]-like	1	0	1	0	0	0
LOC118268401	sodium- and chloride-dependent glycine transporter 1	1	0	1	0	0	0
LOC118263022	tRNA N(3)-methylcytidine methyltransferase METTL6	1	0	1	0	0	0
LOC118268270	dynactin subunit 6	1	0	1	0	0	0
LOC118273711	uncharacterized LOC118273711	1	0	1	0	0	0
LOC118281251	thyrotropin-releasing hormone-degrading ectoenzyme	1	0	1	0	0	0
LOC118264646	poly(A)-specific ribonuclease PARN	1	0	1	0	0	0
LOC126912793	uncharacterized LOC126912793	1	0	1	0	0	0
LOC118281552	glycogen debranching enzyme	1	0	1	0	0	0
LOC118268366	aminopeptidase N	1	0	1	0	0	0
LOC126912774	uncharacterized LOC126912774	1	0	1	0	0	0
LOC118269996	prefoldin subunit 5	1	0	1	0	0	0
LOC118280797	trypsin, alkaline C-like	1	0	1	0	0	0
LOC118263434	ubiquitin carboxyl-terminal hydrolase 46	1	0	1	0	0	0
LOC118277512	glycosylphosphatidylinositol anchor attachment 1 protein	1	0	1	0	0	0
LOC118270921	AP-1 complex subunit mu-1	1	0	1	0	0	0
LOC118268508	acid sphingomyelinase-like phosphodiesterase 3a	1	0	1	0	0	0
LOC118281099	uncharacterized LOC118281099	1	0	1	0	0	0
LOC118262625	general transcription factor IIF subunit 1	1	0	1	0	0	0
LOC126912484	uncharacterized LOC126912484	1	0	1	0	0	0
LOC118266135	esterase E4-like	1	0	1	0	0	0
LOC118276254	sorting nexin-12	1	0	1	0	0	0
LOC118280528	uncharacterized LOC118280528	1	0	1	0	0	0
LOC118263590	trypsin 3A1	1	0	1	0	0	0
LOC118281925	uncharacterized LOC118281925	1	0	1	0	0	0
LOC118269701	uncharacterized LOC118269701	1	0	1	0	0	0
LOC118280039	uncharacterized LOC118280039	1	0	1	0	0	0
LOC118273066	major facilitator superfamily domain-containing protein 1-like	1	0	1	0	0	0
LOC118276482	uncharacterized LOC118276482	1	0	1	0	0	0
LOC118267165	ATP-binding cassette sub-family C member Sur-like	1	0	1	0	0	0
LOC118266818	transcription initiation factor TFIID subunit 2	1	0	1	0	0	0
LOC118265681	uncharacterized LOC118265681	1	0	1	0	0	0
LOC118279366	glucose dehydrogenase [FAD, quinone]	1	0	1	0	0	0
LOC118268593	origin recognition complex subunit 2	1	0	1	0	0	0
LOC118261988	pancreatic triacylglycerol lipase	1	0	1	0	0	0
LOC118277892	semaphorin-5A	1	0	1	0	0	0
LOC118263531	proton-coupled amino acid transporter-like protein pathetic	1	0	1	0	0	0
LOC118272748	xylosyltransferase oxt	1	0	1	0	0	0
LOC118262087	endocuticle structural glycoprotein ABD-5	1	0	1	0	0	0
LOC118267903	thyroid adenoma-associated protein homolog	1	0	1	0	0	0
LOC118266825	uncharacterized LOC118266825	1	0	1	0	0	0
LOC118266741	serine/threonine-protein kinase PLK4	1	0	1	0	0	0
LOC118267556	40S ribosomal protein S12, mitochondrial	1	0	1	0	0	0
LOC118262578	uncharacterized LOC118262578	1	0	1	0	0	0
LOC118274163	mitochondrial import inner membrane translocase subunit TIM50-C	1	0	1	0	0	0
LOC126911062	hemicentin-1-like	1	0	1	0	0	0
LOC118272689	RAB11-binding protein RELCH homolog	1	0	1	0	0	0
LOC126911877	uncharacterized LOC126911877	1	0	1	0	0	0
LOC118262046	protein THEM6	1	0	1	0	0	0
LOC118272749	protein ecdysoneless homolog	1	0	1	0	0	0
LOC118268962	G-protein coupled receptor Mth2	1	0	1	0	0	0
LOC118281602	NADP-dependent malic enzyme-like	1	0	1	0	0	0
LOC118273801	probable isocitrate dehydrogenase [NAD] subunit alpha, mitochondrial	1	0	1	0	0	0
LOC118282202	proton-coupled folate transporter	1	0	1	0	0	0
LOC118273808	cytochrome b5	1	0	1	0	0	0
LOC126911581	uncharacterized LOC126911581	1	0	1	0	0	0
LOC118269247	ubiquitin carboxyl-terminal hydrolase 5	1	0	1	0	0	0
LOC118263321	eukaryotic translation initiation factor 5B	1	0	1	0	0	0
LOC118279264	V-type proton ATPase subunit C	1	0	1	0	0	0
LOC118273531	cytochrome b-c1 complex subunit Rieske, mitochondrial	1	0	1	0	0	0
LOC118267071	TRPL translocation defect protein 14-like	1	0	1	0	0	0
LOC118280628	rho GTPase-activating protein 190	1	0	1	0	0	0
LOC118265981	peroxisomal leader peptide-processing protease	1	0	1	0	0	0
LOC118281247	uncharacterized LOC118281247	1	0	1	0	0	0
LOC118280745	membrane-associated guanylate kinase, WW and PDZ domain-containing protein 1	1	0	1	0	0	0
LOC118272859	serine/threonine-protein kinase SMG1	1	0	1	0	0	0
LOC118272416	facilitated trehalose transporter Tret1	1	0	1	0	0	0
LOC118274703	cholesterol transporter ABCA5	1	0	1	0	0	0
LOC118277012	protein argonaute-2-like	1	0	1	0	0	0
LOC118268979	uncharacterized LOC118268979	1	0	1	0	0	0
LOC118275761	kinesin-like protein KIF18A	1	0	1	0	0	0
LOC118264093	axin	1	0	1	0	0	0
LOC118268865	integrin alpha-PS1	1	0	1	0	0	0
LOC118266307	alpha-N-acetylgalactosaminidase-like	1	0	1	0	0	0
LOC118272714	uncharacterized LOC118272714	1	0	1	0	0	0
LOC118265097	mucin-2-like	1	0	1	0	0	0
LOC118268403	uncharacterized LOC118268403	1	0	1	0	0	0
LOC118281775	thymidylate kinase	1	0	1	0	0	0
LOC118269386	sodium-dependent serotonin transporter	1	0	1	0	0	0
LOC118272314	glutaminase liver isoform, mitochondrial	1	0	1	0	0	0
LOC118281773	fas-associated death domain protein	1	0	1	0	0	0
LOC118262859	60S ribosomal protein L10a-like	1	0	1	0	0	0
LOC118269303	calpain-7-like	1	0	1	0	0	0
LOC118275878	neurochondrin homolog	1	0	1	0	0	0
LOC118274484	ubiquitin carboxyl-terminal hydrolase 32	1	0	1	0	0	0
LOC118282345	larval cuticle protein LCP-22	1	0	1	0	0	0
LOC118278222	apyrase-like	1	0	1	0	0	0
LOC118266431	uncharacterized LOC118266431	1	0	1	0	0	0
LOC118267999	protein lin-52 homolog	1	0	1	0	0	0
LOC118276397	uncharacterized LOC118276397	1	0	1	0	0	0
LOC126911404	uncharacterized LOC126911404	1	0	1	0	0	0
LOC118268154	guanine nucleotide-binding protein G(q) subunit alpha	1	0	1	0	0	0
LOC118281767	26S proteasome non-ATPase regulatory subunit 4	1	0	1	0	0	0
LOC118273747	mRNA cap guanine-N7 methyltransferase	1	0	1	0	0	0
LOC118266111	juvenile hormone esterase	1	0	1	0	0	0
LOC126911469	uncharacterized LOC126911469	1	0	1	0	0	0
LOC126911891	ATP-dependent DNA helicase PIF1-like	1	0	1	0	0	0
LOC118270540	RNA-binding protein 24-B	1	0	1	0	0	0
LOC118270272	WASH complex subunit 2	1	0	1	0	0	0
LOC118269098	uncharacterized LOC118269098	1	0	1	0	0	0
LOC126911232	required for meiotic nuclear division protein 1 homolog	1	0	1	0	0	0
LOC118280602	uncharacterized LOC118280602	1	0	1	0	0	0
LOC118268885	17-beta-hydroxysteroid dehydrogenase 14-like	1	0	1	0	0	0
LOC126911873	uncharacterized LOC126911873	1	0	1	0	0	0
LOC118269739	trypsin-like	1	0	1	0	0	0
LOC118276517	transcriptional repressor scratch 2-like	1	0	1	0	0	0
LOC118266903	uncharacterized LOC118266903	1	0	1	0	0	0
LOC118278922	zinc finger protein 543-like	1	0	1	0	0	0
LOC118276491	tyrosine-protein phosphatase non-receptor type 21	1	0	1	0	0	0
LOC118272515	U3 small nucleolar RNA-associated protein 6 homolog	1	0	1	0	0	0
LOC118272897	exonuclease 1	1	0	1	0	0	0
LOC118264923	pyrokinin-1 receptor	1	0	1	0	0	0
LOC118278399	uncharacterized LOC118278399	1	0	1	0	0	0
LOC118265225	myophilin	1	0	1	0	0	0
LOC118271298	probable protein phosphatase 2C T23F11.1	1	0	1	0	0	0
LOC118264054	cytochrome P450 9e2-like	1	0	1	0	0	0
LOC118271654	elongation factor 1-beta'	1	0	1	0	0	0
LOC118265511	aminoacylase-1	1	0	1	0	0	0
LOC118273397	golgin subfamily A member 1	1	0	1	0	0	0
LOC118264514	uncharacterized LOC118264514	1	0	1	0	0	0
LOC118281853	beta-lactamase-like protein 2 homolog	1	0	1	0	0	0
LOC118270282	nucleoplasmin-like protein	1	0	1	0	0	0
LOC118262103	uncharacterized LOC118262103	1	0	1	0	0	0
LOC118279121	nose resistant to fluoxetine protein 6-like	1	0	1	0	0	0
LOC118265088	proton-coupled amino acid transporter-like protein pathetic	1	0	1	0	0	0
LOC118271978	uncharacterized LOC118271978	1	0	1	0	0	0
LOC118274814	uncharacterized LOC118274814	1	0	1	0	0	0
LOC118266423	uncharacterized LOC118266423	1	0	1	0	0	0
LOC118274274	collagen and calcium-binding EGF domain-containing protein 1	1	0	1	0	0	0
LOC118270791	melanotransferrin	1	0	1	0	0	0
LOC118263235	coatomer subunit beta	1	0	1	0	0	0
LOC118263017	RNA-binding protein 33-like	1	0	1	0	0	0
LOC118267564	leukocyte surface antigen CD53	1	0	1	0	0	0
LOC126911740	5S ribosomal RNA	1	0	1	0	0	0
LOC118278660	protein slit	1	0	1	0	0	0
LOC118266597	band 7 protein AGAP004871	1	0	1	0	0	0
LOC126911872	uncharacterized LOC126911872	1	0	1	0	0	0
LOC118278442	carboxypeptidase B-like	1	0	1	0	0	0
LOC118275525	zinc transporter ZIP1	1	0	1	0	0	0
LOC118264167	transmembrane protein 70 homolog, mitochondrial	1	0	1	0	0	0
LOC126912297	uncharacterized LOC126912297	1	0	1	0	0	0
LOC118263296	exocyst complex component 7	1	0	1	0	0	0
LOC118261739	uncharacterized LOC118261739	1	0	1	0	0	0
LOC118268397	ELMO domain-containing protein 2	1	0	1	0	0	0
LOC118263082	uncharacterized LOC118263082	1	0	1	0	0	0
LOC118274551	vacuolar protein sorting-associated protein 45	1	0	1	0	0	0
LOC118267312	splicing factor 3B subunit 1	1	0	1	0	0	0
LOC118279398	paired box pox-neuro protein	1	0	1	0	0	0
LOC118276479	circadian clock-controlled protein daywake	1	0	1	0	0	0
LOC126910844	uncharacterized LOC126910844	1	0	1	0	0	0
LOC118269035	uncharacterized LOC118269035	1	0	1	0	0	0
LOC118265053	protein croquemort	1	0	1	0	0	0
LOC118280504	anoctamin-4	1	0	1	0	0	0
LOC126911011	protein tumorous imaginal discs, mitochondrial-like	1	0	1	0	0	0
LOC118268505	serine protease 27	1	0	1	0	0	0
LOC118281790	FACT complex subunit Ssrp1	1	0	1	0	0	0
LOC126911700	uncharacterized LOC126911700	1	0	1	0	0	0
LOC118278997	UDP-glucose 6-dehydrogenase	1	0	1	0	0	0
LOC118262423	uncharacterized protein CG7065	1	0	1	0	0	0
LOC118269590	histone-lysine N-methyltransferase, H3 lysine-79 specific	1	0	1	0	0	0
LOC118266855	glutamate receptor ionotropic, kainate glr-3	1	0	1	0	0	0
LOC118269846	oxysterol-binding protein-related protein 1	1	0	1	0	0	0
LOC126910618	asparagine-rich protein-like	1	0	1	0	0	0
LOC118269450	17-beta-hydroxysteroid dehydrogenase 14-like	1	0	1	0	0	0
LOC118274221	axoneme-associated protein mst101(2)-like	1	0	1	0	0	0
LOC118264932	neuromedin-U receptor 2	1	0	1	0	0	0
LOC118272414	enhanced level of genomic instability 1	1	0	1	0	0	0
LOC118273345	negative elongation factor E	1	0	1	0	0	0
LOC118270069	ras-specific guanine nucleotide-releasing factor RalGPS2	1	0	1	0	0	0
LOC118262886	box C/D snoRNA protein 1	1	0	1	0	0	0
LOC118274474	glutamic acid-rich protein	1	0	1	0	0	0
LOC118263210	small nucleolar RNA snR60/Z15/Z230/Z193/J17	1	0	1	0	0	0
LOC118281215	uncharacterized LOC118281215	1	0	1	0	0	0
LOC118273011	mannose-P-dolichol utilization defect 1 protein homolog	1	0	1	0	0	0
LOC118275140	adenosine deaminase AGSA-like	1	0	1	0	0	0
LOC126911559	AT-rich interactive domain-containing protein 1A	1	0	1	0	0	0
LOC118264382	fatty acid-binding protein, muscle-like	1	0	1	0	0	0
LOC118280685	uncharacterized LOC118280685	1	0	1	0	0	0
LOC118278028	serine proteinase stubble	1	0	1	0	0	0
LOC118270729	ornithine carbamoyltransferase-like	1	0	1	0	0	0
LOC118278732	pyrimidodiazepine synthase-like	1	0	1	0	0	0
LOC118273922	G kinase-anchoring protein 1	1	0	1	0	0	0
LOC118274381	mucin-3A-like	1	0	1	0	0	0
LOC118281764	uncharacterized LOC118281764	1	0	1	0	0	0
LOC118269224	peroxisomal membrane protein PEX14	1	0	1	0	0	0
LOC118276473	trace amine-associated receptor 1	1	0	1	0	0	0
LOC118274552	malate dehydrogenase, mitochondrial	1	0	1	0	0	0
LOC118270266	phosphatidylinositide phosphatase SAC2	1	0	1	0	0	0
LOC118262793	uncharacterized LOC118262793	1	0	1	0	0	0
LOC118272177	putative leucine-rich repeat-containing protein DDB_G0290503	1	0	1	0	0	0
LOC118268379	uncharacterized LOC118268379	1	0	1	0	0	0
LOC118272087	katanin-interacting protein	1	0	1	0	0	0
LOC118280497	P protein-like	1	0	1	0	0	0
LOC118270875	immunoglobulin-binding protein 1	1	0	1	0	0	0
LOC118266136	esterase E4-like	1	0	1	0	0	0
LOC118270350	cytochrome P450 4C1-like	1	0	1	0	0	0
LOC118278860	cytoplasmic dynein 2 intermediate chain 2-like	1	0	1	0	0	0
LOC118277949	protein krasavietz	1	0	1	0	0	0
LOC118279654	probable inactive tRNA-specific adenosine deaminase-like protein 3	1	0	1	0	0	0
LOC118275732	integrator complex subunit 1	1	0	1	0	0	0
LOC118269065	uncharacterized LOC118269065	1	0	1	0	0	0
LOC118269048	uncharacterized LOC118269048	1	0	1	0	0	0
LOC118267935	transcription factor VBP-like	1	0	1	0	0	0
LOC118273941	transducin-like enhancer protein 4	1	0	1	0	0	0
LOC118262476	uncharacterized LOC118262476	1	0	1	0	0	0
LOC118262137	elongation of very long chain fatty acids protein AAEL008004	1	0	1	0	0	0
LOC118280892	mucin-22-like	1	0	1	0	0	0
LOC118278004	RING finger and SPRY domain-containing protein 1	1	0	1	0	0	0
LOC126912183	uncharacterized LOC126912183	1	0	1	0	0	0
LOC118275163	adenosine deaminase AGSA-like	1	0	1	0	0	0
LOC118264531	28 kDa heat- and acid-stable phosphoprotein	1	0	1	0	0	0
LOC118279402	uncharacterized LOC118279402	1	0	1	0	0	0
LOC118274251	uncharacterized LOC118274251	1	0	1	0	0	0
LOC118265089	5'-AMP-activated protein kinase subunit beta-1	1	0	1	0	0	0
LOC118266752	3-oxoacyl-[acyl-carrier-protein] synthase, mitochondrial	1	0	1	0	0	0
LOC118269190	clustered mitochondria protein homolog	1	0	1	0	0	0
LOC118282289	rho GTPase-activating protein 100F	1	0	1	0	0	0
LOC118268152	V-type proton ATPase 116 kDa subunit a 1	1	0	1	0	0	0
LOC118270967	calpain-D	1	0	1	0	0	0
LOC118276329	proto-oncogene tyrosine-protein kinase ROS	1	0	1	0	0	0
LOC118270803	homeobox protein slou	1	0	1	0	0	0
LOC118277513	uncharacterized LOC118277513	1	0	1	0	0	0
LOC118278805	T-complex protein 1 subunit eta	1	0	1	0	0	0
LOC118271886	reversion-inducing cysteine-rich protein with Kazal motifs	1	0	1	0	0	0
LOC126911741	5S ribosomal RNA	1	0	1	0	0	0
LOC118278728	uncharacterized LOC118278728	1	0	1	0	0	0
LOC118273290	otoferlin	1	0	1	0	0	0
Trnat-agu	transfer RNA threonine (anticodon AGU)	1	0	1	0	0	0
LOC118281857	ras-related protein Rab-3	1	0	1	0	0	0
LOC118273043	abhydrolase domain-containing protein 2	1	0	1	0	0	0
LOC118280669	sodium- and chloride-dependent GABA transporter 1	1	0	1	0	0	0
LOC118280656	fibulin-1	1	0	1	0	0	0
LOC118267958	neprilysin-4	1	0	1	0	0	0
LOC118274754	very-long-chain 3-oxoacyl-CoA reductase	1	0	1	0	0	0
LOC118265217	uncharacterized LOC118265217	1	0	1	0	0	0
LOC118261813	uncharacterized LOC118261813	1	0	1	0	0	0
LOC118276846	irregular chiasm C-roughest protein	1	0	1	0	0	0
LOC126912031	uncharacterized LOC126912031	1	0	1	0	0	0
LOC118272046	uncharacterized LOC118272046	1	0	1	0	0	0
LOC118277071	zinc finger protein ubi-d4	1	0	1	0	0	0
LOC118271902	G-protein coupled receptor 54	1	0	1	0	0	0
LOC118280908	zinc finger protein 425	1	0	1	0	0	0
LOC118278201	uncharacterized LOC118278201	1	0	1	0	0	0
LOC118274504	cytochrome P450 6B4	1	0	1	0	0	0
LOC118274041	voltage-dependent calcium channel subunit alpha-2/delta-3	1	0	1	0	0	0
LOC118268473	tubulin alpha-1A chain	1	0	1	0	0	0
LOC118272847	GTP-binding protein Rhes	1	0	1	0	0	0
LOC118275160	uncharacterized LOC118275160	1	0	1	0	0	0
LOC118281170	uncharacterized LOC118281170	1	0	1	0	0	0
LOC118282238	protein lin-28 homolog	1	0	1	0	0	0
LOC118267017	serine/arginine repetitive matrix protein 2	1	0	1	0	0	0
LOC118276803	uncharacterized LOC118276803	1	0	1	0	0	0
LOC118280679	tissue inhibitor of metalloproteinase	1	0	1	0	0	0
LOC118276554	poly(A) polymerase type 3-like	1	0	1	0	0	0
LOC118276952	toll-like receptor 3	1	0	1	0	0	0
LOC118268926	facilitated trehalose transporter Tret1	1	0	1	0	0	0
LOC118275668	venom carboxylesterase-6	1	0	1	0	0	0
LOC118275371	muscle M-line assembly protein unc-89	1	0	1	0	0	0
LOC118266729	partitioning defective 3 homolog	1	0	1	0	0	0
LOC118280571	solute carrier family 12 member 9	1	0	1	0	0	0
LOC118274311	cytochrome P450 6B2-like	1	0	1	0	0	0
LOC118266266	ecdysone oxidase-like	1	0	1	0	0	0
LOC126910660	protein-L-histidine N-pros-methyltransferase-like	1	0	1	0	0	0
LOC118271511	lipase 1	1	0	1	0	0	0
LOC118267668	persulfide dioxygenase ETHE1, mitochondrial	1	0	1	0	0	0
LOC118266989	uncharacterized LOC118266989	1	0	1	0	0	0
LOC118281136	ATP-dependent RNA helicase abstrakt	1	0	1	0	0	0
LOC118264071	E3 ubiquitin-protein ligase SMURF1	1	0	1	0	0	0
LOC118281123	lipase member H-like	1	0	1	0	0	0
LOC118273183	radial spoke head 10 homolog B	1	0	1	0	0	0
LOC126910597	brain tumor protein	1	0	1	0	0	0
LOC118273010	UPF0430 protein CG31712	1	0	1	0	0	0
LOC118274883	condensin complex subunit 3	1	0	1	0	0	0
LOC118276019	serine/arginine repetitive matrix protein 1	1	0	1	0	0	0
LOC118276954	macro domain-containing protein RSc0334	1	0	1	0	0	0
LOC118277517	DNA polymerase interacting tetratricopeptide repeat-containing, protein of 47 kDa	1	0	1	0	0	0
LOC118266262	protein AF-10	1	0	1	0	0	0
LOC118277597	5-oxoprolinase	1	0	1	0	0	0
LOC118266672	protein HIRA homolog	1	0	1	0	0	0
LOC118277115	uncharacterized LOC118277115	1	0	1	0	0	0
LOC126912919	uncharacterized LOC126912919	1	0	1	0	0	0
LOC118273261	adenylate cyclase type 8	1	0	1	0	0	0
LOC118280661	tyrosine-protein phosphatase 69D	1	0	1	0	0	0
LOC118273979	chondroitin sulfate synthase 1	1	0	1	0	0	0
LOC118273997	nuclear cap-binding protein subunit 1	1	0	1	0	0	0
LOC118273600	adenylate kinase isoenzyme 1	1	0	1	0	0	0
LOC118261987	uncharacterized LOC118261987	1	0	1	0	0	0
LOC118272047	SET domain-containing protein SmydA-8	1	0	1	0	0	0
LOC126912163	proteoglycan 4-like	1	0	1	0	0	0
LOC118274334	cuticle protein LPCP-23	1	0	1	0	0	0
LOC126911737	5S ribosomal RNA	1	0	1	0	0	0
LOC118274307	neuroendocrine convertase 1	1	0	1	0	0	0
LOC118275709	probable cytochrome P450 6a14	1	0	1	0	0	0
LOC118279824	glucose-6-phosphatase catalytic subunit 1	1	0	1	0	0	0
LOC118262660	heparanase	1	0	1	0	0	0
LOC118269942	synaptic vesicle glycoprotein 2C-like	1	0	1	0	0	0
LOC118271859	uncharacterized LOC118271859	1	0	1	0	0	0
LOC118262823	DNA topoisomerase 2-binding protein 1	1	0	1	0	0	0
LOC118278781	uncharacterized LOC118278781	1	0	1	0	0	0
LOC118268246	ATP-dependent DNA helicase DDX11	1	0	1	0	0	0
LOC118262651	inactive ubiquitin carboxyl-terminal hydrolase MINDY-4B	1	0	1	0	0	0
LOC118267476	inhibitory POU protein	1	0	1	0	0	0
LOC118275532	lopap-like	1	0	1	0	0	0
LOC118282464	inducible metalloproteinase inhibitor protein	1	0	1	0	0	0
LOC118268118	abl interactor 2	1	0	1	0	0	0
LOC118276380	ras-related protein Rab-39B	1	0	1	0	0	0
LOC118270113	cyclin-dependent kinase 2	1	0	1	0	0	0
LOC118273606	putative defense protein Hdd11	1	0	1	0	0	0
LOC118268319	intermembrane lipid transfer protein Vps13	1	0	1	0	0	0
LOC118265056	uncharacterized LOC118265056	1	0	1	0	0	0
LOC118262067	uncharacterized LOC118262067	1	0	1	0	0	0
LOC118278570	transcription elongation regulator 1	1	0	1	0	0	0
LOC118268638	RYamide receptor	1	0	1	0	0	0
LOC126911396	putative nuclease HARBI1	1	0	1	0	0	0
LOC126912936	organic cation transporter protein-like	1	0	1	0	0	0
LOC118267047	60S ribosomal protein L23a	1	0	1	0	0	0
LOC126911897	uncharacterized LOC126911897	1	0	1	0	0	0
LOC118266344	protein arginine N-methyltransferase 6	1	0	1	0	0	0
LOC118262013	transmembrane protease serine 9	1	0	1	0	0	0
LOC126911628	uncharacterized LOC126911628	1	0	1	0	0	0
LOC118262371	uncharacterized LOC118262371	1	0	1	0	0	0
LOC118263273	DNA-binding protein D-ETS-4	1	0	1	0	0	0
LOC118266591	spatacsin	1	0	1	0	0	0
LOC118271651	NADH-ubiquinone oxidoreductase 75 kDa subunit, mitochondrial	1	0	1	0	0	0
LOC126912281	uncharacterized LOC126912281	1	0	1	0	0	0
LOC118262345	uncharacterized LOC118262345	1	0	1	0	0	0
LOC118277156	probable salivary secreted peptide	1	0	1	0	0	0
LOC126912179	uncharacterized LOC126912179	1	0	1	0	0	0
LOC118270713	retinol dehydrogenase 14	1	0	1	0	0	0
LOC118265370	U4/U6.U5 tri-snRNP-associated protein 1	1	0	1	0	0	0
LOC118276963	putative serine protease K12H4.7	1	0	1	0	0	0
LOC118272178	DNA-directed RNA polymerase, mitochondrial	1	0	1	0	0	0
LOC118265436	nucleoside diphosphate kinase homolog 5	1	0	1	0	0	0
LOC118282073	uncharacterized LOC118282073	1	0	1	0	0	0
LOC118265831	protein disabled	1	0	1	0	0	0
LOC118273281	uncharacterized LOC118273281	1	0	1	0	0	0
LOC118268977	uncharacterized LOC118268977	1	0	1	0	0	0
LOC118268598	mucin-5AC	1	0	1	0	0	0
LOC118280925	tubulin beta chain-like	1	0	1	0	0	0
LOC118263016	uncharacterized LOC118263016	1	0	1	0	0	0
LOC118278437	uncharacterized LOC118278437	1	0	1	0	0	0
LOC118272114	protein sister of odd and bowel	1	0	1	0	0	0
LOC118263027	MFS-type transporter SLC18B1-like	1	0	1	0	0	0
LOC126912735	uncharacterized LOC126912735	1	0	1	0	0	0
LOC118265884	DNA repair protein RAD52 homolog	1	0	1	0	0	0
LOC126912449	coatomer subunit beta'-like	1	0	1	0	0	0
LOC118265104	leucine-rich repeat-containing protein 40	1	0	1	0	0	0
LOC126912277	uncharacterized LOC126912277	1	0	1	0	0	0
LOC118268410	uncharacterized LOC118268410	1	0	1	0	0	0
LOC118267996	probable cytochrome P450 301a1, mitochondrial	1	0	1	0	0	0
LOC118264929	acyl-CoA Delta-9 desaturase	1	0	1	0	0	0
LOC118267500	cytochrome b5	1	0	1	0	0	0
LOC118270054	uncharacterized LOC118270054	1	0	1	0	0	0
LOC118268492	leucine-rich melanocyte differentiation-associated protein	1	0	1	0	0	0
LOC118269703	synaptic vesicle glycoprotein 2C	1	0	1	0	0	0
LOC118281646	choline transporter-like 1	1	0	1	0	0	0
LOC118269872	uncharacterized LOC118269872	1	0	1	0	0	0
LOC118266751	gametogenetin-binding protein 2-like	1	0	1	0	0	0
LOC118269960	cadherin-87A	1	0	1	0	0	0
LOC118266407	G-protein coupled receptor dmsr-1	1	0	1	0	0	0
LOC118270281	uncharacterized LOC118270281	1	0	1	0	0	0
LOC118268752	exportin-6	1	0	1	0	0	0
LOC126911036	uncharacterized LOC126911036	1	0	1	0	0	0
LOC126912048	uncharacterized LOC126912048	1	0	1	0	0	0
LOC118269296	uncharacterized LOC118269296	1	0	1	0	0	0
LOC118274224	centrosomal protein of 120 kDa	1	0	1	0	0	0
LOC118275351	zinc finger C2HC domain-containing protein 1C	1	0	1	0	0	0
LOC118268203	cytosolic carboxypeptidase-like protein 5	1	0	1	0	0	0
LOC118274363	uncharacterized LOC118274363	1	0	1	0	0	0
LOC118268935	general transcription factor IIH subunit 2	1	0	1	0	0	0
LOC118265723	protein prickle-like	1	0	1	0	0	0
LOC118278704	grpE protein homolog, mitochondrial	1	0	1	0	0	0
LOC118276655	regulator of chromosome condensation	1	0	1	0	0	0
LOC118281870	FK506-binding protein 5	1	0	1	0	0	0
LOC118263390	proton-coupled amino acid transporter-like protein pathetic	1	0	1	0	0	0
LOC118262346	kallikrein-8-like	1	0	1	0	0	0
LOC126912715	uncharacterized LOC126912715	1	0	1	0	0	0
LOC118263905	lipopolysaccharide-induced tumor necrosis factor-alpha factor homolog	1	0	1	0	0	0
LOC118267805	uncharacterized LOC118267805	1	0	1	0	0	0
LOC118277501	uncharacterized LOC118277501	1	0	1	0	0	0
LOC118265037	uncharacterized PE-PGRS family protein PE_PGRS46-like	1	0	1	0	0	0
LOC118275625	C-1-tetrahydrofolate synthase, cytoplasmic-like	1	0	1	0	0	0
LOC118269063	SPRY domain-containing SOCS box protein 3	1	0	1	0	0	0
LOC118266359	mucin-3A	1	0	1	0	0	0
LOC126911739	5S ribosomal RNA	1	0	1	0	0	0
LOC118275710	N-acetylneuraminate lyase-like	1	0	1	0	0	0
LOC126912783	probable cyclin-dependent serine/threonine-protein kinase DDB_G0292550	1	0	1	0	0	0
LOC118267021	THO complex subunit 6	1	0	1	0	0	0
LOC126912816	uncharacterized LOC126912816	1	0	1	0	0	0
LOC118274340	sodium channel protein Nach-like	1	0	1	0	0	0
LOC118261794	histidine-rich glycoprotein-like	1	0	1	0	0	0
LOC118264702	uncharacterized LOC118264702	1	0	1	0	0	0
LOC126912291	uncharacterized LOC126912291	1	0	1	0	0	0
LOC118273599	uncharacterized LOC118273599	1	0	1	0	0	0
LOC118264613	sodium-independent sulfate anion transporter	1	0	1	0	0	0
LOC118266911	protein outspread	1	0	1	0	0	0
LOC126911879	uncharacterized LOC126911879	1	0	1	0	0	0
LOC126912938	major facilitator superfamily domain-containing protein 8	1	0	1	0	0	0
LOC118263209	small nucleolar RNA snR60/Z15/Z230/Z193/J17	1	0	1	0	0	0
LOC118265400	uncharacterized LOC118265400	1	0	1	0	0	0
LOC118274724	eukaryotic translation initiation factor 3 subunit C	1	0	1	0	0	0
LOC118271950	toll-like receptor 3	1	0	1	0	0	0
LOC118265963	mitotic spindle assembly checkpoint protein MAD1	1	0	1	0	0	0
LOC118276145	muscarinic acetylcholine receptor DM1	1	0	1	0	0	0
LOC118272183	chromosome transmission fidelity protein 18 homolog	1	0	1	0	0	0
LOC118282022	ankyrin repeat domain-containing protein 29	1	0	1	0	0	0
LOC118268428	ommochrome-binding protein	1	0	1	0	0	0
LOC118274261	synaptic vesicle glycoprotein 2B	1	0	1	0	0	0
LOC126912869	uncharacterized LOC126912869	1	0	1	0	0	0
LOC118270020	uncharacterized LOC118270020	1	0	1	0	0	0
LOC118280479	ankyrin repeat domain-containing protein 50	1	0	1	0	0	0
LOC118275804	chromosome-associated kinesin KIF4	1	0	1	0	0	0
LOC118270923	peptidyl-prolyl cis-trans isomerase 7	1	0	1	0	0	0
LOC118270267	uncharacterized LOC118270267	1	0	0	1	0	0
LOC118265297	UDP-glycosyltransferase UGT5-like	1	0	0	1	0	0
LOC118274558	solute carrier organic anion transporter family member 4A1	1	0	0	1	0	0
LOC118267574	uncharacterized LOC118267574	1	0	0	1	0	0
LOC118267893	homeobox protein MOX-1	1	0	0	1	0	0
LOC118265565	integrin alpha-PS3	1	0	0	1	0	0
LOC118282156	uncharacterized LOC118282156	1	0	0	1	0	0
LOC126910714	nucleoporin NUP42-like	1	0	0	1	0	0
LOC118262965	probable maleylacetoacetate isomerase 1	1	0	0	1	0	0
LOC118274901	RRP12-like protein	1	0	0	1	0	0
LOC118276221	bile salt-activated lipase	1	0	0	1	0	0
LOC118277624	single-strand selective monofunctional uracil-DNA glycosylase	1	0	0	1	0	0
LOC126910876	uncharacterized LOC126910876	1	0	0	1	0	0
LOC118274979	DNA replication ATP-dependent helicase/nuclease DNA2	1	0	0	1	0	0
LOC118262835	probable ATP-dependent RNA helicase CG8611	1	0	0	1	0	0
LOC118272397	3-phosphoinositide-dependent protein kinase 1	1	0	0	1	0	0
LOC118279551	cytoplasmic tRNA 2-thiolation protein 2	1	0	0	1	0	0
LOC118267603	synaptic vesicle glycoprotein 2B	1	0	0	1	0	0
LOC118279722	acyl-CoA-binding domain-containing protein 5	1	0	0	1	0	0
LOC118266184	uncharacterized LOC118266184	1	0	0	1	0	0
LOC118280401	trypsin-like	1	0	0	1	0	0
LOC118272781	uncharacterized LOC118272781	1	0	0	1	0	0
LOC118267230	superoxide dismutase [Cu-Zn]	1	0	0	1	0	0
LOC118269092	rho guanine nucleotide exchange factor 10-like protein	1	0	0	1	0	0
LOC118270935	delta and Notch-like epidermal growth factor-related receptor	1	0	0	1	0	0
LOC118276736	uncharacterized LOC118276736	1	0	0	1	0	0
LOC118275883	uncharacterized LOC118275883	1	0	0	1	0	0
LOC118262381	putative uncharacterized protein DDB_G0282133	1	0	0	1	0	0
LOC118270986	insulin-like growth factor 2 mRNA-binding protein 1	1	0	0	1	0	0
LOC118264867	U5 spliceosomal RNA	1	0	0	1	0	0
LOC118270816	uncharacterized LOC118270816	1	0	0	1	0	0
LOC118278258	snurportin-1	1	0	0	1	0	0
LOC118278394	leucine-rich repeat serine/threonine-protein kinase 1	1	0	0	1	0	0
LOC118264072	probable isoaspartyl peptidase/L-asparaginase CG7860	1	0	0	1	0	0
LOC118273810	katanin p60 ATPase-containing subunit A-like 2	1	0	0	1	0	0
LOC118277525	nuclear inhibitor of protein phosphatase 1	1	0	0	1	0	0
LOC118279880	uncharacterized LOC118279880	1	0	0	1	0	0
LOC118277702	transmembrane protease serine 11A-like	1	0	0	1	0	0
LOC118276399	juvenile hormone-binding protein-like	1	0	0	1	0	0
LOC118266529	zinc finger SWIM domain-containing protein 4	1	0	0	1	0	0
LOC118269160	venom carboxylesterase-6	1	0	0	1	0	0
LOC118277747	sister chromatid cohesion protein PDS5 homolog B	1	0	0	1	0	0
LOC118281728	sodium/potassium-transporting ATPase subunit alpha	1	0	0	1	0	0
LOC118275217	histone-lysine N-methyltransferase PR-Set7	1	0	0	1	0	0
LOC118273293	integrin beta pat-3	1	0	0	1	0	0
LOC118266487	cyclin-dependent kinases regulatory subunit	1	0	0	1	0	0
LOC118276246	chorion peroxidase	1	0	0	1	0	0
LOC118262139	uncharacterized LOC118262139	1	0	0	1	0	0
LOC118265769	leucine-rich repeat-containing protein 49	1	0	0	1	0	0
LOC118278959	trichohyalin	1	0	0	1	0	0
LOC118273889	39S ribosomal protein L2, mitochondrial	1	0	0	1	0	0
LOC118276401	solute carrier family 35 member F2-like	1	0	0	1	0	0
LOC118274629	AP-1 complex subunit beta-1	1	0	0	1	0	0
LOC118262310	golgin subfamily A member 4	1	0	0	1	0	0
LOC118270530	lamin-C	1	0	0	1	0	0
LOC118272377	juvenile hormone esterase-like	1	0	0	1	0	0
LOC118271677	ubiquitin carboxyl-terminal hydrolase 16	1	0	0	1	0	0
LOC118276631	prostamide/prostaglandin F synthase	1	0	0	1	0	0
LOC118271594	zonadhesin-like	1	0	0	1	0	0
LOC118265932	glutamate receptor 4-like	1	0	0	1	0	0
LOC118277330	nucleolar protein 4	1	0	0	1	0	0
LOC118270966	coronin-7	1	0	0	1	0	0
LOC118267947	chymotrypsin-1-like	1	0	0	1	0	0
LOC118265228	cadherin-86C	1	0	0	1	0	0
LOC118272707	nucleoprotein TPR	1	0	0	1	0	0
LOC126911462	uncharacterized LOC126911462	1	0	0	1	0	0
LOC118280638	uncharacterized LOC118280638	1	0	0	1	0	0
LOC118270229	G protein-coupled receptor kinase 2	1	0	0	1	0	0
LOC126912913	uncharacterized LOC126912913	1	0	0	1	0	0
LOC118262458	leucine-rich repeat-containing protein 57	1	0	0	1	0	0
LOC118277444	uncharacterized LOC118277444	1	0	0	1	0	0
LOC118277328	partitioning defective protein 6	1	0	0	1	0	0
LOC118278107	chromatin target of PRMT1 protein-like	1	0	0	1	0	0
LOC118269751	scolexin B	1	0	0	1	0	0
LOC118272582	uncharacterized LOC118272582	1	0	0	1	0	0
LOC118276180	uncharacterized LOC118276180	1	0	0	1	0	0
LOC118276852	lysophosphatidylserine lipase ABHD12-like	1	0	0	1	0	0
LOC118277045	lachesin	1	0	0	1	0	0
LOC118274986	uncharacterized LOC118274986	1	0	0	1	0	0
LOC118276783	uncharacterized LOC118276783	1	0	0	1	0	0
LOC118274473	uncharacterized LOC118274473	1	0	0	1	0	0
LOC118269419	uncharacterized LOC118269419	1	0	0	1	0	0
LOC118280806	NACHT and WD repeat domain-containing protein 2	1	0	0	1	0	0
LOC126912205	uncharacterized LOC126912205	1	0	0	1	0	0
LOC118267907	zinc finger protein 771-like	1	0	0	1	0	0
LOC118272133	beta-1,4-N-acetylgalactosaminyltransferase bre-4-like	1	0	0	1	0	0
LOC118277827	potassium voltage-gated channel subfamily KQT member 4	1	0	0	1	0	0
LOC118269434	larval cuticle protein LCP-14	1	0	0	1	0	0
LOC118277508	serine protease inhibitor dipetalogastin	1	0	0	1	0	0
LOC118269315	cell cycle checkpoint protein RAD17	1	0	0	1	0	0
LOC118279389	queuosine salvage protein	1	0	0	1	0	0
LOC118265776	ionotropic receptor 75a	1	0	0	1	0	0
LOC126911574	translationally-controlled tumor protein homolog	1	0	0	1	0	0
LOC126911389	putative ferric-chelate reductase 1 homolog	1	0	0	1	0	0
LOC118273898	uncharacterized LOC118273898	1	0	0	1	0	0
LOC118272376	juvenile hormone esterase	1	0	0	1	0	0
LOC118277309	exosome complex component MTR3-like	1	0	0	1	0	0
LOC118265905	sodium/potassium/calcium exchanger Nckx30C	1	0	0	1	0	0
LOC118263726	uncharacterized LOC118263726	1	0	0	1	0	0
LOC118276181	superoxide dismutase [Cu-Zn]	1	0	0	1	0	0
LOC118268487	pickpocket protein 28-like	1	0	0	1	0	0
LOC118280319	fatty acyl-CoA reductase wat-like	1	0	0	1	0	0
LOC126910777	brachyurin-like	1	0	0	1	0	0
LOC126912115	uncharacterized LOC126912115	1	0	0	1	0	0
LOC118270690	probable peroxisomal acyl-coenzyme A oxidase 1	1	0	0	1	0	0
LOC118265926	muskelin	1	0	0	1	0	0
LOC118271762	uncharacterized LOC118271762	1	0	0	1	0	0
LOC118272085	hydroxyacyl-coenzyme A dehydrogenase, mitochondrial-like	1	0	0	1	0	0
LOC126912425	uncharacterized LOC126912425	1	0	0	1	0	0
LOC118266292	hemocyte protein-glutamine gamma-glutamyltransferase-like	1	0	0	1	0	0
LOC118262148	pre-rRNA-processing protein TSR1 homolog	1	0	0	1	0	0
LOC118265264	vesicular glutamate transporter 1	1	0	0	1	0	0
LOC118270586	dynein axonemal heavy chain 8-like	1	0	0	1	0	0
LOC118281905	uncharacterized LOC118281905	1	0	0	1	0	0
LOC118275113	apyrase-like	1	0	0	1	0	0
LOC118279194	leukocyte elastase inhibitor-like	1	0	0	1	0	0
LOC118273778	NEDD8-conjugating enzyme UBE2F	1	0	0	1	0	0
LOC118281844	ubiquitin-protein ligase E3B	1	0	0	1	0	0
LOC118267558	uncharacterized LOC118267558	1	0	0	1	0	0
LOC118279331	cell adhesion molecule Dscam2	1	0	0	1	0	0
LOC118265782	antichymotrypsin-1	1	0	0	1	0	0
LOC118269209	sodium channel protein Nach	1	0	0	1	0	0
LOC118281808	NBAS subunit of NRZ tethering complex	1	0	0	1	0	0
LOC118267965	lisH domain-containing protein ARMC9	1	0	0	1	0	0
LOC118268318	short neuropeptide F	1	0	0	1	0	0
LOC126910617	xanthine dehydrogenase/oxidase-like	1	0	0	1	0	0
LOC118278057	uncharacterized LOC118278057	1	0	0	1	0	0
LOC118266602	sulfotransferase 1C4	1	0	0	1	0	0
LOC118272532	lysophosphatidylcholine acyltransferase	1	0	0	1	0	0
LOC118273843	ecto-NOX disulfide-thiol exchanger 2	1	0	0	1	0	0
LOC118268995	alpha-amylase 4N-like	1	0	0	1	0	0
LOC118277929	aryl hydrocarbon receptor	1	0	0	1	0	0
LOC118263808	muscle LIM protein 1	1	0	0	1	0	0
LOC118279008	solute carrier family 12 member 8	1	0	0	1	0	0
LOC118262312	zinc finger matrin-type protein 3	1	0	0	1	0	0
LOC118279854	homeobox protein GBX-2	1	0	0	1	0	0
LOC118275191	uncharacterized protein DDB_G0283697-like	1	0	0	1	0	0
LOC118263459	LIM domain only protein 3	1	0	0	1	0	0
LOC118262464	isocitrate dehydrogenase [NADP] cytoplasmic	1	0	0	1	0	0
LOC118268219	uncharacterized LOC118268219	1	0	0	1	0	0
LOC118267469	rho GTPase-activating protein 4	1	0	0	1	0	0
LOC118280089	mucin-2-like	1	0	0	1	0	0
LOC118278402	zinc finger protein 468-like	1	0	0	1	0	0
LOC126912082	uncharacterized LOC126912082	1	0	0	1	0	0
LOC118268680	titin	1	0	0	1	0	0
LOC118266240	uncharacterized LOC118266240	1	0	0	1	0	0
LOC118269587	synaptic vesicle glycoprotein 2A	1	0	0	1	0	0
LOC118274074	ribose-phosphate pyrophosphokinase 2-like	1	0	0	1	0	0
LOC118278495	solute carrier organic anion transporter family member 5A1	1	0	0	1	0	0
LOC118272603	beta-1,3-glucan-binding protein 1	1	0	0	1	0	0
LOC118262961	uncharacterized LOC118262961	1	0	0	1	0	0
LOC126912350	uncharacterized LOC126912350	1	0	0	1	0	0
LOC118271352	leucine-rich repeat-containing protein 24	1	0	0	1	0	0
LOC118281613	phosphatidate cytidylyltransferase, photoreceptor-specific	1	0	0	1	0	0
LOC118277090	von Hippel-Lindau disease tumor suppressor	1	0	0	1	0	0
LOC118267266	caspase-1-like	1	0	0	1	0	0
LOC118275078	ceramide synthase 5-like	1	0	0	1	0	0
LOC118280932	igLON family member 5-like	1	0	0	1	0	0
LOC118274458	gephyrin	1	0	0	1	0	0
LOC126911690	uncharacterized LOC126911690	1	0	0	1	0	0
LOC118276063	uncharacterized LOC118276063	1	0	0	1	0	0
LOC118277661	facilitated trehalose transporter Tret1-like	1	0	0	1	0	0
LOC118276669	sprouty-related, EVH1 domain-containing protein 1	1	0	0	1	0	0
LOC118267494	semaphorin-2A	1	0	0	1	0	0
LOC118278693	U4/U6.U5 small nuclear ribonucleoprotein 27 kDa protein	1	0	0	1	0	0
LOC118274302	syntaxin-18	1	0	0	1	0	0
LOC118266635	receptor-type tyrosine-protein phosphatase N2	1	0	0	1	0	0
LOC118262395	protein vav	1	0	0	1	0	0
LOC118268996	alpha-amylase 2	1	0	0	1	0	0
LOC118282029	kinesin-like protein KIF13B	1	0	0	1	0	0
LOC118273888	uncharacterized LOC118273888	1	0	0	1	0	0
LOC118262091	1-acyl-sn-glycerol-3-phosphate acyltransferase gamma	1	0	0	1	0	0
LOC118282215	ruvB-like helicase 1	1	0	0	1	0	0
LOC118276682	acireductone dioxygenase	1	0	0	1	0	0
LOC118281729	dipeptidase 1	1	0	0	1	0	0
LOC118275372	putative inactive tyrosine-protein kinase Wsck	1	0	0	1	0	0
LOC118273886	pancreatic lipase-related protein 2-like	1	0	0	1	0	0
LOC118264356	multiple inositol polyphosphate phosphatase 1-like	1	0	0	1	0	0
LOC118271775	protein transport protein Sec31A	1	0	0	1	0	0
LOC118277463	CCAAT/enhancer-binding protein	1	0	0	1	0	0
LOC118275542	alpha-mannosidase 2	1	0	0	1	0	0
LOC118268459	synaptic vesicle glycoprotein 2B	1	0	0	1	0	0
LOC118277388	hypodermin-A	1	0	0	1	0	0
LOC118272408	uncharacterized LOC118272408	1	0	0	1	0	0
LOC118263409	tyrosine-protein kinase Btk29A	1	0	0	1	0	0
LOC126911646	uncharacterized LOC126911646	1	0	0	1	0	0
LOC118279260	uncharacterized LOC118279260	1	0	0	1	0	0
LOC118268110	calcium-binding mitochondrial carrier protein Aralar1	1	0	0	1	0	0
LOC118277612	intraflagellar transport protein 52 homolog	1	0	0	1	0	0
LOC118280343	protein dj-1beta-like	1	0	0	1	0	0
LOC118272026	fumarylacetoacetase	1	0	0	1	0	0
LOC118271814	probable ATP-dependent RNA helicase DDX46	1	0	0	1	0	0
LOC118276691	neuroligin-4, Y-linked	1	0	0	1	0	0
LOC118267237	GATOR complex protein Iml1	1	0	0	1	0	0
LOC118282391	uncharacterized LOC118282391	1	0	0	1	0	0
LOC118265779	lanC-like protein 3 homolog	1	0	0	1	0	0
LOC126911983	uncharacterized LOC126911983	1	0	0	1	0	0
LOC118277139	lachesin-like	1	0	0	1	0	0
LOC118272068	CDK5RAP1-like protein	1	0	0	1	0	0
LOC118263373	uncharacterized LOC118263373	1	0	0	1	0	0
LOC118265780	antichymotrypsin-1	1	0	0	1	0	0
LOC118282220	elongation of very long chain fatty acids protein AAEL008004-like	1	0	0	1	0	0
LOC118280644	uncharacterized LOC118280644	1	0	0	1	0	0
LOC118281752	uncharacterized LOC118281752	1	0	0	1	0	0
LOC118276402	uncharacterized LOC118276402	1	0	0	1	0	0
LOC118280836	mucin-4-like	1	0	0	1	0	0
LOC118267472	uncharacterized LOC118267472	1	0	0	1	0	0
LOC118268851	fibrosin-1-like protein	1	0	0	1	0	0
LOC118281004	uncharacterized LOC118281004	1	0	0	1	0	0
LOC118276840	uncharacterized LOC118276840	1	0	0	1	0	0
LOC118269428	beta-arrestin-1	1	0	0	1	0	0
LOC118265931	threonine--tRNA ligase 1, cytoplasmic	1	0	0	1	0	0
LOC118261849	elongation of very long chain fatty acids protein AAEL008004	1	0	0	1	0	0
LOC118275296	RCC1-like G exchanging factor-like protein	1	0	0	1	0	0
LOC118263341	uncharacterized LOC118263341	1	0	0	1	0	0
LOC118277699	protein shifted	1	0	0	1	0	0
LOC118281008	S-phase kinase-associated protein 2-like	1	0	0	1	0	0
LOC118280174	integumentary mucin C.1-like	1	0	0	1	0	0
LOC118276044	sine oculis-binding protein homolog	1	0	0	1	0	0
LOC118261865	ceramide phosphoethanolamine synthase	1	0	0	1	0	0
LOC118266273	glutamate receptor	1	0	0	1	0	0
LOC118282389	dnaJ homolog dnj-5	1	0	0	1	0	0
LOC118274913	uncharacterized LOC118274913	1	0	0	1	0	0
LOC118272555	40S ribosomal protein S28	1	0	0	1	0	0
LOC118281165	serine/arginine repetitive matrix protein 2	1	0	0	1	0	0
LOC118272370	cuticle protein 16.5	1	0	0	1	0	0
LOC118279120	nose resistant to fluoxetine protein 6-like	1	0	0	1	0	0
LOC118281745	enoyl-CoA delta isomerase 2	1	0	0	1	0	0
LOC118272797	equilibrative nucleoside transporter 4	1	0	0	1	0	0
LOC118274301	m7GpppN-mRNA hydrolase	1	0	0	1	0	0
LOC118267576	uncharacterized LOC118267576	1	0	0	1	0	0
LOC118275235	translocating chain-associated membrane protein 1	1	0	0	1	0	0
LOC126911165	cyclin-dependent kinase 11B-like	1	0	0	1	0	0
LOC118271471	carboxypeptidase B-like	1	0	0	1	0	0
LOC118272527	1-phosphatidylinositol 3-phosphate 5-kinase	1	0	0	1	0	0
LOC118267847	zinc finger protein 429-like	1	0	0	1	0	0
LOC118272121	uncharacterized LOC118272121	1	0	0	1	0	0
LOC118267116	leucine-rich repeat flightless-interacting protein 2	1	0	0	1	0	0
LOC118277307	transmembrane protein 165	1	0	0	1	0	0
LOC118281743	tubulin polymerization-promoting protein homolog	1	0	0	1	0	0
LOC118277478	uncharacterized LOC118277478	1	0	0	1	0	0
LOC126910745	uncharacterized LOC126910745	1	0	0	1	0	0
LOC118266358	uncharacterized LOC118266358	1	0	0	1	0	0
LOC118277579	40S ribosomal protein S20	1	0	0	1	0	0
LOC118276885	UPF0489 protein C5orf22	1	0	0	1	0	0
LOC118272791	lipase 3-like	1	0	0	1	0	0
LOC118276220	THO complex subunit 7 homolog	1	0	0	1	0	0
LOC118271580	stress-activated protein kinase JNK	1	0	0	1	0	0
LOC118281246	uncharacterized LOC118281246	1	0	0	1	0	0
LOC126912899	pupal cuticle protein C1B-like	1	0	0	1	0	0
LOC118281184	bromodomain-containing protein 8	1	0	0	1	0	0
LOC118263924	uncharacterized LOC118263924	1	0	0	1	0	0
LOC118273719	chromatin accessibility complex 16kD protein	1	0	0	1	0	0
LOC118278212	solute carrier organic anion transporter family member 74D	1	0	0	1	0	0
LOC118278833	peptidyl-prolyl cis-trans isomerase, rhodopsin-specific isozyme	1	0	0	1	0	0
LOC118270328	acetylcholine receptor subunit beta-like 1	1	0	0	1	0	0
LOC118281016	mitochondrial ribosome-associated GTPase 2	1	0	0	1	0	0
LOC118275126	exostosin-1	1	0	0	1	0	0
LOC118277405	pancreatic triacylglycerol lipase	1	0	0	1	0	0
LOC118274543	bromodomain-containing protein homolog	1	0	0	1	0	0
LOC118273703	rho-associated protein kinase 2	1	0	0	1	0	0
LOC118274860	serine protease gd	1	0	0	1	0	0
LOC118280217	MAP kinase-activated protein kinase 2	1	0	0	1	0	0
LOC118267320	protein bric-a-brac 1	1	0	0	1	0	0
LOC118274256	histone-lysine N-methyltransferase ash1	1	0	0	1	0	0
LOC118263595	uncharacterized LOC118263595	1	0	0	1	0	0
LOC118277316	ethanolaminephosphotransferase 1	1	0	0	1	0	0
LOC118271955	general vesicular transport factor p115	1	0	0	1	0	0
LOC118280421	leiomodin-2	1	0	0	1	0	0
LOC118278121	solute carrier organic anion transporter family member 74D	1	0	0	1	0	0
LOC118281100	serine protease Hayan-like	1	0	0	1	0	0
LOC118271911	uncharacterized LOC118271911	1	0	0	1	0	0
LOC118280106	coiled-coil domain-containing protein 113-like	1	0	0	1	0	0
LOC118265265	pancreatic lipase-related protein 2-like	1	0	0	1	0	0
LOC118265342	zinc finger CCHC domain-containing protein 24-like	1	0	0	1	0	0
LOC118275849	uncharacterized LOC118275849	1	0	0	1	0	0
LOC118268495	protein Lilipod	1	0	0	1	0	0
LOC126913064	tyrosine--tRNA ligase, cytoplasmic	1	0	0	1	0	0
LOC118281103	protein suppressor of hairy wing-like	1	0	0	1	0	0
LOC118263816	signal recognition particle 9 kDa protein	1	0	0	1	0	0
LOC118272286	U11 spliceosomal RNA	1	0	0	1	0	0
LOC118276347	uncharacterized LOC118276347	1	0	0	1	0	0
LOC118262912	protocadherin-16	1	0	0	1	0	0
LOC118265955	STAGA complex 65 subunit gamma-like	1	0	0	1	0	0
LOC118264073	CDP-diacylglycerol--glycerol-3-phosphate 3-phosphatidyltransferase, mitochondrial	1	0	0	1	0	0
LOC118265403	uridine phosphorylase 1	1	0	0	1	0	0
LOC118282381	uncharacterized LOC118282381	1	0	0	1	0	0
LOC118267189	syntaxin-1A	1	0	0	1	0	0
LOC118280619	uncharacterized LOC118280619	1	0	0	1	0	0
LOC118281814	uncharacterized protein C19orf47	1	0	0	1	0	0
LOC118276108	organic cation transporter protein	1	0	0	1	0	0
LOC118276110	protein sarah	1	0	0	1	0	0
LOC118275722	tyrosine-protein kinase Abl	1	0	0	1	0	0
LOC118263657	glycine receptor subunit alphaZ1	1	0	0	1	0	0
LOC118272395	centromere/kinetochore protein zw10 homolog	1	0	0	1	0	0
LOC118270763	cytochrome P450 4c21-like	1	0	0	1	0	0
LOC118275373	RNA-binding protein Pasilla	1	0	0	1	0	0
LOC118280445	uncharacterized LOC118280445	1	0	0	1	0	0
LOC118263672	achaete-scute complex protein T3-like	1	0	0	1	0	0
LOC118273474	nuclear pore complex protein Nup93-like	1	0	0	1	0	0
LOC118276887	THAP domain-containing protein 5	1	0	0	1	0	0
LOC118280391	probable multidrug resistance-associated protein lethal(2)03659	1	0	0	1	0	0
LOC118272728	ankyrin repeat domain-containing protein 54	1	0	0	1	0	0
LOC118278261	uncharacterized LOC118278261	1	0	0	1	0	0
LOC118276409	uncharacterized LOC118276409	1	0	0	1	0	0
LOC118280219	putative fatty acyl-CoA reductase CG8306	1	0	0	1	0	0
LOC118275192	uncharacterized LOC118275192	1	0	0	1	0	0
LOC126910775	brachyurin-like	1	0	0	1	0	0
LOC118265078	nose resistant to fluoxetine protein 6-like	1	0	0	1	0	0
LOC118275934	interaptin	1	0	0	1	0	0
LOC118279193	general odorant-binding protein 83a-like	1	0	0	1	0	0
LOC118275047	transcription factor Adf-1	1	0	0	1	0	0
LOC118266270	phospholipid phosphatase 3	1	0	0	1	0	0
LOC118272083	probable 3-hydroxyacyl-CoA dehydrogenase B0272.3	1	0	0	1	0	0
LOC118272544	uncharacterized LOC118272544	1	0	0	1	0	0
LOC118268985	arf-GAP with coiled-coil, ANK repeat and PH domain-containing protein 2	1	0	0	1	0	0
LOC118272079	AN1-type zinc finger protein 4	1	0	0	1	0	0
LOC118278832	zinc finger protein 569-like	1	0	0	1	0	0
LOC118276443	zinc finger C4H2 domain-containing protein	1	0	0	1	0	0
LOC126912001	uncharacterized LOC126912001	1	0	0	1	0	0
LOC126912286	uncharacterized LOC126912286	1	0	0	1	0	0
LOC118275307	mediator of RNA polymerase II transcription subunit 27	1	0	0	1	0	0
LOC118268012	U2 spliceosomal RNA	1	0	0	1	0	0
LOC118272122	odorant receptor 2a-like	1	0	0	1	0	0
LOC118282317	ubiquitin carboxyl-terminal hydrolase-like	1	0	0	1	0	0
LOC118281244	pancreatic lipase-related protein 2	1	0	0	1	0	0
LOC118272774	uncharacterized LOC118272774	1	0	0	1	0	0
LOC118267608	paramyosin	1	0	0	1	0	0
LOC118272625	enoyl-CoA delta isomerase 1, mitochondrial	1	0	0	1	0	0
LOC118277599	centrosomal protein of 104 kDa	1	0	0	1	0	0
LOC118278824	zinc finger protein 595-like	1	0	0	1	0	0
LOC118282155	cytochrome P450 6B6	1	0	0	1	0	0
LOC118263425	mediator of RNA polymerase II transcription subunit 7	1	0	0	1	0	0
LOC118271032	uncharacterized LOC118271032	1	0	0	1	0	0
LOC118279526	casein kinase II subunit alpha-like	1	0	0	1	0	0
LOC126911769	uncharacterized LOC126911769	1	0	0	1	0	0
LOC126911468	uncharacterized LOC126911468	1	0	0	1	0	0
LOC118269016	uncharacterized LOC118269016	1	0	0	1	0	0
LOC118265887	pachytene checkpoint protein 2 homolog	1	0	0	1	0	0
LOC126912095	spore coat assembly protein ExsA-like	1	0	0	1	0	0
LOC118277087	von Hippel-Lindau disease tumor suppressor-like	1	0	0	1	0	0
LOC118281906	vam6/Vps39-like protein	1	0	0	1	0	0
LOC118269680	uncharacterized LOC118269680	1	0	0	1	0	0
LOC118276948	uncharacterized LOC118276948	1	0	0	1	0	0
LOC118273812	ras-specific guanine nucleotide-releasing factor 1	1	0	0	1	0	0
LOC118272578	DNA-directed RNA polymerase III subunit RPC8	1	0	0	1	0	0
LOC118263568	uncharacterized LOC118263568	1	0	0	1	0	0
LOC118277196	oxidative stress-induced growth inhibitor 1	1	0	0	1	0	0
LOC118281402	uncharacterized LOC118281402	1	0	0	1	0	0
LOC118272289	small nucleolar RNA U3	1	0	0	1	0	0
LOC118273876	ubiquitin-like modifier-activating enzyme ATG7	1	0	0	1	0	0
LOC118274944	phagocyte signaling-impaired protein	1	0	0	1	0	0
LOC118272730	armadillo repeat-containing protein 8	1	0	0	1	0	0
LOC118280487	uncharacterized LOC118280487	1	0	0	1	0	0
LOC118276989	spherulin-2A-like	1	0	0	1	0	0
LOC118274750	trichoplein keratin filament-binding protein	1	0	0	1	0	0
LOC118282456	importin-13	1	0	0	1	0	0
LOC118280107	coiled-coil domain-containing protein 113	1	0	0	1	0	0
LOC126913065	transcription factor Adf-1-like	1	0	0	1	0	0
LOC118263342	putative fatty acyl-CoA reductase CG5065	1	0	0	1	0	0
LOC118265222	circadian clock-controlled protein daywake-like	1	0	0	1	0	0
LOC118267456	regulator of G-protein signaling 20	1	0	0	1	0	0
LOC118266297	uncharacterized LOC118266297	1	0	0	1	0	0
LOC118280197	sorting nexin-6	1	0	0	1	0	0
LOC126910649	ethanolamine-phosphate cytidylyltransferase	1	0	0	1	0	0
LOC118279083	uncharacterized LOC118279083	1	0	0	1	0	0
LOC118275875	uncharacterized LOC118275875	1	0	0	1	0	0
LOC118268349	aminopeptidase N	1	0	0	1	0	0
LOC118272543	uncharacterized LOC118272543	1	0	0	1	0	0
LOC118266874	armadillo segment polarity protein	1	0	0	1	0	0
LOC118278736	uncharacterized LOC118278736	1	0	0	1	0	0
LOC118275411	fibroin heavy chain-like	1	0	0	1	0	0
LOC118270953	MICOS complex subunit MIC19-like	1	0	0	1	0	0
LOC118274356	sorbitol dehydrogenase-like	1	0	0	1	0	0
LOC126912861	uncharacterized LOC126912861	1	0	0	1	0	0
LOC118272150	cystathionine gamma-lyase	1	0	0	1	0	0
LOC118262194	piggyBac transposable element-derived protein 2-like	1	0	0	1	0	0
LOC118265236	L-2-hydroxyglutarate dehydrogenase, mitochondrial	1	0	0	1	0	0
LOC118273762	5S ribosomal RNA	1	0	0	1	0	0
LOC118263130	dynamin	1	0	0	1	0	0
LOC118282235	ATP-binding cassette sub-family D member 3	1	0	0	1	0	0
LOC118261982	protein FAM107B	1	0	0	1	0	0
LOC118277197	zinc finger protein 567	1	0	0	1	0	0
LOC118276839	rRNA 2'-O-methyltransferase fibrillarin	1	0	0	1	0	0
LOC118280768	uncharacterized LOC118280768	1	0	0	1	0	0
LOC118276133	sideroflexin-2	1	0	0	1	0	0
LOC118280632	trehalase	1	0	0	1	0	0
LOC118265943	uncharacterized LOC118265943	1	0	0	1	0	0
LOC118281339	uncharacterized LOC118281339	1	0	0	1	0	0
LOC118263447	transcriptional regulator ovo	1	0	0	1	0	0
LOC118276657	zinc finger protein 26	1	0	0	1	0	0
LOC118266891	acyl-CoA-binding protein homolog	1	0	0	1	0	0
LOC118271958	40-kDa huntingtin-associated protein	1	0	0	1	0	0
LOC118277682	cyclin-dependent kinase 11B-like	1	0	0	1	0	0
LOC118273809	uncharacterized LOC118273809	1	0	0	1	0	0
LOC118264823	uncharacterized LOC118264823	1	0	0	1	0	0
LOC118272539	translocon-associated protein subunit alpha	1	0	0	1	0	0
LOC118265567	juvenile hormone acid O-methyltransferase	1	0	0	1	0	0
LOC118273926	uncharacterized LOC118273926	1	0	0	1	0	0
LOC118267938	xanthine dehydrogenase/oxidase-like	1	0	0	1	0	0
LOC118267573	uncharacterized LOC118267573	1	0	0	1	0	0
LOC118276744	putative uncharacterized protein DDB_G0282133	1	0	0	1	0	0
LOC118279400	nose resistant to fluoxetine protein 6-like	1	0	0	1	0	0
LOC118265233	uncharacterized LOC118265233	1	0	0	1	0	0
LOC118267284	paxillin	1	0	0	1	0	0
LOC118272062	stimulator of interferon genes protein	1	0	0	1	0	0
LOC118275894	uncharacterized LOC118275894	1	0	0	1	0	0
LOC118264363	dynein axonemal heavy chain 3	1	0	0	1	0	0
LOC118273800	cytochrome P450 6B2	1	0	0	1	0	0
LOC118267178	transmembrane GTPase Marf	1	0	0	1	0	0
LOC118280115	uncharacterized LOC118280115	1	0	0	1	0	0
LOC118265596	uncharacterized LOC118265596	1	0	0	1	0	0
LOC118274100	uncharacterized LOC118274100	1	0	0	1	0	0
LOC118262018	uncharacterized LOC118262018	1	0	0	1	0	0
LOC118276128	ubiquitin domain-containing protein 2	1	0	0	1	0	0
LOC118269174	dynactin subunit 5	1	0	0	1	0	0
LOC118266054	uncharacterized LOC118266054	1	0	0	1	0	0
LOC118269260	protein hairy	1	0	0	1	0	0
LOC118271472	carboxypeptidase B-like	1	0	0	1	0	0
LOC118277616	venom serine protease-like	1	0	0	1	0	0
LOC118265262	spermidine synthase	1	0	0	1	0	0
LOC126910673	uncharacterized LOC126910673	1	0	0	1	0	0
LOC118265238	post-GPI attachment to proteins factor 2	1	0	0	1	0	0
LOC118267950	uncharacterized LOC118267950	1	0	0	1	0	0
LOC118278815	uncharacterized LOC118278815	1	0	0	1	0	0
LOC118281813	28S ribosomal protein S29, mitochondrial	1	0	0	1	0	0
LOC118278965	uncharacterized LOC118278965	1	0	0	1	0	0
LOC118279315	trichohyalin	1	0	0	1	0	0
LOC118272123	facilitated trehalose transporter Tret1-like	1	0	0	1	0	0
LOC126911518	uncharacterized LOC126911518	1	0	0	1	0	0
LOC118277723	5-demethoxyubiquinone hydroxylase, mitochondrial	1	0	0	1	0	0
LOC118266036	negative elongation factor B	1	0	0	1	0	0
LOC118269748	mucin-2	1	0	0	1	0	0
LOC118280735	collagen alpha-1(I) chain	1	0	0	1	0	0
LOC118274096	uncharacterized LOC118274096	1	0	0	1	0	0
LOC118279675	uncharacterized LOC118279675	1	0	0	1	0	0
LOC118279305	uncharacterized LOC118279305	1	0	0	1	0	0
LOC118265808	uncharacterized LOC118265808	1	0	0	1	0	0
LOC118273024	zinc finger protein chinmo	1	0	0	1	0	0
LOC118279653	LIM and SH3 domain protein Lasp	1	0	0	1	0	0
LOC118265006	uncharacterized LOC118265006	1	0	0	1	0	0
LOC126912387	uncharacterized LOC126912387	1	0	0	1	0	0
LOC118277895	UDP-glucosyltransferase 2-like	1	0	0	1	0	0
LOC118275759	protein disulfide-isomerase A6 homolog	1	0	0	1	0	0
LOC118268518	uncharacterized LOC118268518	1	0	0	1	0	0
LOC118272697	C-Maf-inducing protein	1	0	0	1	0	0
LOC118270523	insulin-like receptor	1	0	0	1	0	0
LOC118269017	uncharacterized LOC118269017	1	0	0	1	0	0
LOC118265453	apoptosis-resistant E3 ubiquitin protein ligase 1	1	0	0	1	0	0
LOC118263465	DENN domain-containing protein 5B	1	0	0	1	0	0
LOC118266060	receptor-type tyrosine-protein phosphatase kappa	1	0	0	1	0	0
LOC118272618	ATP-binding cassette subfamily C member 4	1	0	0	1	0	0
LOC118265783	uncharacterized LOC118265783	1	0	0	1	0	0
LOC118267405	nuclear RNA export factor 1	1	0	0	1	0	0
LOC118273020	collagen alpha-1(IV) chain	1	0	0	1	0	0
LOC118273883	pancreatic triacylglycerol lipase-like	1	0	0	1	0	0
LOC118269722	golgin-45	1	0	0	1	0	0
LOC118263923	uncharacterized LOC118263923	1	0	0	1	0	0
LOC118280173	titin homolog	1	0	0	1	0	0
LOC118273754	vacuolar protein-sorting-associated protein 25	1	0	0	1	0	0
LOC118265770	transmembrane protein 214	1	0	0	1	0	0
LOC118265260	UDP-glycosyltransferase UGT5	1	0	0	1	0	0
LOC118264909	condensin-2 complex subunit D3	1	0	0	1	0	0
LOC118279157	homer protein homolog 2	1	0	0	1	0	0
LOC118277403	pancreatic triacylglycerol lipase-like	1	0	0	1	0	0
LOC118272280	prolyl endopeptidase	1	0	0	1	0	0
LOC118279261	uncharacterized LOC118279261	1	0	0	1	0	0
LOC118277462	reticulon-4-interacting protein 1, mitochondrial	1	0	0	1	0	0
LOC118272558	alanine--glyoxylate aminotransferase 2, mitochondrial	1	0	0	1	0	0
LOC118275544	scm-like with four MBT domains protein 1	1	0	0	1	0	0
LOC118275053	probable ATP-dependent RNA helicase kurz	1	0	0	1	0	0
LOC118262841	uncharacterized LOC118262841	1	0	0	1	0	0
LOC118276994	short stature homeobox protein 2-like	1	0	0	1	0	0
LOC118280341	ankyrin repeat domain-containing protein 50-like	1	0	0	1	0	0
LOC118281580	uncharacterized LOC118281580	1	0	0	1	0	0
LOC118263880	potassium channel subfamily K member 18	1	0	0	1	0	0
LOC118267118	dolichyl-diphosphooligosaccharide--protein glycosyltransferase 48 kDa subunit	1	0	0	1	0	0
LOC118268398	aquaporin-like	1	0	0	1	0	0
LOC118267186	sugar transporter SWEET1	1	0	0	1	0	0
LOC118272285	U6 spliceosomal RNA	1	0	0	1	0	0
LOC118269746	uncharacterized LOC118269746	1	0	0	1	0	0
LOC118270824	uncharacterized LOC118270824	1	0	0	1	0	0
LOC118273740	monocarboxylate transporter 12	1	0	0	1	0	0
LOC118269551	serine/threonine-protein kinase Doa	1	0	0	1	0	0
LOC118278591	aldo-keto reductase family 1 member B1	1	0	0	1	0	0
LOC118277088	trafficking protein particle complex subunit 2-like protein	1	0	0	1	0	0
LOC118262770	dynein axonemal light chain 1	1	0	0	1	0	0
LOC118281907	vam6/Vps39-like protein	1	0	0	1	0	0
LOC118267710	mucin-4-like	1	0	0	1	0	0
LOC118262081	uncharacterized LOC118262081	1	0	0	1	0	0
LOC118276198	formin-binding protein 4	1	0	0	1	0	0
LOC118278944	uncharacterized LOC118278944	1	0	0	1	0	0
LOC118272287	U11 spliceosomal RNA	1	0	0	1	0	0
LOC118264462	cilia- and flagella-associated protein 52	1	0	0	1	0	0
LOC126911860	uncharacterized LOC126911860	1	0	0	1	0	0
LOC118280934	uncharacterized LOC118280934	1	0	0	1	0	0
LOC118272934	potassium voltage-gated channel protein Shab	1	0	0	1	0	0
LOC118279396	proteasome subunit beta type-2-like	1	0	0	1	0	0
LOC126910828	proteasome subunit alpha type-4	1	0	0	1	0	0
LOC118273850	activating transcription factor of chaperone	1	0	0	1	0	0
LOC118265389	protein SCAI	1	0	0	1	0	0
LOC118278634	zinc finger protein 845-like	1	0	0	1	0	0
LOC126910772	UDP-glucosyltransferase 2-like	1	0	0	1	0	0
LOC118278615	uncharacterized LOC118278615	1	0	0	1	0	0
LOC118281744	glycerol-3-phosphate phosphatase	1	0	0	1	0	0
LOC118275225	alpha-tocopherol transfer protein-like	1	0	0	1	0	0
LOC118267719	uncharacterized LOC118267719	1	0	0	1	0	0
LOC118272503	transmembrane protein 64	1	0	0	1	0	0
LOC118276327	apoptotic protease-activating factor 1	1	0	0	1	0	0
LOC118276821	sulfite oxidase, mitochondrial	1	0	0	1	0	0
LOC118263873	insulin-like growth factor-binding protein complex acid labile subunit	1	0	0	1	0	0
LOC126911456	uncharacterized LOC126911456	1	0	0	1	0	0
LOC118267647	uncharacterized LOC118267647	1	0	0	1	0	0
LOC118267135	mediator of RNA polymerase II transcription subunit 19	1	0	0	1	0	0
LOC118265259	uncharacterized LOC118265259	1	0	0	1	0	0
LOC118267908	apical junction molecule-like	1	0	0	1	0	0
LOC118282214	uncharacterized LOC118282214	1	0	0	1	0	0
LOC118278146	uncharacterized LOC118278146	1	0	0	1	0	0
LOC118279660	histone H1A-like	1	0	0	1	0	0
LOC126910880	uncharacterized LOC126910880	1	0	0	1	0	0
LOC118273834	protein white	1	0	0	1	0	0
LOC118271469	uncharacterized LOC118271469	1	0	0	1	0	0
LOC118265534	excitatory amino acid transporter	1	0	0	1	0	0
LOC118261945	cuticle protein 8	1	0	0	1	0	0
LOC118275085	serine protease gd	1	0	0	1	0	0
LOC118275850	prostaglandin reductase 1-like	1	0	0	1	0	0
LOC118273491	uncharacterized LOC118273491	1	0	0	1	0	0
LOC118273426	uncharacterized LOC118273426	1	0	0	1	0	0
LOC118277996	protein scarlet	1	0	0	1	0	0
LOC118271114	UHRF1-binding protein 1-like	1	0	0	1	0	0
LOC118281730	uncharacterized LOC118281730	1	0	0	1	0	0
LOC118265465	uncharacterized LOC118265465	1	0	0	1	0	0
LOC118276720	uncharacterized LOC118276720	1	0	0	1	0	0
LOC118275108	alpha-tocopherol transfer protein-like	1	0	0	1	0	0
LOC118277911	uncharacterized LOC118277911	1	0	0	1	0	0
LOC118263458	protein UBASH3A homolog	1	0	0	1	0	0
LOC118279889	protein KTI12 homolog	1	0	0	1	0	0
LOC118273855	cuticle protein 16.5-like	1	0	0	1	0	0
LOC118271515	adenylyl cyclase-associated protein 1	1	0	0	1	0	0
LOC118275144	leucine-rich repeat-containing protein let-4	1	0	0	1	0	0
LOC118262094	peroxisome biogenesis factor 2	1	0	0	1	0	0
LOC118265658	ras-related protein Rab-2A	1	0	0	1	0	0
LOC118267753	uncharacterized LOC118267753	1	0	0	1	0	0
LOC118273715	cilia- and flagella-associated protein 47-like	1	0	0	1	0	0
LOC118279159	larval cuticle protein A3A-like	1	0	0	1	0	0
LOC118280437	cullin-2	1	0	0	1	0	0
LOC118277089	von Hippel-Lindau disease tumor suppressor-like	1	0	0	1	0	0
LOC118263340	ATP-dependent RNA helicase SUV3 homolog, mitochondrial	1	0	0	1	0	0
LOC118262650	dnaJ homolog subfamily C member 11	1	0	0	1	0	0
LOC118270285	DNA-directed RNA polymerase II subunit RPB1	1	0	0	1	0	0
LOC118276778	pro-resilin-like	1	0	0	1	0	0
LOC118280302	glycogen [starch] synthase	1	0	0	1	0	0
LOC118273724	atlastin	1	0	0	1	0	0
LOC126911767	uncharacterized LOC126911767	1	0	0	1	0	0
LOC118277406	pancreatic triacylglycerol lipase	1	0	0	1	0	0
LOC126912008	uncharacterized LOC126912008	1	0	0	1	0	0
LOC118272080	inositol polyphosphate multikinase	1	0	0	1	0	0
LOC118278837	major facilitator superfamily domain-containing protein 6	1	0	0	1	0	0
LOC126910718	uncharacterized LOC126910718	1	0	0	1	0	0
LOC118280655	uncharacterized LOC118280655	1	0	0	1	0	0
LOC118272197	solute carrier family 25 member 16	1	0	0	1	0	0
LOC118280783	uncharacterized LOC118280783	1	0	0	1	0	0
LOC118267606	keratin, type I cytoskeletal 10	1	0	0	1	0	0
LOC118273817	AP-3 complex subunit beta-2	1	0	0	1	0	0
LOC118265917	BAG family molecular chaperone regulator 2	1	0	0	1	0	0
LOC118262349	spectrin alpha chain	1	0	0	1	0	0
LOC118277644	facilitated trehalose transporter Tret1-like	1	0	0	1	0	0
LOC118281130	uncharacterized LOC118281130	1	0	0	1	0	0
LOC118268820	uncharacterized LOC118268820	1	0	0	1	0	0
LOC118261840	cuticle protein 6-like	1	0	0	1	0	0
LOC118274719	citron rho-interacting kinase	1	0	0	1	0	0
LOC118272159	vesicle transport through interaction with t-SNAREs homolog 1A	1	0	0	1	0	0
LOC118279530	cyclin-T-like	1	0	0	1	0	0
LOC118274459	transmembrane emp24 domain-containing protein 2	1	0	0	1	0	0
LOC118272307	E3 ubiquitin-protein ligase MARCHF6	1	0	0	1	0	0
LOC118267866	uncharacterized LOC118267866	1	0	0	1	0	0
LOC118278143	neuronal synaptobrevin	1	0	0	1	0	0
LOC118272590	regulation of nuclear pre-mRNA domain-containing protein 1B	1	0	0	1	0	0
LOC118281846	C-type lectin domain family 4 member D	1	0	0	1	0	0
LOC118269316	RNA-binding protein with serine-rich domain 1-A	1	0	0	1	0	0
LOC118272717	sphingosine kinase 1	1	0	0	1	0	0
LOC118267775	uncharacterized LOC118267775	1	0	0	1	0	0
LOC118280926	zinc finger Y-chromosomal protein-like	1	0	0	1	0	0
LOC118281288	uncharacterized LOC118281288	1	0	0	1	0	0
LOC118278126	trypsin, alkaline C-like	1	0	0	1	0	0
LOC118281583	uncharacterized LOC118281583	1	0	0	1	0	0
LOC118266087	phospholipid-transporting ATPase ABCA3	1	0	0	1	0	0
LOC118274211	G-patch domain and KOW motifs-containing protein	1	0	0	1	0	0
LOC126911475	uncharacterized LOC126911475	1	0	0	1	0	0
LOC118276863	voltage-dependent calcium channel subunit alpha-2/delta-3	1	0	0	1	0	0
LOC118271956	serine/threonine-protein kinase RIO3	1	0	0	1	0	0
LOC118267545	uncharacterized LOC118267545	1	0	0	1	0	0
LOC118277539	uncharacterized LOC118277539	1	0	0	1	0	0
LOC118277617	ethanolaminephosphotransferase 1-like	1	0	0	1	0	0
LOC118279265	uncharacterized LOC118279265	1	0	0	1	0	0
LOC118267161	probable nuclear transport factor 2	1	0	0	1	0	0
LOC118267443	uncharacterized LOC118267443	1	0	0	1	0	0
LOC118264837	proton-coupled amino acid transporter-like protein pathetic	1	0	0	1	0	0
LOC118270598	probable LIM domain-containing serine/threonine-protein kinase DDB_G0286997	1	0	0	1	0	0
LOC118263884	uncharacterized LOC118263884	1	0	0	1	0	0
LOC118281030	UPF0547 protein C16orf87-like	1	0	0	1	0	0
LOC118272137	WD repeat and HMG-box DNA-binding protein 1	1	0	0	1	0	0
LOC118276923	lipase 3-like	1	0	0	1	0	0
LOC118276800	glycine, alanine and asparagine-rich protein-like	1	0	0	1	0	0
LOC118272012	stimulator of interferon genes protein-like	1	0	0	1	0	0
LOC118280342	zinc finger protein 563	1	0	0	1	0	0
LOC118279631	transcription factor CP2	1	0	0	1	0	0
LOC118273006	integrin beta-3	1	0	0	1	0	0
LOC126912094	uncharacterized LOC126912094	1	0	0	1	0	0
LOC118273143	clavesin-1	1	0	0	1	0	0
LOC118271572	heat shock protein 60A	1	0	0	1	0	0
LOC126912836	juxtaposed with another zinc finger protein 1	1	0	0	1	0	0
LOC118274110	uncharacterized LOC118274110	1	0	0	1	0	0
LOC126910911	uncharacterized LOC126910911	1	0	0	1	0	0
LOC118267955	uncharacterized LOC118267955	1	0	0	1	0	0
LOC126912889	uncharacterized LOC126912889	1	0	0	1	0	0
LOC118272867	enoyl-CoA delta isomerase 1, mitochondrial-like	1	0	0	1	0	0
LOC118269408	uncharacterized LOC118269408	1	0	0	1	0	0
LOC118263444	beta-1,4-mannosyltransferase egh	1	0	0	1	0	0
LOC118265777	venom carboxylesterase-6	1	0	0	1	0	0
LOC118263092	beta-galactoside alpha-2,6-sialyltransferase 2	1	0	0	1	0	0
LOC118274147	kynureninase	1	0	0	1	0	0
LOC118269030	WD repeat-containing protein 47	1	0	0	1	0	0
LOC118273114	maestro heat-like repeat-containing protein family member 1	1	0	0	1	0	0
LOC118274161	recQ-like DNA helicase Blm	1	0	0	1	0	0
LOC118279165	uncharacterized LOC118279165	1	0	0	1	0	0
LOC118278199	uncharacterized LOC118278199	1	0	0	1	0	0
LOC118263161	zinc finger protein 395	1	0	0	1	0	0
LOC126912879	uncharacterized LOC126912879	1	0	0	1	0	0
LOC118282142	uncharacterized LOC118282142	1	0	0	1	0	0
LOC118261833	uncharacterized LOC118261833	1	0	0	1	0	0
LOC118281700	uncharacterized LOC118281700	1	0	0	1	0	0
LOC118272587	zinc finger CCCH domain-containing protein 15 homolog	1	0	0	1	0	0
LOC118267179	germinal-center associated nuclear protein	1	0	0	1	0	0
LOC118272443	structural maintenance of chromosomes protein 6	1	0	0	1	0	0
LOC118282398	transmembrane protein 115-like	1	0	0	0	1	0
LOC118261838	vitamin K-dependent gamma-carboxylase	1	0	0	0	1	0
LOC118263918	neurogenic protein mastermind	1	0	0	0	1	0
LOC118271506	TNF receptor-associated factor 2	1	0	0	0	1	0
LOC118278485	coiled-coil domain-containing protein 186	1	0	0	0	1	0
LOC118274597	uncharacterized LOC118274597	1	0	0	0	1	0
LOC118268541	uncharacterized LOC118268541	1	0	0	0	1	0
LOC118267498	alkaline phosphatase	1	0	0	0	1	0
LOC118267956	tetra-peptide repeat homeobox protein 1-like	1	0	0	0	1	0
LOC118263137	ATP-binding cassette sub-family C member 4	1	0	0	0	1	0
LOC126910699	transcription factor ATOH8-like	1	0	0	0	1	0
LOC118277378	malonate--CoA ligase ACSF3, mitochondrial	1	0	0	0	1	0
LOC118268400	uncharacterized LOC118268400	1	0	0	0	1	0
LOC118263818	facilitated trehalose transporter Tret1	1	0	0	0	1	0
LOC126912839	cleavage and polyadenylation specificity factor subunit 6-like	1	0	0	0	1	0
LOC126911562	hexokinase-1-like	1	0	0	0	1	0
LOC118278063	dynein regulatory complex subunit 4	1	0	0	0	1	0
LOC118267862	uncharacterized LOC118267862	1	0	0	0	1	0
LOC118274666	ataxin-7-like protein 1	1	0	0	0	1	0
LOC118264786	uncharacterized LOC118264786	1	0	0	0	1	0
LOC118275853	N-acetylneuraminate lyase	1	0	0	0	1	0
LOC118278663	uncharacterized LOC118278663	1	0	0	0	1	0
LOC118278879	BRCA1-associated RING domain protein 1-like	1	0	0	0	1	0
LOC118266978	nitric oxide synthase	1	0	0	0	1	0
LOC118271233	myotubularin-related protein 5	1	0	0	0	1	0
LOC118267577	uncharacterized LOC118267577	1	0	0	0	1	0
LOC118262143	solute carrier family 35 member E1 homolog	1	0	0	0	1	0
LOC118274957	vanin-like protein 2	1	0	0	0	1	0
LOC118280985	protein LLP homolog	1	0	0	0	1	0
LOC118281128	zinc finger protein 454-like	1	0	0	0	1	0
LOC118272070	homogentisate 1,2-dioxygenase	1	0	0	0	1	0
LOC118266361	activating signal cointegrator 1	1	0	0	0	1	0
LOC118277637	uncharacterized LOC118277637	1	0	0	0	1	0
LOC118280606	lebocin-4-like	1	0	0	0	1	0
LOC118281900	inhibin beta B chain	1	0	0	0	1	0
LOC118268625	transcription initiation factor TFIID subunit 13	1	0	0	0	1	0
LOC118275218	ATP-dependent RNA helicase Ddx1	1	0	0	0	1	0
LOC118262452	innexin inx1	1	0	0	0	1	0
LOC118265417	aldehyde dehydrogenase X, mitochondrial-like	1	0	0	0	1	0
LOC126910748	uncharacterized LOC126910748	1	0	0	0	1	0
LOC118273247	ER membrane protein complex subunit 5	1	0	0	0	1	0
LOC118275443	uncharacterized LOC118275443	1	0	0	0	1	0
LOC118271981	ATP-dependent DNA helicase PIF1	1	0	0	0	1	0
LOC118272588	neuropeptide Y receptor type 2	1	0	0	0	1	0
LOC118274053	tyrosine-protein kinase CSK	1	0	0	0	1	0
LOC118267629	titin homolog	1	0	0	0	1	0
LOC118263768	protein phosphatase 1 regulatory subunit 36	1	0	0	0	1	0
LOC118275773	uncharacterized LOC118275773	1	0	0	0	1	0
LOC118264416	thioredoxin domain-containing protein 11	1	0	0	0	1	0
LOC118277574	nodal modulator 1	1	0	0	0	1	0
LOC118274990	regulator of microtubule dynamics protein 1	1	0	0	0	1	0
LOC118280830	uncharacterized LOC118280830	1	0	0	0	1	0
LOC118270259	disintegrin and metalloproteinase domain-containing protein 12	1	0	0	0	1	0
LOC118265068	uncharacterized LOC118265068	1	0	0	0	1	0
LOC118266479	putative ribosome-binding factor A, mitochondrial	1	0	0	0	1	0
LOC118274215	adhesive plaque matrix protein	1	0	0	0	1	0
LOC118265124	lysine-specific demethylase lid-like	1	0	0	0	1	0
LOC118269686	cell division cycle protein 16 homolog	1	0	0	0	1	0
LOC118275182	uncharacterized LOC118275182	1	0	0	0	1	0
LOC118271282	proteasome subunit alpha type-1	1	0	0	0	1	0
LOC118275474	uncharacterized LOC118275474	1	0	0	0	1	0
LOC118276080	cytosolic purine 5'-nucleotidase	1	0	0	0	1	0
LOC118272627	methanethiol oxidase	1	0	0	0	1	0
LOC118264328	D-beta-hydroxybutyrate dehydrogenase, mitochondrial	1	0	0	0	1	0
LOC118267454	protein charlatan	1	0	0	0	1	0
LOC118275392	cysteine protease ATG4D	1	0	0	0	1	0
LOC118278282	eukaryotic translation initiation factor 2-alpha kinase	1	0	0	0	1	0
LOC118263743	carbonic anhydrase-related protein 10	1	0	0	0	1	0
LOC118277896	UDP-glucosyltransferase 2	1	0	0	0	1	0
LOC118277646	lipase member H-like	1	0	0	0	1	0
LOC118266953	uncharacterized LOC118266953	1	0	0	0	1	0
LOC118277347	guanine nucleotide-binding protein G(s) subunit alpha	1	0	0	0	1	0
LOC126910611	protein Skeletor, isoforms B/C-like	1	0	0	0	1	0
LOC118261785	adult-specific cuticular protein ACP-22-like	1	0	0	0	1	0
LOC118266921	E3 ubiquitin-protein ligase SIAH1A	1	0	0	0	1	0
LOC118271082	glutaredoxin domain-containing cysteine-rich protein CG31559	1	0	0	0	1	0
LOC118263283	uncharacterized LOC118263283	1	0	0	0	1	0
LOC118274652	glucose dehydrogenase [FAD, quinone]-like	1	0	0	0	1	0
LOC118279114	translation initiation factor IF-2	1	0	0	0	1	0
LOC118263626	uncharacterized LOC118263626	1	0	0	0	1	0
LOC118274485	BRCA1-associated protein	1	0	0	0	1	0
LOC118277400	zinc finger protein 431-like	1	0	0	0	1	0
LOC118281762	protein shuttle craft	1	0	0	0	1	0
LOC118269612	uncharacterized LOC118269612	1	0	0	0	1	0
LOC118272180	protein jim lovell	1	0	0	0	1	0
LOC118268630	uncharacterized LOC118268630	1	0	0	0	1	0
LOC118265369	pancreatic lipase-related protein 2-like	1	0	0	0	1	0
LOC118276215	uncharacterized LOC118276215	1	0	0	0	1	0
Trnac-gca	transfer RNA cysteine (anticodon GCA)	1	0	0	0	1	0
LOC118280751	hepatocyte nuclear factor 6	1	0	0	0	1	0
LOC118264971	ATP-binding cassette subfamily G member 4	1	0	0	0	1	0
LOC118265999	growth arrest-specific protein 1-like	1	0	0	0	1	0
LOC118272107	uncharacterized LOC118272107	1	0	0	0	1	0
LOC118276266	leucine zipper putative tumor suppressor 2 homolog	1	0	0	0	1	0
LOC118269921	probable 2-oxoglutarate dehydrogenase E1 component DHKTD1 homolog, mitochondrial	1	0	0	0	1	0
LOC118266626	josephin-2	1	0	0	0	1	0
LOC118262156	uncharacterized LOC118262156	1	0	0	0	1	0
LOC118276082	BRISC complex subunit FAM175B	1	0	0	0	1	0
LOC118278054	uncharacterized LOC118278054	1	0	0	0	1	0
LOC118266664	chromodomain-helicase-DNA-binding protein Mi-2 homolog	1	0	0	0	1	0
LOC118264953	protein retinal degeneration B	1	0	0	0	1	0
LOC118267895	fatty acyl-CoA reductase 1-like	1	0	0	0	1	0
LOC118281406	cuticle protein 7-like	1	0	0	0	1	0
LOC118279544	uncharacterized LOC118279544	1	0	0	0	1	0
LOC118273307	uncharacterized LOC118273307	1	0	0	0	1	0
LOC118274637	GPI transamidase component PIG-S	1	0	0	0	1	0
LOC118262995	innexin inx7-like	1	0	0	0	1	0
LOC118264984	dynein axonemal heavy chain 2	1	0	0	0	1	0
LOC118261726	uncharacterized LOC118261726	1	0	0	0	1	0
LOC118282409	proteasome-associated protein ECM29 homolog	1	0	0	0	1	0
LOC118279440	tudor domain-containing protein 7	1	0	0	0	1	0
LOC118277543	beta-alanine transporter	1	0	0	0	1	0
LOC118266654	uncharacterized LOC118266654	1	0	0	0	1	0
LOC118281164	COMM domain-containing protein 5-like	1	0	0	0	1	0
LOC118262158	uncharacterized LOC118262158	1	0	0	0	1	0
LOC118274240	sialic acid synthase	1	0	0	0	1	0
LOC118272945	suppressor of cytokine signaling 5-like	1	0	0	0	1	0
LOC118267803	uncharacterized LOC118267803	1	0	0	0	1	0
LOC118278618	V-type proton ATPase subunit S1	1	0	0	0	1	0
LOC118267372	ATP-binding cassette sub-family B member 10, mitochondrial	1	0	0	0	1	0
LOC118275830	exocyst complex component 5	1	0	0	0	1	0
LOC118272510	85/88 kDa calcium-independent phospholipase A2	1	0	0	0	1	0
LOC118272471	craniofacial development protein 1	1	0	0	0	1	0
LOC118274284	phosphomevalonate kinase	1	0	0	0	1	0
LOC118271597	uncharacterized LOC118271597	1	0	0	0	1	0
LOC118270552	glutamyl-tRNA(Gln) amidotransferase subunit A, mitochondrial	1	0	0	0	1	0
LOC118273161	ubiquitin-conjugating enzyme E2Q-like protein CG4502	1	0	0	0	1	0
LOC118262190	protein takeout	1	0	0	0	1	0
LOC118263420	homeobox protein CDX-1	1	0	0	0	1	0
LOC118280581	protein transport protein Sec24C	1	0	0	0	1	0
LOC118279161	ATP-dependent RNA helicase DHX30-like	1	0	0	0	1	0
LOC118280887	xaa-Pro aminopeptidase ApepP-like	1	0	0	0	1	0
LOC118272870	zinc finger CCCH domain-containing protein 18	1	0	0	0	1	0
LOC118273031	uncharacterized LOC118273031	1	0	0	0	1	0
LOC118276125	acyl-CoA Delta(11) desaturase	1	0	0	0	1	0
LOC118272939	uncharacterized LOC118272939	1	0	0	0	1	0
LOC118277853	S-adenosylmethionine sensor upstream of mTORC1	1	0	0	0	1	0
LOC118264822	adenylosuccinate lyase	1	0	0	0	1	0
LOC118268135	all trans-polyprenyl-diphosphate synthase PDSS1	1	0	0	0	1	0
LOC118264788	cytochrome P450 9e2	1	0	0	0	1	0
LOC126912285	uncharacterized LOC126912285	1	0	0	0	1	0
LOC118273467	carbohydrate sulfotransferase 11	1	0	0	0	1	0
LOC118273237	chromobox protein homolog 5	1	0	0	0	1	0
LOC118263871	osteocalcin 2-like	1	0	0	0	1	0
LOC118262244	uncharacterized LOC118262244	1	0	0	0	1	0
LOC126911460	cytochrome c oxidase assembly protein COX18, mitochondrial	1	0	0	0	1	0
LOC126910799	uncharacterized protein K02A2.6-like	1	0	0	0	1	0
LOC118271623	transcription factor A, mitochondrial	1	0	0	0	1	0
LOC118272157	uncharacterized LOC118272157	1	0	0	0	1	0
LOC118261772	filaggrin-like	1	0	0	0	1	0
LOC118268902	uncharacterized LOC118268902	1	0	0	0	1	0
LOC126910959	uncharacterized LOC126910959	1	0	0	0	1	0
LOC126912540	uncharacterized LOC126912540	1	0	0	0	1	0
LOC118265659	uncharacterized LOC118265659	1	0	0	0	1	0
LOC126911156	uncharacterized LOC126911156	1	0	0	0	1	0
LOC118269628	transcription elongation factor B polypeptide 3	1	0	0	0	1	0
LOC118274244	limbic system-associated membrane protein	1	0	0	0	1	0
LOC126911560	epidermal growth factor receptor kinase substrate 8-like protein 1	1	0	0	0	1	0
LOC126910908	5S ribosomal RNA	1	0	0	0	1	0
LOC118275622	carboxypeptidase B-like	1	0	0	0	1	0
LOC118263452	uncharacterized LOC118263452	1	0	0	0	1	0
LOC118267044	macrophage mannose receptor 1	1	0	0	0	1	0
LOC118266438	uncharacterized LOC118266438	1	0	0	0	1	0
LOC118280574	uncharacterized LOC118280574	1	0	0	0	1	0
LOC118265656	peroxisomal multifunctional enzyme type 2	1	0	0	0	1	0
LOC118271959	runt-related transcription factor 1	1	0	0	0	1	0
LOC118279039	ADP,ATP carrier protein	1	0	0	0	1	0
LOC118264112	alkyldihydroxyacetonephosphate synthase	1	0	0	0	1	0
LOC118263350	cytochrome P450 4g15-like	1	0	0	0	1	0
LOC118270548	octopamine receptor beta-1R-like	1	0	0	0	1	0
LOC118267309	mpv17-like protein	1	0	0	0	1	0
LOC118270553	uncharacterized LOC118270553	1	0	0	0	1	0
LOC118281105	toll-like receptor Tollo	1	0	0	0	1	0
LOC118277675	lactase/phlorizin hydrolase	1	0	0	0	1	0
LOC118265867	rootletin-like	1	0	0	0	1	0
LOC118277583	serine/threonine-protein kinase 3	1	0	0	0	1	0
LOC118265958	proton-coupled folate transporter	1	0	0	0	1	0
LOC118261883	ran-binding protein 3	1	0	0	0	1	0
LOC118263389	intraflagellar transport protein 122 homolog	1	0	0	0	1	0
LOC118263249	uncharacterized LOC118263249	1	0	0	0	1	0
LOC118264463	uncharacterized LOC118264463	1	0	0	0	1	0
LOC118265216	aldehyde dehydrogenase 1A1	1	0	0	0	1	0
LOC118265836	oxysterol-binding protein-related protein 9	1	0	0	0	1	0
LOC118275295	ubiquinone biosynthesis monooxygenase COQ6, mitochondrial	1	0	0	0	1	0
LOC118263496	zinc finger matrin-type protein CG9776	1	0	0	0	1	0
LOC118271916	F-actin-capping protein subunit beta	1	0	0	0	1	0
LOC118279580	uncharacterized LOC118279580	1	0	0	0	1	0
LOC118268367	membrane alanyl aminopeptidase	1	0	0	0	1	0
Trnal-caa	transfer RNA leucine (anticodon CAA)	1	0	0	0	1	0
LOC118262785	cytochrome P450 6B5	1	0	0	0	1	0
LOC118278529	60S ribosomal protein L32-like	1	0	0	0	1	0
LOC126912744	NKAP family protein CG6066	1	0	0	0	1	0
LOC118269312	putative inorganic phosphate cotransporter	1	0	0	0	1	0
LOC126912250	adhesive plaque matrix protein-like	1	0	0	0	1	0
LOC118266215	uncharacterized LOC118266215	1	0	0	0	1	0
LOC118270695	cytochrome P450 4V2-like	1	0	0	0	1	0
LOC118265402	GRIP and coiled-coil domain-containing protein 1	1	0	0	0	1	0
LOC118265989	protein FAM91A1	1	0	0	0	1	0
LOC126910676	uncharacterized LOC126910676	1	0	0	0	1	0
LOC118272281	6-phosphofructo-2-kinase/fructose-2,6-bisphosphatase	1	0	0	0	1	0
LOC118264301	ER lumen protein-retaining receptor	1	0	0	0	1	0
LOC118264615	G protein-activated inward rectifier potassium channel 3	1	0	0	0	1	0
LOC118264626	nipped-B-like protein B	1	0	0	0	1	0
LOC118268957	orcokinin peptides	1	0	0	0	1	0
LOC118264621	G protein-activated inward rectifier potassium channel 4-like	1	0	0	0	1	0
LOC118266886	eIF-2-alpha kinase activator GCN1	1	0	0	0	1	0
LOC118274290	uncharacterized LOC118274290	1	0	0	0	1	0
LOC118268545	centrosomal protein of 290 kDa	1	0	0	0	1	0
LOC118275985	arrestin domain-containing protein 4	1	0	0	0	1	0
LOC118276317	uncharacterized LOC118276317	1	0	0	0	1	0
Trnav-cac	transfer RNA valine (anticodon CAC)	1	0	0	0	1	0
LOC118269876	glutathione S-transferase D7	1	0	0	0	1	0
LOC118282347	larval cuticle protein LCP-22-like	1	0	0	0	1	0
LOC118275713	L-asparaginase 1	1	0	0	0	1	0
LOC118272165	histone-lysine N-methyltransferase 2D	1	0	0	0	1	0
LOC118270501	MICOS complex subunit Mic60	1	0	0	0	1	0
LOC118267788	connectin-like	1	0	0	0	1	0
LOC118267572	neurogenic locus protein delta	1	0	0	0	1	0
LOC118269707	N-acetylgalactosamine kinase	1	0	0	0	1	0
LOC118274733	nose resistant to fluoxetine protein 6	1	0	0	0	1	0
LOC118280627	uncharacterized LOC118280627	1	0	0	0	1	0
LOC118267539	neuroglobin	1	0	0	0	1	0
LOC118274151	conserved oligomeric Golgi complex subunit 1	1	0	0	0	1	0
LOC118279200	nematocyst expressed protein 4	1	0	0	0	1	0
LOC118266862	E3 ubiquitin-protein ligase MGRN1	1	0	0	0	1	0
LOC126912671	SID1 transmembrane family member 1-like	1	0	0	0	1	0
LOC118263307	serine/threonine-protein kinase OSR1	1	0	0	0	1	0
LOC118274619	protein lethal(2)k10201	1	0	0	0	1	0
LOC118264104	uncharacterized LOC118264104	1	0	0	0	1	0
LOC118263406	vascular endothelial growth factor receptor 1	1	0	0	0	1	0
LOC118275414	flavin reductase (NADPH)	1	0	0	0	1	0
LOC118269610	uncharacterized LOC118269610	1	0	0	0	1	0
LOC118262297	mitochondrial-processing peptidase subunit alpha	1	0	0	0	1	0
LOC118280400	uncharacterized LOC118280400	1	0	0	0	1	0
LOC118270414	uncharacterized LOC118270414	1	0	0	0	1	0
LOC118267746	motile sperm domain-containing protein 1	1	0	0	0	1	0
LOC118273564	T-box transcription factor TBX20-like	1	0	0	0	1	0
LOC118268214	odorant receptor 67a-like	1	0	0	0	1	0
LOC118261983	hybrid signal transduction histidine kinase M	1	0	0	0	1	0
LOC118273839	transcription initiation factor IIA subunit 1	1	0	0	0	1	0
LOC118274777	mucin-2-like	1	0	0	0	1	0
LOC118275430	uncharacterized LOC118275430	1	0	0	0	1	0
LOC118276601	uncharacterized LOC118276601	1	0	0	0	1	0
LOC118276823	uncharacterized LOC118276823	1	0	0	0	1	0
LOC118270969	uncharacterized LOC118270969	1	0	0	0	1	0
LOC118267778	uncharacterized LOC118267778	1	0	0	0	1	0
LOC118270255	mitogen-activated protein kinase p38b	1	0	0	0	1	0
LOC118273028	maltase 2	1	0	0	0	1	0
LOC118263674	FAST kinase domain-containing protein 5, mitochondrial	1	0	0	0	1	0
LOC118274636	phosphatidylinositol transfer protein alpha isoform	1	0	0	0	1	0
LOC118266619	CD63 antigen	1	0	0	0	1	0
LOC118267568	neurogenic differentiation factor 2	1	0	0	0	1	0
LOC118265500	splicing factor U2af 38 kDa subunit	1	0	0	0	1	0
LOC118274790	39S ribosomal protein L18, mitochondrial	1	0	0	0	1	0
LOC118269925	heterogeneous nuclear ribonucleoprotein A1	1	0	0	0	1	0
LOC118278281	nischarin	1	0	0	0	1	0
LOC118272563	serine palmitoyltransferase 1	1	0	0	0	1	0
LOC118271300	FMRFamide-related peptides	1	0	0	0	1	0
LOC118279188	uncharacterized LOC118279188	1	0	0	0	1	0
LOC126912809	uncharacterized LOC126912809	1	0	0	0	1	0
LOC118280357	isocitrate dehydrogenase [NAD] subunit gamma, mitochondrial	1	0	0	0	1	0
LOC118280611	lysine-specific demethylase lid	1	0	0	0	1	0
LOC118269487	UDP-xylose and UDP-N-acetylglucosamine transporter	1	0	0	0	1	0
LOC126911921	transmembrane protein 242	1	0	0	0	1	0
LOC126913060	uncharacterized LOC126913060	1	0	0	0	1	0
LOC118279335	importin-7	1	0	0	0	1	0
LOC118268846	uncharacterized LOC118268846	1	0	0	0	1	0
LOC118264699	coiled-coil domain-containing protein 18-like	1	0	0	0	1	0
LOC118265122	fatty acid synthase-like	1	0	0	0	1	0
LOC118274322	neurotrimin	1	0	0	0	1	0
LOC118273522	inactive hydroxysteroid dehydrogenase-like protein 1	1	0	0	0	1	0
Trnar-acg	transfer RNA arginine (anticodon ACG)	1	0	0	0	1	0
LOC118268572	transposable element P transposase	1	0	0	0	1	0
LOC118265169	androgen-dependent TFPI-regulating protein-like	1	0	0	0	1	0
LOC118270554	methionine--tRNA ligase, mitochondrial	1	0	0	0	1	0
LOC118273919	poly(A) RNA polymerase gld-2 homolog B	1	0	0	0	1	0
LOC118268509	opsin Rh3	1	0	0	0	1	0
LOC118277140	calbindin-32	1	0	0	0	1	0
LOC118274715	elongator complex protein 5	1	0	0	0	1	0
LOC118263279	cytoplasmic dynein 2 heavy chain 1	1	0	0	0	1	0
LOC118265461	uncharacterized LOC118265461	1	0	0	0	1	0
LOC118270894	uncharacterized LOC118270894	1	0	0	0	1	0
LOC118265815	midasin	1	0	0	0	1	0
LOC118276660	glycerol kinase	1	0	0	0	1	0
LOC118267182	uncharacterized LOC118267182	1	0	0	0	1	0
LOC118265878	ras-related and estrogen-regulated growth inhibitor	1	0	0	0	1	0
LOC118262514	integrator complex subunit 8	1	0	0	0	1	0
LOC118270958	kinesin-like protein Klp68D	1	0	0	0	1	0
LOC126911554	facilitated trehalose transporter Tret1-like	1	0	0	0	1	0
LOC118268991	putative inorganic phosphate cotransporter	1	0	0	0	1	0
LOC118275197	uncharacterized LOC118275197	1	0	0	0	1	0
LOC118278549	uncharacterized LOC118278549	1	0	0	0	1	0
LOC118263547	cytochrome P450 CYP12A2-like	1	0	0	0	1	0
LOC118270860	cytochrome P450 4g15-like	1	0	0	0	1	0
LOC118270319	erythroid differentiation-related factor 1	1	0	0	0	1	0
LOC118271795	MDS1 and EVI1 complex locus protein EVI1-A	1	0	0	0	1	0
LOC118275418	uncharacterized LOC118275418	1	0	0	0	1	0
LOC118270384	uncharacterized LOC118270384	1	0	0	0	1	0
LOC118269883	uncharacterized LOC118269883	1	0	0	0	1	0
LOC118264730	uncharacterized LOC118264730	1	0	0	0	1	0
LOC118278337	U4 spliceosomal RNA	1	0	0	0	1	0
LOC118282303	uncharacterized LOC118282303	1	0	0	0	1	0
LOC118270656	protein BCCIP homolog	1	0	0	0	1	0
LOC118273146	tRNA-dihydrouridine(47) synthase [NAD(P)(+)]-like	1	0	0	0	1	0
LOC118270320	negative elongation factor A	1	0	0	0	1	0
LOC118273040	transcription-associated protein 1	1	0	0	0	1	0
LOC118271882	neuropeptide CCHamide-2 receptor	1	0	0	0	1	0
LOC118263803	sensory neuron membrane protein 2	1	0	0	0	1	0
LOC118264376	polyglutamylase complex subunit TTLL1-like	1	0	0	0	1	0
LOC118267995	biogenesis of lysosome-related organelles complex 1 subunit 2	1	0	0	0	1	0
LOC118272390	dehydrogenase/reductase SDR family member on chromosome X	1	0	0	0	1	0
LOC118264480	uncharacterized LOC118264480	1	0	0	0	1	0
LOC118267174	NADPH oxidase 4	1	0	0	0	1	0
LOC118269600	CCR4-NOT transcription complex subunit 6	1	0	0	0	1	0
LOC118277852	E3 ubiquitin-protein ligase KCMF1	1	0	0	0	1	0
LOC118278440	modular serine protease-like	1	0	0	0	1	0
LOC118261998	peroxidase	1	0	0	0	1	0
LOC118282117	prolyl 4-hydroxylase subunit alpha-2	1	0	0	0	1	0
LOC118277333	transmembrane protein 68	1	0	0	0	1	0
LOC118274613	nucleoside-diphosphatase uda-1	1	0	0	0	1	0
LOC118279379	ATP-sensitive inward rectifier potassium channel 15	1	0	0	0	1	0
LOC118263503	delta-sarcoglycan	1	0	0	0	1	0
LOC118275632	DNA polymerase epsilon catalytic subunit 1	1	0	0	0	1	0
LOC118272162	organic cation transporter protein	1	0	0	0	1	0
LOC118270202	F-box only protein 5-A-like	1	0	0	0	1	0
LOC118262721	sensory neuron membrane protein 2	1	0	0	0	1	0
LOC118277070	uncharacterized LOC118277070	1	0	0	0	1	0
LOC118273149	tubulin polyglutamylase complex subunit 2	1	0	0	0	1	0
LOC118275473	kelch repeat and BTB domain-containing protein 2	1	0	0	0	1	0
LOC118262869	tryptophan 5-hydroxylase 1	1	0	0	0	1	0
LOC126911696	adenylate cyclase type 10-like	1	0	0	0	1	0
LOC118265898	ras-related protein Rab-23	1	0	0	0	1	0
LOC118267338	uncharacterized LOC118267338	1	0	0	0	1	0
LOC118263612	40S ribosomal protein S2	1	0	0	0	1	0
LOC118281560	tropomodulin-1	1	0	0	0	1	0
LOC118263780	odorant receptor 4-like	1	0	0	0	1	0
LOC118262265	uncharacterized LOC118262265	1	0	0	0	1	0
LOC118261851	cadherin-23	1	0	0	0	1	0
LOC118262749	mediator of RNA polymerase II transcription subunit 14	1	0	0	0	1	0
LOC118270565	octopamine receptor Oamb	1	0	0	0	1	0
LOC118277058	protein DEK	1	0	0	0	1	0
LOC118270657	odorant receptor 4-like	1	0	0	0	1	0
LOC118263268	CREB-binding protein	1	0	0	0	1	0
LOC118269666	50S ribosomal protein L1	1	0	0	0	1	0
LOC118282362	rho GTPase-activating protein 39	1	0	0	0	1	0
LOC118275322	calcium and integrin-binding family member 3	1	0	0	0	1	0
LOC118275980	uncharacterized LOC118275980	1	0	0	0	1	0
LOC118264457	ATP synthase subunit O, mitochondrial-like	1	0	0	0	1	0
LOC118270828	uncharacterized LOC118270828	1	0	0	0	1	0
LOC118266124	follistatin-A	1	0	0	0	1	0
LOC118264776	uncharacterized LOC118264776	1	0	0	0	1	0
LOC118274670	NAD-dependent protein deacylase Sirt4-like	1	0	0	0	1	0
LOC118268959	uncharacterized LOC118268959	1	0	0	0	1	0
LOC118277541	zinc finger protein 354C	1	0	0	0	1	0
LOC126911210	O-acyltransferase like protein-like	1	0	0	0	1	0
LOC118276274	succinate dehydrogenase cytochrome b560 subunit, mitochondrial	1	0	0	0	1	0
LOC118266245	3-ketoacyl-CoA thiolase, mitochondrial-like	1	0	0	0	1	0
LOC118281923	histone acetyltransferase Tip60	1	0	0	0	1	0
LOC118267103	ras-related protein Rab-37	1	0	0	0	1	0
LOC118265118	transmembrane protein 50A	1	0	0	0	1	0
LOC118272604	collagen alpha-1(XVIII) chain	1	0	0	0	1	0
LOC118273015	probable G-protein coupled receptor 158	1	0	0	0	1	0
LOC118268646	arylsulfatase B	1	0	0	0	1	0
LOC118267373	probable 4-coumarate--CoA ligase 1	1	0	0	0	1	0
LOC118268242	methionine aminopeptidase 1	1	0	0	0	1	0
LOC118264824	uncharacterized LOC118264824	1	0	0	0	1	0
LOC118267412	uncharacterized LOC118267412	1	0	0	0	1	0
LOC118264628	uncharacterized LOC118264628	1	0	0	0	1	0
LOC118274834	protein GUCD1	1	0	0	0	1	0
LOC118278725	uncharacterized LOC118278725	1	0	0	0	1	0
LOC118269908	fibril-forming collagen alpha chain	1	0	0	0	1	0
LOC118266415	guanine nucleotide exchange factor subunit Rich	1	0	0	0	1	0
LOC118268536	membrane alanyl aminopeptidase	1	0	0	0	1	0
LOC118282153	organic cation transporter protein	1	0	0	0	1	0
LOC118275261	uncharacterized LOC118275261	1	0	0	0	1	0
LOC118274922	uncharacterized LOC118274922	1	0	0	0	1	0
LOC118279840	homeotic protein distal-less	1	0	0	0	1	0
LOC118264540	uncharacterized LOC118264540	1	0	0	0	1	0
LOC118262854	UDP-N-acetylglucosamine--peptide N-acetylglucosaminyltransferase 110 kDa subunit	1	0	0	0	1	0
LOC118272438	drebrin-like protein B	1	0	0	0	1	0
LOC118265757	translation elongation factor 2	1	0	0	0	1	0
LOC118279255	anoctamin-8-like	1	0	0	0	1	0
LOC118273909	phosphatidylinositol 5-phosphate 4-kinase type-2 alpha	1	0	0	0	1	0
LOC118266494	CD109 antigen	1	0	0	0	1	0
LOC118262986	delta-aminolevulinic acid dehydratase	1	0	0	0	1	0
LOC118277780	solute carrier family 22 member 13	1	0	0	0	1	0
LOC118276831	rho guanine nucleotide exchange factor 12	1	0	0	0	1	0
LOC118264306	protein yellow	1	0	0	0	1	0
LOC118266491	uncharacterized LOC118266491	1	0	0	0	1	0
LOC118263954	epsin-2	1	0	0	0	1	0
LOC118265460	gamma-secretase subunit Aph-1	1	0	0	0	1	0
LOC118277854	SAP domain-containing ribonucleoprotein	1	0	0	0	1	0
LOC118264913	uncharacterized LOC118264913	1	0	0	0	1	0
LOC126911534	uncharacterized LOC126911534	1	0	0	0	1	0
LOC118280734	transmembrane and coiled-coil domains protein 2	1	0	0	0	1	0
Trnal-uag	transfer RNA leucine (anticodon UAG)	1	0	0	0	1	0
LOC118264977	radial spoke head 1 homolog	1	0	0	0	1	0
LOC118270019	uncharacterized LOC118270019	1	0	0	0	1	0
LOC118275168	elongation of very long chain fatty acids protein AAEL008004	1	0	0	0	1	0
LOC118269964	scavenger receptor class B member 1	1	0	0	0	1	0
LOC118268827	formin-like protein	1	0	0	0	1	0
LOC118271307	apoptosis-inducing factor 1, mitochondrial	1	0	0	0	1	0
LOC118271196	uncharacterized LOC118271196	1	0	0	0	1	0
LOC118272511	THAP domain-containing protein 1	1	0	0	0	1	0
LOC118277671	lactase/phlorizin hydrolase-like	1	0	0	0	1	0
LOC118266425	sodium-coupled monocarboxylate transporter 2	1	0	0	0	1	0
LOC118280388	uncharacterized LOC118280388	1	0	0	0	1	0
LOC118267836	keratin-associated protein 19-2	1	0	0	0	1	0
LOC118264783	coiled-coil domain-containing protein 40	1	0	0	0	1	0
LOC118268544	ATP-dependent RNA helicase DDX54	1	0	0	0	1	0
LOC118276651	NAD(P)H-hydrate epimerase	1	0	0	0	1	0
LOC118270719	cytochrome P450 4C1-like	1	0	0	0	1	0
LOC118269935	phenylalanine--tRNA ligase alpha subunit	1	0	0	0	1	0
LOC118281674	39S ribosomal protein L38, mitochondrial	1	0	0	0	1	0
LOC118281232	probable galactose-1-phosphate uridylyltransferase	1	0	0	0	1	0
LOC118263607	testis-specific serine/threonine-protein kinase 1	1	0	0	0	1	0
LOC118277669	myrosinase 1-like	1	0	0	0	1	0
LOC118268963	von Willebrand factor A domain-containing protein 8	1	0	0	0	1	0
LOC118266314	cAMP-dependent protein kinase type II regulatory subunit	1	0	0	0	1	0
LOC118278820	transferrin-like	1	0	0	0	1	0
LOC118282247	protein FAM32A-like	1	0	0	0	1	0
LOC118266791	intermembrane lipid transfer protein Vps13D	1	0	0	0	1	0
LOC118280110	G patch domain-containing protein 4	1	0	0	0	1	0
LOC118274501	proline dehydrogenase 1, mitochondrial	1	0	0	0	1	0
LOC118261912	cyclic GMP-AMP synthase-like receptor	1	0	0	0	1	0
LOC118272486	ribonucleases P/MRP protein subunit POP1	1	0	0	0	1	0
LOC118276991	oocyte zinc finger protein XlCOF6-like	1	0	0	0	1	0
LOC126911807	uncharacterized LOC126911807	1	0	0	0	1	0
LOC118281897	ATP-binding cassette sub-family D member	1	0	0	0	1	0
LOC118274283	cytochrome P450 6B6	1	0	0	0	1	0
LOC126911920	programmed cell death protein 2	1	0	0	0	1	0
LOC126911388	uncharacterized LOC126911388	1	0	0	0	1	0
LOC118272572	prolactin-releasing peptide receptor	1	0	0	0	1	0
LOC118280898	DNA ligase 1	1	0	0	0	1	0
LOC118266546	5S ribosomal RNA	1	0	0	0	1	0
LOC118268262	sphingosine-1-phosphate lyase	1	0	0	0	1	0
LOC118280282	fatty acyl-CoA reductase 1	1	0	0	0	1	0
LOC118268158	uncharacterized LOC118268158	1	0	0	0	1	0
LOC118281174	uncharacterized LOC118281174	1	0	0	0	1	0
LOC126910751	hornerin-like	1	0	0	0	1	0
LOC118279287	checkpoint protein HUS1	1	0	0	0	1	0
LOC118264168	voltage-dependent calcium channel gamma-4 subunit	1	0	0	0	1	0
LOC118264546	uncharacterized LOC118264546	1	0	0	0	1	0
LOC126911702	uncharacterized LOC126911702	1	0	0	0	1	0
LOC118275199	uncharacterized LOC118275199	1	0	0	0	1	0
LOC118274736	carboxypeptidase D	1	0	0	0	1	0
LOC118272657	retinal homeobox protein Rx-A	1	0	0	0	1	0
LOC118267707	uncharacterized LOC118267707	1	0	0	0	1	0
LOC118265214	uncharacterized LOC118265214	1	0	0	0	1	0
LOC118282246	basic proline-rich protein	1	0	0	0	1	0
LOC118275757	putative leucine-rich repeat-containing protein DDB_G0290503	1	0	0	0	1	0
LOC118264722	zinc carboxypeptidase A 1	1	0	0	0	1	0
LOC118267420	uncharacterized LOC118267420	1	0	0	0	1	0
LOC118272315	threonylcarbamoyladenosine tRNA methylthiotransferase	1	0	0	0	1	0
LOC118270561	uncharacterized LOC118270561	1	0	0	0	1	0
Trnaa-agc	transfer RNA alanine (anticodon AGC)	1	0	0	0	1	0
LOC118266918	rab5 GDP/GTP exchange factor	1	0	0	0	1	0
LOC118261937	period circadian protein	1	0	0	0	1	0
LOC118268208	dnaJ homolog subfamily C member 8	1	0	0	0	1	0
LOC118264464	autophagy protein 12-like	1	0	0	0	1	0
LOC118274237	arginine-glutamic acid dipeptide repeats protein	1	0	0	0	1	0
LOC118263278	cysteine--tRNA ligase, cytoplasmic	1	0	0	0	1	0
LOC118281829	26S proteasome non-ATPase regulatory subunit 14	1	0	0	0	1	0
LOC118276124	mucin-2	1	0	0	0	1	0
LOC118273645	uncharacterized LOC118273645	1	0	0	0	1	0
LOC118261793	cuticle protein 19-like	1	0	0	0	1	0
LOC118262580	ras-related protein Rab-21	1	0	0	0	1	0
LOC118264989	uncharacterized LOC118264989	1	0	0	0	1	0
LOC118277209	retinaldehyde-binding protein 1	1	0	0	0	1	0
LOC118269870	saccharopine dehydrogenase-like oxidoreductase	1	0	0	0	1	0
LOC118269970	transmembrane protease serine 12	1	0	0	0	1	0
LOC118271842	uncharacterized LOC118271842	1	0	0	0	1	0
LOC118280293	putative fatty acyl-CoA reductase CG5065	1	0	0	0	1	0
LOC118269177	G-protein coupled receptor Mth2	1	0	0	0	1	0
LOC118271327	synaptotagmin-10	1	0	0	0	1	0
LOC118275396	kinesin-like protein Klp98A	1	0	0	0	1	0
LOC118264074	rhomboid-related protein 3	1	0	0	0	1	0
LOC118281655	calcium uptake protein 1 homolog, mitochondrial-like	1	0	0	0	1	0
LOC118274578	max-binding protein MNT	1	0	0	0	1	0
LOC118281697	nuclear factor NF-kappa-B p110 subunit-like	1	0	0	0	1	0
LOC118263659	cytochrome P450 CYP12A2	1	0	0	0	1	0
LOC118267222	TBC1 domain family member 9	1	0	0	0	1	0
LOC118270786	uncharacterized LOC118270786	1	0	0	0	1	0
LOC118262743	lipopolysaccharide-induced tumor necrosis factor-alpha factor	1	0	0	0	1	0
LOC118263639	probable phosphorylase b kinase regulatory subunit alpha	1	0	0	0	1	0
LOC118264492	sodium-dependent nutrient amino acid transporter 1	1	0	0	0	1	0
LOC118275546	U3 small nucleolar RNA-associated protein 25 homolog	1	0	0	0	1	0
LOC118275812	uncharacterized LOC118275812	1	0	0	0	1	0
LOC118261955	probable NADH dehydrogenase [ubiquinone] 1 alpha subcomplex subunit 12	1	0	0	0	1	0
LOC118262565	uncharacterized LOC118262565	1	0	0	0	1	0
LOC118271809	2-hydroxyacyl-CoA lyase 1	1	0	0	0	1	0
LOC118275787	papilin-like	1	0	0	0	1	0
LOC126911674	uncharacterized LOC126911674	1	0	0	0	1	0
LOC118276471	histidine-rich glycoprotein	1	0	0	0	1	0
LOC118275380	nucleoside diphosphate kinase 7-like	1	0	0	0	1	0
LOC118281152	GTP-binding protein 2	1	0	0	0	1	0
LOC118277781	synapse-associated protein of 47 kDa	1	0	0	0	1	0
LOC118264581	DNA polymerase subunit gamma-2, mitochondrial	1	0	0	0	1	0
LOC118271568	membrane-bound alkaline phosphatase	1	0	0	0	1	0
LOC118269102	GATOR complex protein WDR24	1	0	0	0	1	0
LOC118280049	phenoloxidase-activating enzyme	1	0	0	0	1	0
LOC126910747	uncharacterized LOC126910747	1	0	0	0	1	0
LOC118273163	uncharacterized LOC118273163	1	0	0	0	1	0
LOC118273257	protein muscleblind	1	0	0	0	1	0
LOC118271625	uncharacterized LOC118271625	1	0	0	0	1	0
LOC118269650	uncharacterized LOC118269650	1	0	0	0	1	0
LOC118276256	organic cation transporter-like protein	1	0	0	0	1	0
LOC118263085	uncharacterized LOC118263085	1	0	0	0	1	0
LOC118267604	calcium-binding mitochondrial carrier protein SCaMC-2	1	0	0	0	1	0
LOC118276111	protein Aster-B	1	0	0	0	1	0
LOC118268498	uncharacterized LOC118268498	1	0	0	0	1	0
LOC118276453	spondin-2	1	0	0	0	1	0
LOC118262299	succinate--CoA ligase [GDP-forming] subunit beta, mitochondrial	1	0	0	0	1	0
LOC118280596	solute carrier family 41 member 1	1	0	0	0	1	0
LOC126910724	E3 ubiquitin-protein ligase RMND5A	1	0	0	0	1	0
LOC118266011	ceramide transfer protein	1	0	0	0	1	0
LOC118275393	protein farnesyltransferase subunit beta	1	0	0	0	1	0
LOC118271088	uncharacterized LOC118271088	1	0	0	0	1	0
LOC118272457	probable E3 ubiquitin-protein ligase sinah	1	0	0	0	1	0
LOC118272759	tektin-B1	1	0	0	0	1	0
LOC118262416	cilium assembly protein DZIP1L	1	0	0	0	1	0
LOC118282043	nephrin	1	0	0	0	1	0
LOC118280052	uncharacterized LOC118280052	1	0	0	0	1	0
LOC118264816	uncharacterized LOC118264816	1	0	0	0	1	0
LOC118276612	uncharacterized LOC118276612	1	0	0	0	1	0
LOC118266426	hillarin	1	0	0	0	1	0
LOC118271120	uncharacterized LOC118271120	1	0	0	0	1	0
LOC118270412	wolframin	1	0	0	0	1	0
LOC118263677	N(4)-(Beta-N-acetylglucosaminyl)-L-asparaginase	1	0	0	0	1	0
LOC118277850	facilitated trehalose transporter Tret1-like	1	0	0	0	1	0
LOC118269649	elongin-B	1	0	0	0	1	0
LOC118262365	COMM domain-containing protein 2	1	0	0	0	1	0
LOC118275813	synaptosomal-associated protein 25	1	0	0	0	1	0
LOC118275263	protein transport protein Sec23A	1	0	0	0	1	0
LOC118273246	probable H/ACA ribonucleoprotein complex subunit 1	1	0	0	0	1	0
LOC118269792	reticulocyte-binding protein homolog 1-like	1	0	0	0	1	0
LOC118271204	tetratricopeptide repeat protein 5	1	0	0	0	1	0
LOC118270659	muscle segmentation homeobox	1	0	0	0	1	0
LOC118265899	uncharacterized LOC118265899	1	0	0	0	1	0
LOC118266621	fidgetin-like protein 1	1	0	0	0	1	0
LOC126911593	uncharacterized LOC126911593	1	0	0	0	1	0
LOC118280623	uncharacterized LOC118280623	1	0	0	0	1	0
LOC118264761	uncharacterized LOC118264761	1	0	0	0	1	0
LOC118266600	Ca(2+)/calmodulin-responsive adenylate cyclase	1	0	0	0	1	0
LOC118277339	retinol dehydrogenase 12	1	0	0	0	1	0
LOC118272853	HEAT repeat-containing protein 3	1	0	0	0	1	0
LOC118268241	uncharacterized LOC118268241	1	0	0	0	1	0
LOC118262704	uncharacterized LOC118262704	1	0	0	0	1	0
LOC118264181	serine-rich adhesin for platelets-like	1	0	0	0	1	0
LOC118265848	pupal cuticle protein 36-like	1	0	0	0	1	0
LOC126911683	uncharacterized LOC126911683	1	0	0	0	1	0
LOC118281735	peroxisomal membrane protein PMP34	1	0	0	0	1	0
LOC118266888	uncharacterized LOC118266888	1	0	0	0	1	0
LOC118271779	zinc finger protein 271-like	1	0	0	0	1	0
LOC118278617	uncharacterized LOC118278617	1	0	0	0	1	0
LOC118264471	uncharacterized LOC118264471	1	0	0	0	1	0
LOC118277524	divergent protein kinase domain 2A	1	0	0	0	1	0
LOC118275829	uncharacterized LOC118275829	1	0	0	0	1	0
LOC118269163	uncharacterized LOC118269163	1	0	0	0	1	0
LOC118274000	proteasome subunit beta type-3	1	0	0	0	1	0
LOC118267466	kinesin light chain	1	0	0	0	1	0
LOC118266244	3-ketoacyl-CoA thiolase, mitochondrial	1	0	0	0	1	0
LOC118280965	uncharacterized LOC118280965	1	0	0	0	1	0
LOC118263339	tudor domain-containing protein 3	1	0	0	0	1	0
LOC118267678	selenoprotein K	1	0	0	0	1	0
LOC118276294	ecdysone oxidase	1	0	0	0	1	0
LOC118261881	kelch-like ECH-associated protein 1B	1	0	0	0	1	0
LOC118268958	transmembrane protein 222	1	0	0	0	1	0
LOC118268389	acetylcholine receptor subunit alpha-like	1	0	0	0	1	0
LOC126911887	uncharacterized LOC126911887	1	0	0	0	1	0
LOC118277937	semaphorin-1A-like	1	0	0	0	1	0
LOC118276460	toll-like receptor 7	1	0	0	0	1	0
LOC118272940	mitochondrial cardiolipin hydrolase	1	0	0	0	1	0
LOC118264663	uncharacterized LOC118264663	1	0	0	0	1	0
LOC118280041	gastrula zinc finger protein XlCGF57.1-like	1	0	0	0	1	0
LOC118272943	ubiquinone biosynthesis protein COQ9, mitochondrial	1	0	0	0	1	0
LOC118280884	transmembrane protein 26	1	0	0	0	1	0
LOC118261806	facilitated trehalose transporter Tret1-like	1	0	0	0	1	0
LOC118266447	uncharacterized LOC118266447	1	0	0	0	1	0
LOC118263714	uncharacterized LOC118263714	1	0	0	0	1	0
LOC118261748	cuticle protein 19-like	1	0	0	0	1	0
LOC118280652	carbonyl reductase [NADPH] 3-like	1	0	0	0	1	0
LOC118267670	rhythmically expressed gene 2 protein	1	0	0	0	1	0
LOC118281121	protein anon-37Cs	1	0	0	0	1	0
LOC118278109	uncharacterized LOC118278109	1	0	0	0	1	0
LOC118269022	26S proteasome non-ATPase regulatory subunit 2	1	0	0	0	1	0
LOC118274084	OTU domain-containing protein 7B	1	0	0	0	1	0
LOC118274171	clavesin-2	1	0	0	0	1	0
LOC118271205	torso-like protein	1	0	0	0	1	0
LOC118278486	kinesin-like protein KIF3A	1	0	0	0	1	0
LOC126911878	uncharacterized LOC126911878	1	0	0	0	1	0
LOC118265448	chorion class B protein PC10-like	1	0	0	0	1	0
LOC118281255	uncharacterized LOC118281255	1	0	0	0	1	0
LOC118272139	uncharacterized LOC118272139	1	0	0	0	1	0
LOC118280109	probable NADH dehydrogenase [ubiquinone] 1 alpha subcomplex subunit 12	1	0	0	0	1	0
LOC118279160	cytadherence high molecular weight protein 2	1	0	0	0	1	0
LOC118262553	retinal homeobox protein Rx	1	0	0	0	1	0
LOC118282248	protein FAM32A-like	1	0	0	0	1	0
LOC126912167	uncharacterized LOC126912167	1	0	0	0	1	0
LOC118271720	probable G-protein coupled receptor CG31760	1	0	0	0	1	0
LOC118278277	glycoprotein 3-alpha-L-fucosyltransferase A	1	0	0	0	1	0
LOC118275293	transient receptor potential channel pyrexia	1	0	0	0	1	0
LOC118278123	putative glutathione-specific gamma-glutamylcyclotransferase 2	1	0	0	0	1	0
LOC118269301	beta-3 adrenergic receptor	1	0	0	0	1	0
LOC118268388	proteoglycan 4-like	1	0	0	0	1	0
LOC118268259	uncharacterized LOC118268259	1	0	0	0	1	0
LOC118278680	nucleolar protein dao-5-like	1	0	0	0	1	0
LOC118269933	uncharacterized LOC118269933	1	0	0	0	1	0
LOC118275686	protein FAM8A1	1	0	0	0	1	0
LOC118265287	zinc finger and SCAN domain-containing protein 21	1	0	0	0	1	0
LOC118262637	ATP-dependent translocase ABCB1	1	0	0	0	1	0
LOC118275429	transmembrane protein 245	1	0	0	0	1	0
LOC118271192	uncharacterized LOC118271192	1	0	0	0	1	0
LOC126911314	uncharacterized LOC126911314	1	0	0	0	1	0
LOC118265573	DNA translocase FtsK	1	0	0	0	1	0
LOC118265365	pituitary homeobox homolog Ptx1	1	0	0	0	1	0
LOC118270240	E3 ubiquitin-protein ligase Topors	1	0	0	0	1	0
LOC118275616	testis-specific serine/threonine-protein kinase 2	1	0	0	0	1	0
LOC118265760	muscle M-line assembly protein unc-89	1	0	0	0	1	0
LOC118269113	cytochrome P450 315a1, mitochondrial	1	0	0	0	1	0
LOC126911093	uncharacterized LOC126911093	1	0	0	0	1	0
LOC126910864	uncharacterized LOC126910864	1	0	0	0	1	0
LOC118273030	maltase A1	1	0	0	0	1	0
LOC118278120	uncharacterized LOC118278120	1	0	0	0	1	0
LOC118273478	putative nuclease HARBI1	1	0	0	0	1	0
LOC118273166	U11/U12 small nuclear ribonucleoprotein 25 kDa protein-like	1	0	0	0	1	0
LOC118275684	hemicentin-1	1	0	0	0	1	0
LOC118271963	general transcriptional corepressor trfA	1	0	0	0	1	0
LOC118281740	nuclear pore complex protein Nup160 homolog	1	0	0	0	1	0
LOC118276812	uncharacterized LOC118276812	1	0	0	0	1	0
LOC126910728	uncharacterized LOC126910728	1	0	0	0	1	0
LOC126912673	ionotropic receptor 75a-like	1	0	0	0	1	0
LOC126912294	uncharacterized LOC126912294	1	0	0	0	1	0
LOC118273070	stathmin-4	1	0	0	0	1	0
LOC126912818	uncharacterized LOC126912818	1	0	0	0	1	0
LOC118264898	discoidin domain-containing receptor 2	1	0	0	0	1	0
LOC118274453	clathrin heavy chain	1	0	0	0	1	0
LOC118281731	WASH complex subunit 5	1	0	0	0	1	0
LOC118276677	EH domain-binding protein 1	1	0	0	0	1	0
LOC118281654	uncharacterized LOC118281654	1	0	0	0	1	0
LOC118280825	zinc finger protein 879-like	1	0	0	0	1	0
LOC118274483	myotubularin-related protein 4	1	0	0	0	1	0
LOC118279590	splicing factor 3B subunit 6	1	0	0	0	1	0
LOC118276234	juvenile hormone esterase	1	0	0	0	1	0
LOC118277343	retinol dehydrogenase 12-like	1	0	0	0	1	0
LOC118264053	uncharacterized LOC118264053	1	0	0	0	1	0
LOC126910683	membrane-bound alkaline phosphatase-like	1	0	0	0	1	0
LOC118275566	uncharacterized LOC118275566	1	0	0	0	1	0
LOC118273577	sodium/potassium-transporting ATPase subunit beta-1	1	0	0	0	1	0
LOC126912743	uncharacterized LOC126912743	1	0	0	0	1	0
LOC118269952	uncharacterized LOC118269952	1	0	0	0	1	0
LOC126912287	uncharacterized LOC126912287	1	0	0	0	1	0
LOC118281401	cuticle protein 8	1	0	0	0	1	0
LOC118261842	proliferating cell nuclear antigen	1	0	0	0	1	0
LOC118264558	prominin-like protein	1	0	0	0	1	0
LOC118268847	uncharacterized protein F21D5.5	1	0	0	0	1	0
LOC118280234	uncharacterized LOC118280234	1	0	0	0	1	0
LOC118262159	pre-mRNA-splicing factor ISY1 homolog	1	0	0	0	1	0
LOC126912806	uncharacterized LOC126912806	1	0	0	0	1	0
LOC118276794	uncharacterized LOC118276794	1	0	0	0	1	0
LOC118263846	protein FAM50 homolog	1	0	0	0	1	0
LOC126911328	uncharacterized LOC126911328	1	0	0	0	1	0
LOC118276912	uncharacterized LOC118276912	1	0	0	0	1	0
LOC118273546	alpha-tocopherol transfer protein-like	1	0	0	0	1	0
LOC118281138	uncharacterized LOC118281138	1	0	0	0	1	0
LOC118278737	insulin-degrading enzyme	1	0	0	0	1	0
LOC118264976	coiled-coil domain-containing protein 85C-B	1	0	0	0	1	0
LOC118270344	nicotinamide/nicotinic acid mononucleotide adenylyltransferase 1	1	0	0	0	1	0
LOC118277883	leukocyte elastase inhibitor-like	1	0	0	0	1	0
LOC118271317	40S ribosomal protein S16-like	1	0	0	0	1	0
LOC118275809	dopamine receptor 4	1	0	0	0	1	0
LOC126912022	uncharacterized LOC126912022	1	0	0	0	1	0
LOC118265944	D-aspartate oxidase	1	0	0	0	1	0
LOC118277771	uncharacterized LOC118277771	1	0	0	0	1	0
LOC118282069	double-stranded RNA-specific editase Adar	1	0	0	0	1	0
LOC118269223	uncharacterized LOC118269223	1	0	0	0	1	0
LOC118281191	zinc finger protein 64-like	1	0	0	0	1	0
LOC118281784	uncharacterized LOC118281784	1	0	0	0	1	0
LOC118280848	zinc finger protein 160	1	0	0	0	1	0
LOC118263892	protein krueppel-like	1	0	0	0	1	0
LOC118274601	fatty acid synthase-like	1	0	0	0	1	0
LOC118274167	DENN domain-containing protein Crag	1	0	0	0	1	0
LOC118264038	klaroid protein	1	0	0	0	1	0
LOC118279577	extracellular matrix-binding protein ebh-like	1	0	0	0	1	0
LOC118275731	bromodomain adjacent to zinc finger domain protein 1A-like	1	0	0	0	1	0
LOC118279407	retinal homeobox protein Rx3	1	0	0	0	1	0
LOC118264731	uncharacterized LOC118264731	1	0	0	0	1	0
LOC118271944	uncharacterized LOC118271944	1	0	0	0	1	0
LOC118282361	facilitated trehalose transporter Tret1	1	0	0	0	1	0
LOC118282123	T-cell activation inhibitor, mitochondrial	1	0	0	0	1	0
LOC118263737	uncharacterized LOC118263737	1	0	0	0	1	0
LOC126912514	putative inorganic phosphate cotransporter	1	0	0	0	1	0
LOC118267669	upstream stimulatory factor 2	1	0	0	0	1	0
LOC118275040	hsp70-binding protein 1	1	0	0	0	1	0
LOC118262034	histidine-rich glycoprotein-like	1	0	0	0	1	0
LOC118266765	uncharacterized LOC118266765	1	0	0	0	1	0
LOC118275408	RNA-binding protein 4.1	1	0	0	0	1	0
LOC118267733	uncharacterized LOC118267733	1	0	0	0	1	0
LOC118270037	uncharacterized LOC118270037	1	0	0	0	1	0
LOC118269542	protein wings apart-like	1	0	0	0	1	0
LOC118279685	cullin-1	1	0	0	0	1	0
LOC118277860	jupiter microtubule associated homolog 1	1	0	0	0	1	0
LOC126911697	uncharacterized LOC126911697	1	0	0	0	1	0
LOC118265699	allergen Tha p 1	1	0	0	0	1	0
LOC118279307	homocysteine-responsive endoplasmic reticulum-resident ubiquitin-like domain member 2 protein	1	0	0	0	0	1
LOC118263375	uncharacterized LOC118263375	1	0	0	0	0	1
LOC118270904	hamartin	1	0	0	0	0	1
LOC118269583	uncharacterized oxidoreductase YtbE	1	0	0	0	0	1
LOC118265748	synaptic vesicle membrane protein VAT-1 homolog-like	1	0	0	0	0	1
LOC118270239	facilitated trehalose transporter Tret1	1	0	0	0	0	1
LOC118271248	WD repeat-containing protein 18	1	0	0	0	0	1
LOC118277935	retinol dehydrogenase 11	1	0	0	0	0	1
LOC126910935	uncharacterized LOC126910935	1	0	0	0	0	1
LOC118275303	uncharacterized LOC118275303	1	0	0	0	0	1
LOC118264034	dendritic arbor reduction protein 1	1	0	0	0	0	1
LOC118272051	zinc finger HIT domain-containing protein 1	1	0	0	0	0	1
LOC118274654	glucose dehydrogenase [FAD, quinone]-like	1	0	0	0	0	1
LOC118271117	DNA-directed RNA polymerase III subunit RPC3	1	0	0	0	0	1
LOC118266552	uncharacterized LOC118266552	1	0	0	0	0	1
LOC118270023	uncharacterized LOC118270023	1	0	0	0	0	1
LOC118270072	adenomatous polyposis coli protein-like	1	0	0	0	0	1
LOC126910928	uncharacterized LOC126910928	1	0	0	0	0	1
LOC118271757	S-adenosylmethionine decarboxylase proenzyme	1	0	0	0	0	1
LOC118262065	glycine-rich protein 3-like	1	0	0	0	0	1
LOC118266694	NADH dehydrogenase [ubiquinone] 1 beta subcomplex subunit 11, mitochondrial	1	0	0	0	0	1
LOC118262518	metal-response element-binding transcription factor 2	1	0	0	0	0	1
LOC118264526	nibrin	1	0	0	0	0	1
LOC118266858	sterol O-acyltransferase 2	1	0	0	0	0	1
LOC118266717	transmembrane protein 17-like	1	0	0	0	0	1
LOC118281964	uncharacterized LOC118281964	1	0	0	0	0	1
LOC118270721	piggyBac transposable element-derived protein 4-like	1	0	0	0	0	1
LOC118279977	ornithine decarboxylase antizyme 2	1	0	0	0	0	1
LOC118264358	beta-1,3-galactosyltransferase brn-like	1	0	0	0	0	1
LOC118281746	uncharacterized LOC118281746	1	0	0	0	0	1
LOC118262410	uncharacterized LOC118262410	1	0	0	0	0	1
LOC118277177	uncharacterized LOC118277177	1	0	0	0	0	1
LOC118276419	ecdysone oxidase-like	1	0	0	0	0	1
LOC126911044	uncharacterized LOC126911044	1	0	0	0	0	1
LOC118272368	uncharacterized LOC118272368	1	0	0	0	0	1
LOC118262843	protein takeout-like	1	0	0	0	0	1
LOC118281824	cytochrome P450 4C1	1	0	0	0	0	1
LOC118269719	tetraspanin-5	1	0	0	0	0	1
LOC118275365	uncharacterized LOC118275365	1	0	0	0	0	1
LOC118262409	extended synaptotagmin-1	1	0	0	0	0	1
LOC118269200	ras-related protein Ral-a	1	0	0	0	0	1
LOC118263101	homeobox protein araucan	1	0	0	0	0	1
LOC126913096	uncharacterized LOC126913096	1	0	0	0	0	1
LOC118263569	pericentriolar material 1 protein	1	0	0	0	0	1
LOC118262006	mucin-17	1	0	0	0	0	1
LOC118281893	chloride channel protein 2	1	0	0	0	0	1
LOC118270960	adiponectin receptor protein	1	0	0	0	0	1
LOC118263567	ubiquitin-conjugating enzyme E2 G2	1	0	0	0	0	1
LOC118278265	uncharacterized LOC118278265	1	0	0	0	0	1
LOC118278301	uncharacterized LOC118278301	1	0	0	0	0	1
LOC118282346	larval cuticle protein LCP-22-like	1	0	0	0	0	1
LOC126910980	uncharacterized LOC126910980	1	0	0	0	0	1
LOC118268908	keratin, type I cytoskeletal 10	1	0	0	0	0	1
LOC118274702	uncharacterized LOC118274702	1	0	0	0	0	1
LOC118268843	OCIA domain-containing protein 1	1	0	0	0	0	1
LOC126911256	methylcrotonoyl-CoA carboxylase subunit alpha, mitochondrial	1	0	0	0	0	1
LOC118273871	uncharacterized LOC118273871	1	0	0	0	0	1
LOC118268829	SUZ domain-containing protein 1	1	0	0	0	0	1
LOC118271826	sentrin-specific protease 8	1	0	0	0	0	1
LOC118272076	serine protease inhibitor dipetalogastin-like	1	0	0	0	0	1
LOC118271191	uncharacterized LOC118271191	1	0	0	0	0	1
LOC118268415	tubulin-specific chaperone D	1	0	0	0	0	1
LOC126911419	UDP-glycosyltransferase UGT5-like	1	0	0	0	0	1
LOC118267409	tudor domain-containing protein 6	1	0	0	0	0	1
LOC118263557	tetratricopeptide repeat protein 17	1	0	0	0	0	1
LOC118271662	UPF0047 protein YjbQ	1	0	0	0	0	1
LOC118275614	splicing factor 3B subunit 2	1	0	0	0	0	1
LOC118271474	carboxypeptidase B-like	1	0	0	0	0	1
LOC126911222	TWiK family of potassium channels protein 18-like	1	0	0	0	0	1
LOC118262359	CD82 antigen	1	0	0	0	0	1
LOC118277412	uncharacterized LOC118277412	1	0	0	0	0	1
LOC118267268	sugar transporter SWEET1	1	0	0	0	0	1
LOC118271864	uncharacterized LOC118271864	1	0	0	0	0	1
LOC118280671	facilitated trehalose transporter Tret1	1	0	0	0	0	1
LOC118265459	syntaxin	1	0	0	0	0	1
LOC118262832	cap-specific mRNA (nucleoside-2'-O-)-methyltransferase 2	1	0	0	0	0	1
LOC118276141	WD repeat-containing protein 36	1	0	0	0	0	1
LOC118262003	zonadhesin	1	0	0	0	0	1
LOC118262527	protein ROP	1	0	0	0	0	1
LOC118282115	protein decapentaplegic	1	0	0	0	0	1
LOC118264043	exocyst complex component 6	1	0	0	0	0	1
LOC118273483	glycerophosphocholine phosphodiesterase GPCPD1	1	0	0	0	0	1
LOC118264528	ribosomal L1 domain-containing protein 1-like	1	0	0	0	0	1
LOC118269828	protamine-2	1	0	0	0	0	1
LOC118267745	ammonium transporter Rh type B	1	0	0	0	0	1
LOC118274524	protein NipSnap	1	0	0	0	0	1
LOC118263134	dnaJ homolog subfamily C member 5	1	0	0	0	0	1
LOC118268209	ubiquinol-cytochrome-c reductase complex assembly factor 1	1	0	0	0	0	1
LOC118263853	laminin subunit alpha	1	0	0	0	0	1
LOC118273915	cytochrome P450 6B7	1	0	0	0	0	1
LOC118266789	dnaJ homolog subfamily C member 16	1	0	0	0	0	1
LOC118277386	dysbindin protein homolog	1	0	0	0	0	1
LOC118266807	fork head domain-containing protein crocodile	1	0	0	0	0	1
LOC118279646	steroidogenic acute regulatory protein-like	1	0	0	0	0	1
LOC126912457	uncharacterized LOC126912457	1	0	0	0	0	1
LOC118279127	gamma-interferon-inducible lysosomal thiol reductase-like	1	0	0	0	0	1
LOC118280428	uncharacterized LOC118280428	1	0	0	0	0	1
LOC118268384	uncharacterized LOC118268384	1	0	0	0	0	1
LOC118277106	probable ATP-dependent RNA helicase DDX27	1	0	0	0	0	1
LOC118271178	uncharacterized LOC118271178	1	0	0	0	0	1
LOC118278149	alpha-1,3/1,6-mannosyltransferase ALG2	1	0	0	0	0	1
LOC118268597	angiotensin-converting enzyme	1	0	0	0	0	1
LOC118280624	cardioacceleratory peptide receptor	1	0	0	0	0	1
LOC118269226	zinc finger HIT domain-containing protein 3	1	0	0	0	0	1
LOC118268383	dynein axonemal intermediate chain 3-like	1	0	0	0	0	1
LOC118262819	stress-activated map kinase-interacting protein 1	1	0	0	0	0	1
LOC118279413	UDP-glycosyltransferase UGT5	1	0	0	0	0	1
LOC118278231	UDP-glucosyltransferase 2	1	0	0	0	0	1
LOC118264677	myosin heavy chain, non-muscle	1	0	0	0	0	1
LOC126912392	uncharacterized LOC126912392	1	0	0	0	0	1
LOC118272161	RNA-binding protein Raly-like	1	0	0	0	0	1
LOC126911329	uncharacterized LOC126911329	1	0	0	0	0	1
LOC118277888	ralA-binding protein 1	1	0	0	0	0	1
LOC118267208	protein Teyrha-meyrha	1	0	0	0	0	1
LOC118270781	protein fem-1 homolog A	1	0	0	0	0	1
LOC118262587	LITAF domain-containing protein	1	0	0	0	0	1
LOC126912430	uncharacterized LOC126912430	1	0	0	0	0	1
LOC118277055	uncharacterized LOC118277055	1	0	0	0	0	1
LOC118277973	cysteine-rich hydrophobic domain-containing protein 2	1	0	0	0	0	1
LOC118274061	V-type proton ATPase subunit D-like	1	0	0	0	0	1
LOC118280980	larval cuticle protein LCP-17-like	1	0	0	0	0	1
LOC118273486	transmembrane protein 268	1	0	0	0	0	1
LOC118268974	uncharacterized LOC118268974	1	0	0	0	0	1
LOC118279036	transmembrane protease serine 9	1	0	0	0	0	1
LOC118263352	kinesin-related protein 4	1	0	0	0	0	1
LOC118271017	uncharacterized LOC118271017	1	0	0	0	0	1
LOC118268500	corticotropin-releasing factor-binding protein	1	0	0	0	0	1
LOC118277025	uncharacterized LOC118277025	1	0	0	0	0	1
LOC118277941	UTP--glucose-1-phosphate uridylyltransferase	1	0	0	0	0	1
LOC118264944	uncharacterized LOC118264944	1	0	0	0	0	1
LOC118267336	nucleosome-remodeling factor subunit NURF301	1	0	0	0	0	1
LOC118266899	CKLF-like MARVEL transmembrane domain-containing protein 4	1	0	0	0	0	1
LOC118268611	peptidoglycan recognition protein-like	1	0	0	0	0	1
LOC118271575	solute carrier family 41 member 1	1	0	0	0	0	1
LOC118269634	protein Peter pan	1	0	0	0	0	1
LOC118280945	protein suppressor of hairy wing	1	0	0	0	0	1
LOC118262408	gamma-tubulin complex component 3 homolog	1	0	0	0	0	1
LOC118277434	myrosinase 1-like	1	0	0	0	0	1
LOC118270720	uncharacterized LOC118270720	1	0	0	0	0	1
LOC118271146	uncharacterized LOC118271146	1	0	0	0	0	1
LOC118270662	uncharacterized LOC118270662	1	0	0	0	0	1
LOC118279648	cytosolic carboxypeptidase 1	1	0	0	0	0	1
LOC126910854	uncharacterized LOC126910854	1	0	0	0	0	1
LOC118268371	uncharacterized LOC118268371	1	0	0	0	0	1
LOC118273039	SUN domain-containing ossification factor	1	0	0	0	0	1
LOC118274060	protein adenylyltransferase Fic	1	0	0	0	0	1
LOC118273461	26S proteasome non-ATPase regulatory subunit 7	1	0	0	0	0	1
LOC126911704	larval cuticle protein A2B-like	1	0	0	0	0	1
LOC118263624	membrane-associated progesterone receptor component 1	1	0	0	0	0	1
LOC118279081	uncharacterized LOC118279081	1	0	0	0	0	1
LOC118267099	trafficking kinesin-binding protein milt	1	0	0	0	0	1
LOC118266935	RNA-splicing ligase RtcB homolog	1	0	0	0	0	1
LOC118262039	glycerol kinase	1	0	0	0	0	1
LOC118270458	cytochrome P450 4c21-like	1	0	0	0	0	1
LOC118267722	uncharacterized LOC118267722	1	0	0	0	0	1
LOC118263005	cytochrome P450 6B6-like	1	0	0	0	0	1
LOC118267232	ecdysone-inducible protein E75	1	0	0	0	0	1
LOC118271791	protein NDNF-like	1	0	0	0	0	1
LOC118282223	vesicular glutamate transporter 1	1	0	0	0	0	1
LOC118275520	odorant receptor 46a-like	1	0	0	0	0	1
LOC118274879	hatching enzyme 1.2	1	0	0	0	0	1
LOC118264009	beta-1,3-galactosyltransferase brn-like	1	0	0	0	0	1
LOC118274896	uncharacterized LOC118274896	1	0	0	0	0	1
LOC118278275	very long-chain specific acyl-CoA dehydrogenase, mitochondrial	1	0	0	0	0	1
LOC118276986	uncharacterized LOC118276986	1	0	0	0	0	1
LOC118277043	uncharacterized LOC118277043	1	0	0	0	0	1
LOC118282189	protein FAM13A	1	0	0	0	0	1
LOC118279217	uncharacterized LOC118279217	1	0	0	0	0	1
LOC118262829	dynein light chain Tctex-type protein 2B-like	1	0	0	0	0	1
LOC118264777	probable 3',5'-cyclic phosphodiesterase pde-5	1	0	0	0	0	1
LOC118262318	neuronal calcium sensor 2	1	0	0	0	0	1
LOC118277081	PHAF1 protein CG7083	1	0	0	0	0	1
LOC118280476	lysosomal alpha-mannosidase-like	1	0	0	0	0	1
LOC118274911	probable G-protein coupled receptor No9	1	0	0	0	0	1
LOC118271766	espin	1	0	0	0	0	1
LOC126912210	uncharacterized LOC126912210	1	0	0	0	0	1
LOC118268889	lissencephaly-1 homolog	1	0	0	0	0	1
LOC118276735	BUD13 homolog	1	0	0	0	0	1
LOC118268122	angiomotin-like protein 2	1	0	0	0	0	1
LOC118269685	uncharacterized LOC118269685	1	0	0	0	0	1
LOC118262411	ras-like GTP-binding protein RhoL	1	0	0	0	0	1
LOC126911254	uncharacterized LOC126911254	1	0	0	0	0	1
LOC118267324	hyccin-like	1	0	0	0	0	1
LOC118262286	uncharacterized LOC118262286	1	0	0	0	0	1
LOC118269888	uncharacterized LOC118269888	1	0	0	0	0	1
LOC118271922	transcription factor hamlet	1	0	0	0	0	1
LOC118269742	facilitated trehalose transporter Tret1-2 homolog	1	0	0	0	0	1
LOC118271100	hemicentin-1	1	0	0	0	0	1
LOC118263147	protein crumbs	1	0	0	0	0	1
LOC118265653	pentatricopeptide repeat-containing protein 2, mitochondrial-like	1	0	0	0	0	1
LOC118263020	serine/arginine repetitive matrix protein 2	1	0	0	0	0	1
LOC118266758	protein RER1	1	0	0	0	0	1
LOC126912369	uncharacterized LOC126912369	1	0	0	0	0	1
LOC118271890	uncharacterized LOC118271890	1	0	0	0	0	1
LOC118264681	JNK-interacting protein 3	1	0	0	0	0	1
LOC118273974	glutamine synthetase 2 cytoplasmic	1	0	0	0	0	1
LOC126912888	collagen alpha-2(VIII) chain-like	1	0	0	0	0	1
LOC118266306	hydroxymethylglutaryl-CoA synthase 1	1	0	0	0	0	1
LOC118281962	GPI mannosyltransferase 3	1	0	0	0	0	1
LOC118267006	corepressor interacting with RBPJ 1-like	1	0	0	0	0	1
LOC118274789	phenoloxidase subunit 1	1	0	0	0	0	1
LOC118272480	L-lactate dehydrogenase	1	0	0	0	0	1
LOC118263142	beta-catenin-like protein 1	1	0	0	0	0	1
LOC118277836	spidroin-2-like	1	0	0	0	0	1
LOC118271691	sialin	1	0	0	0	0	1
LOC118274594	protein strawberry notch	1	0	0	0	0	1
LOC118282270	deoxyribose-phosphate aldolase	1	0	0	0	0	1
LOC118266851	A-kinase anchor protein 1, mitochondrial	1	0	0	0	0	1
LOC118267565	serine/threonine-protein kinase pakB	1	0	0	0	0	1
LOC118269965	FAST kinase domain-containing protein 4	1	0	0	0	0	1
LOC118271664	insulin receptor substrate 1	1	0	0	0	0	1
LOC118262474	leucine-rich repeat protein SHOC-2	1	0	0	0	0	1
LOC118272332	guanine nucleotide exchange factor DBS	1	0	0	0	0	1
LOC118277358	N66 matrix protein-like	1	0	0	0	0	1
LOC118263771	lipoyl synthase, mitochondrial	1	0	0	0	0	1
LOC118277063	FK506-binding protein 2	1	0	0	0	0	1
LOC118264116	uncharacterized LOC118264116	1	0	0	0	0	1
LOC126910625	uncharacterized LOC126910625	1	0	0	0	0	1
LOC118265406	PDF receptor	1	0	0	0	0	1
LOC118276950	uncharacterized LOC118276950	1	0	0	0	0	1
LOC118266859	syntenin-1	1	0	0	0	0	1
LOC118277947	uncharacterized LOC118277947	1	0	0	0	0	1
LOC118263900	troponin I	1	0	0	0	0	1
LOC118264302	homeobox protein unc-4	1	0	0	0	0	1
LOC118273459	uncharacterized LOC118273459	1	0	0	0	0	1
LOC118280072	uncharacterized LOC118280072	1	0	0	0	0	1
LOC118264420	uncharacterized LOC118264420	1	0	0	0	0	1
LOC118274467	GAS2-like protein pickled eggs	1	0	0	0	0	1
LOC118277041	cofilin/actin-depolymerizing factor homolog	1	0	0	0	0	1
LOC118277432	V-type proton ATPase subunit G	1	0	0	0	0	1
LOC118265572	transmembrane protein 147	1	0	0	0	0	1
LOC118269812	neuropeptide CCHamide-1	1	0	0	0	0	1
LOC118277730	protein CBFA2T3	1	0	0	0	0	1
LOC118269845	uncharacterized LOC118269845	1	0	0	0	0	1
LOC118270014	uncharacterized LOC118270014	1	0	0	0	0	1
LOC118263796	synaptogenesis protein syg-2	1	0	0	0	0	1
LOC118263665	pre-mRNA-splicing factor ATP-dependent RNA helicase PRP16	1	0	0	0	0	1
LOC118270044	synaptic vesicle glycoprotein 2C-like	1	0	0	0	0	1
LOC118269295	ankyrin repeat and zinc finger domain-containing protein 1	1	0	0	0	0	1
LOC118275291	protein pellino	1	0	0	0	0	1
LOC118277210	NADH dehydrogenase [ubiquinone] 1 beta subcomplex subunit 9	1	0	0	0	0	1
LOC118268211	60S ribosomal export protein NMD3	1	0	0	0	0	1
LOC118268812	DNA ligase 1	1	0	0	0	0	1
LOC118276516	UDP-N-acetylglucosamine--peptide N-acetylglucosaminyltransferase 110 kDa subunit	1	0	0	0	0	1
LOC118265470	protein numb	1	0	0	0	0	1
LOC118262269	uncharacterized LOC118262269	1	0	0	0	0	1
LOC118267153	phosphatase and actin regulator 4B	1	0	0	0	0	1
LOC118276689	uncharacterized LOC118276689	1	0	0	0	0	1
LOC118277164	uncharacterized LOC118277164	1	0	0	0	0	1
LOC118263982	uncharacterized LOC118263982	1	0	0	0	0	1
LOC118262084	carboxypeptidase N subunit 2	1	0	0	0	0	1
LOC118266928	ATP-dependent RNA helicase DHX8	1	0	0	0	0	1
LOC118265548	60S ribosomal protein L44	1	0	0	0	0	1
LOC118262840	homeobox protein MSH-C	1	0	0	0	0	1
LOC118263552	chondroitin sulfate proteoglycan 4	1	0	0	0	0	1
LOC118270908	cleavage and polyadenylation specificity factor subunit 6	1	0	0	0	0	1
LOC118266806	E3 ubiquitin-protein ligase HECW2	1	0	0	0	0	1
LOC126912895	myosin heavy chain, striated muscle-like	1	0	0	0	0	1
LOC118273105	chitin synthase chs-2-like	1	0	0	0	0	1
LOC118281930	facilitated trehalose transporter Tret1	1	0	0	0	0	1
LOC118274400	gamma-glutamylcyclotransferase-like	1	0	0	0	0	1
LOC118266693	uncharacterized LOC118266693	1	0	0	0	0	1
LOC118279046	facilitated trehalose transporter Tret1-2 homolog	1	0	0	0	0	1
LOC118266750	protein phosphatase 1 regulatory subunit 12B	1	0	0	0	0	1
LOC118269720	putative transporter svop-1	1	0	0	0	0	1
LOC118263504	gallerimycin-like	1	0	0	0	0	1
LOC118262270	ATP-binding cassette subfamily C member 4	1	0	0	0	0	1
LOC118269899	xylulose kinase	1	0	0	0	0	1
LOC118280082	CLIP-associating protein	1	0	0	0	0	1
LOC118266813	RNA binding protein fox-1 homolog 3	1	0	0	0	0	1
LOC118262688	MRN complex-interacting protein	1	0	0	0	0	1
LOC118262008	signal recognition particle subunit SRP72	1	0	0	0	0	1
LOC118263540	kinesin-like protein K39	1	0	0	0	0	1
LOC118269754	uncharacterized LOC118269754	1	0	0	0	0	1
LOC118265478	uncharacterized LOC118265478	1	0	0	0	0	1
LOC118266115	putative glycerol kinase 5	1	0	0	0	0	1
LOC118278202	aminomethyltransferase, mitochondrial	1	0	0	0	0	1
LOC118281968	uncharacterized LOC118281968	1	0	0	0	0	1
LOC118282002	chitinase A	1	0	0	0	0	1
LOC118262358	uncharacterized LOC118262358	1	0	0	0	0	1
LOC118278266	uncharacterized LOC118278266	1	0	0	0	0	1
LOC118266804	uncharacterized LOC118266804	1	0	0	0	0	1
LOC118275496	sodium/calcium exchanger 1	1	0	0	0	0	1
LOC118272266	uncharacterized LOC118272266	1	0	0	0	0	1
LOC118262443	probable nucleoporin Nup54	1	0	0	0	0	1
LOC118262362	uncharacterized LOC118262362	1	0	0	0	0	1
LOC126911634	uncharacterized LOC126911634	1	0	0	0	0	1
LOC118266974	Bardet-Biedl syndrome 1 protein	1	0	0	0	0	1
LOC118274232	rab11 family-interacting protein 2	1	0	0	0	0	1
LOC118264591	uncharacterized LOC118264591	1	0	0	0	0	1
LOC118282011	uncharacterized LOC118282011	1	0	0	0	0	1
LOC118271075	uncharacterized LOC118271075	1	0	0	0	0	1
LOC118262406	F-box-like/WD repeat-containing protein TBL1XR1	1	0	0	0	0	1
LOC118269503	dynein axonemal heavy chain 6	1	0	0	0	0	1
LOC118262656	TLD domain-containing protein 2	1	0	0	0	0	1
LOC118275268	uncharacterized LOC118275268	1	0	0	0	0	1
LOC118280491	putative fatty acyl-CoA reductase CG5065	1	0	0	0	0	1
LOC118274930	venom serine carboxypeptidase-like	1	0	0	0	0	1
LOC118263068	cholinesterase 1	1	0	0	0	0	1
LOC118271852	uncharacterized LOC118271852	1	0	0	0	0	1
LOC118271172	DNA topoisomerase 3-beta-1	1	0	0	0	0	1
LOC118275574	RRP15-like protein	1	0	0	0	0	1
LOC118278921	uncharacterized LOC118278921	1	0	0	0	0	1
LOC118273969	ubiquitin-conjugating enzyme E2 J2	1	0	0	0	0	1
LOC118272229	NPC intracellular cholesterol transporter 1	1	0	0	0	0	1
LOC118267086	DNA primase small subunit	1	0	0	0	0	1
LOC118263491	uncharacterized LOC118263491	1	0	0	0	0	1
LOC118276357	gamma-glutamylcyclotransferase-like	1	0	0	0	0	1
LOC118273592	sodium-coupled monocarboxylate transporter 2	1	0	0	0	0	1
LOC118271219	NEDD4 family-interacting protein 1-like	1	0	0	0	0	1
LOC118279970	5S ribosomal RNA	1	0	0	0	0	1
LOC118271360	histone acetyltransferase KAT6B	1	0	0	0	0	1
LOC118278876	centrosomal protein of 131 kDa-like	1	0	0	0	0	1
LOC118269982	sarcoplasmic reticulum histidine-rich calcium-binding protein	1	0	0	0	0	1
LOC118268501	uncharacterized LOC118268501	1	0	0	0	0	1
LOC118282125	chitin deacetylase 1	1	0	0	0	0	1
LOC118275457	protein distal antenna	1	0	0	0	0	1
LOC118262933	uncharacterized LOC118262933	1	0	0	0	0	1
LOC118267010	tyrosine decarboxylase	1	0	0	0	0	1
LOC118280978	catenin alpha	1	0	0	0	0	1
LOC118271846	thioredoxin domain-containing protein 15	1	0	0	0	0	1
Trnay-gua	transfer RNA tyrosine (anticodon GUA)	1	0	0	0	0	1
LOC118273159	cytoplasmic dynein 1 light intermediate chain 2	1	0	0	0	0	1
LOC118264378	uncharacterized LOC118264378	1	0	0	0	0	1
LOC126911155	uncharacterized LOC126911155	1	0	0	0	0	1
LOC118271126	uncharacterized LOC118271126	1	0	0	0	0	1
LOC118271948	uncharacterized transporter slc-17.2	1	0	0	0	0	1
LOC118271397	fibroin light chain-like	1	0	0	0	0	1
LOC118269760	uncharacterized LOC118269760	1	0	0	0	0	1
LOC118264100	solute carrier family 35 member B1 homolog	1	0	0	0	0	1
LOC118269626	double-strand-break repair protein rad21 homolog	1	0	0	0	0	1
LOC118271749	phosphatidylinositol 3,4,5-trisphosphate 3-phosphatase and dual-specificity protein phosphatase PTEN	1	0	0	0	0	1
LOC118262412	nuclear cap-binding protein subunit 2	1	0	0	0	0	1
LOC118271781	probable ribonuclease ZC3H12B	1	0	0	0	0	1
LOC118265589	transcription factor Adf-1	1	0	0	0	0	1
LOC118271349	nuclear pore complex protein Nup58	1	0	0	0	0	1
LOC118265224	uncharacterized LOC118265224	1	0	0	0	0	1
LOC118265592	putative fatty acyl-CoA reductase CG5065	1	0	0	0	0	1
LOC118268290	uncharacterized LOC118268290	1	0	0	0	0	1
LOC118270057	homeobox protein HOX3-like	1	0	0	0	0	1
LOC118265290	carboxypeptidase N subunit 2	1	0	0	0	0	1
LOC118267920	mitochondrial genome maintenance exonuclease 1-like	1	0	0	0	0	1
LOC118262638	PAX3- and PAX7-binding protein 1	1	0	0	0	0	1
LOC118267418	uncharacterized LOC118267418	1	0	0	0	0	1
LOC118278102	uncharacterized LOC118278102	1	0	0	0	0	1
LOC118272931	splicing factor 3A subunit 3	1	0	0	0	0	1
LOC118262804	proton-coupled folate transporter	1	0	0	0	0	1
LOC118266364	juvenile hormone esterase	1	0	0	0	0	1
LOC118263099	nuclear hormone receptor FTZ-F1 beta	1	0	0	0	0	1
LOC118275677	juvenile hormone esterase	1	0	0	0	0	1
LOC118271574	polypeptide N-acetylgalactosaminyltransferase 5	1	0	0	0	0	1
LOC118278046	larval cuticle protein A3A	1	0	0	0	0	1
LOC118270077	uncharacterized LOC118270077	1	0	0	0	0	1
LOC126911512	uncharacterized LOC126911512	1	0	0	0	0	1
LOC118271081	uncharacterized LOC118271081	1	0	0	0	0	1
LOC118269803	neuropeptide CCHamide-2	1	0	0	0	0	1
LOC126911346	uncharacterized LOC126911346	1	0	0	0	0	1
LOC118262686	uncharacterized LOC118262686	1	0	0	0	0	1
LOC118275801	cell growth regulator with RING finger domain protein 1	1	0	0	0	0	1
LOC118268803	G-protein-signaling modulator 2	1	0	0	0	0	1
LOC126911055	uncharacterized LOC126911055	1	0	0	0	0	1
LOC118271863	uncharacterized LOC118271863	1	0	0	0	0	1
LOC118271802	tudor and KH domain-containing protein homolog	1	0	0	0	0	1
LOC118263698	uncharacterized LOC118263698	1	0	0	0	0	1
LOC118278646	Kv channel-interacting protein 1	1	0	0	0	0	1
LOC118262600	esterase FE4-like	1	0	0	0	0	1
LOC118274918	serine/threonine-protein phosphatase alpha-2 isoform	1	0	0	0	0	1
LOC118263277	uncharacterized LOC118263277	1	0	0	0	0	1
LOC118279222	charged multivesicular body protein 4b	1	0	0	0	0	1
LOC118270386	facilitated trehalose transporter Tret1	1	0	0	0	0	1
LOC126912887	uncharacterized LOC126912887	1	0	0	0	0	1
LOC118277934	CDC42 small effector protein homolog	1	0	0	0	0	1
LOC118276406	PRADC1-like protein	1	0	0	0	0	1
LOC118269123	uncharacterized LOC118269123	1	0	0	0	0	1
LOC126912368	uncharacterized LOC126912368	1	0	0	0	0	1
LOC126911361	calcium-independent phospholipase A2-gamma-like	1	0	0	0	0	1
LOC118279166	probable salivary secreted peptide	1	0	0	0	0	1
LOC118271604	zinc finger-containing ubiquitin peptidase 1	1	0	0	0	0	1
LOC118265291	pre-mRNA-splicing factor SPF27	1	0	0	0	0	1
LOC118267164	INO80 complex subunit B	1	0	0	0	0	1
LOC118269589	homeobox protein abdominal-B	1	0	0	0	0	1
LOC118262777	RE1-silencing transcription factor-like	1	0	0	0	0	1
LOC118273746	SHC-transforming protein 1	1	0	0	0	0	1
LOC118274057	serine protease snake	1	0	0	0	0	1
LOC118280307	putative transmembrane protein 183BP	1	0	0	0	0	1
LOC118274072	alpha-tocopherol transfer protein	1	0	0	0	0	1
LOC118275463	uncharacterized LOC118275463	1	0	0	0	0	1
LOC118281259	Kv channel-interacting protein 4-like	1	0	0	0	0	1
LOC118275906	transmembrane emp24 domain-containing protein 5	1	0	0	0	0	1
LOC126912872	uncharacterized LOC126912872	1	0	0	0	0	1
LOC118269657	protocadherin Fat 3	1	0	0	0	0	1
LOC118267076	guanine nucleotide-binding protein subunit beta-2	1	0	0	0	0	1
LOC118275489	RAB6A-GEF complex partner protein 2	1	0	0	0	0	1
LOC118263634	gamma-aminobutyric acid receptor subunit beta	1	0	0	0	0	1
LOC118277110	phosphatidylinositol-3-phosphatase SAC1	1	0	0	0	0	1
LOC118262874	diuretic hormone 45	1	0	0	0	0	1
LOC118262673	uncharacterized LOC118262673	1	0	0	0	0	1
LOC126912431	uncharacterized LOC126912431	1	0	0	0	0	1
LOC118272272	gamma-interferon-inducible lysosomal thiol reductase	1	0	0	0	0	1
LOC118267095	uncharacterized LOC118267095	1	0	0	0	0	1
LOC126912803	uncharacterized LOC126912803	1	0	0	0	0	1
LOC118280687	uncharacterized LOC118280687	1	0	0	0	0	1
LOC118276334	BLOC-3 complex member HPS1	1	0	0	0	0	1
LOC118266682	cyclin-dependent kinase 11B	1	0	0	0	0	1
LOC118278286	phospholipase ABHD3	1	0	0	0	0	1
LOC118262559	sodium-dependent dopamine transporter	1	0	0	0	0	1
LOC118264307	sulfotransferase 1 family member D1-like	1	0	0	0	0	1
LOC118269756	putative transporter svop-1	1	0	0	0	0	1
LOC118273712	mucin-5AC	1	0	0	0	0	1
LOC118268568	uncharacterized LOC118268568	1	0	0	0	0	1
LOC118269412	transmembrane protein 120 homolog	1	0	0	0	0	1
LOC118269431	autophagy-related protein 101	1	0	0	0	0	1
LOC118267734	uncharacterized LOC118267734	1	0	0	0	0	1
LOC118271029	ubinuclein-1	1	0	0	0	0	1
LOC118277075	far upstream element-binding protein 1	1	0	0	0	0	1
LOC118276160	uncharacterized LOC118276160	1	0	0	0	0	1
LOC118266595	nuclear cap-binding protein subunit 3	1	0	0	0	0	1
LOC118263468	GDP-fucose transporter 1	1	0	0	0	0	1
LOC118274102	peptidylglycine alpha-hydroxylating monooxygenase	1	0	0	0	0	1
LOC118279384	uncharacterized LOC118279384	1	0	0	0	0	1
LOC118268124	angiotensin-converting enzyme	1	0	0	0	0	1
LOC118279253	gloverin-like	1	0	0	0	0	1
LOC118262581	nitric oxide-associated protein 1	1	0	0	0	0	1
LOC118272167	integrin beta-nu	1	0	0	0	0	1
LOC118269496	U2 spliceosomal RNA	1	0	0	0	0	1
LOC118276653	tyrosine-protein kinase receptor	1	0	0	0	0	1
LOC118276828	uncharacterized LOC118276828	1	0	0	0	0	1
LOC118262079	probable rRNA-processing protein EBP2 homolog	1	0	0	0	0	1
LOC126912361	uncharacterized LOC126912361	1	0	0	0	0	1
LOC118269967	synaptic vesicle glycoprotein 2C	1	0	0	0	0	1
LOC118263125	uncharacterized LOC118263125	1	0	0	0	0	1
LOC118274233	uncharacterized LOC118274233	1	0	0	0	0	1
LOC118272763	rutC family protein UK114	1	0	0	0	0	1
Trnae-uuc	transfer RNA glutamic acid (anticodon UUC)	1	0	0	0	0	1
LOC118273160	cAMP-dependent protein kinase catalytic subunit 3	1	0	0	0	0	1
LOC118262744	nuclear pore complex protein Nup205	1	0	0	0	0	1
LOC118271381	uncharacterized LOC118271381	1	0	0	0	0	1
LOC118266670	D-glucuronyl C5-epimerase B	1	0	0	0	0	1
LOC118262448	rab GTPase-activating protein 1-like	1	0	0	0	0	1
LOC118265157	VWFA and cache domain-containing protein CG16868	1	0	0	0	0	1
LOC118269750	AN1-type zinc finger protein 6	1	0	0	0	0	1
LOC118279197	chitin deacetylase 8	1	0	0	0	0	1
LOC118277544	dystrobrevin beta	1	0	0	0	0	1
LOC118281966	uncharacterized LOC118281966	1	0	0	0	0	1
LOC118278114	SH3 domain-containing protein 19	1	0	0	0	0	1
LOC118278009	uncharacterized LOC118278009	1	0	0	0	0	1
LOC118266719	acyl-coenzyme A thioesterase 13	1	0	0	0	0	1
LOC118275760	adipocyte plasma membrane-associated protein Hemomucin-like	1	0	0	0	0	1
LOC118263586	uncharacterized LOC118263586	1	0	0	0	0	1
LOC118280455	juvenile hormone esterase	1	0	0	0	0	1
LOC118272236	zinc finger and BTB domain-containing protein 49	1	0	0	0	0	1
LOC118277213	ATPase inhibitor mai-2, mitochondrial	1	0	0	0	0	1
LOC118267417	ribosome-recycling factor, mitochondrial	1	0	0	0	0	1
LOC118263211	small nucleolar RNA psi28S-1192	1	0	0	0	0	1
LOC118263103	E3 SUMO-protein ligase RanBP2	1	0	0	0	0	1
LOC118275272	serine/threonine-protein phosphatase 2A 56 kDa regulatory subunit gamma isoform	1	0	0	0	0	1
LOC118262943	U4/U6.U5 tri-snRNP-associated protein 2	1	0	0	0	0	1
LOC118269157	inositol polyphosphate 5-phosphatase K	1	0	0	0	0	1
LOC118270399	uncharacterized LOC118270399	1	0	0	0	0	1
LOC118273716	transcription elongation factor SPT5	1	0	0	0	0	1
LOC118263718	uncharacterized LOC118263718	1	0	0	0	0	1
LOC118278101	calcium uptake protein 3, mitochondrial	1	0	0	0	0	1
LOC118282459	uncharacterized LOC118282459	1	0	0	0	0	1
LOC118270925	leucine-rich repeat neuronal protein 1	1	0	0	0	0	1
LOC118270112	lachesin	1	0	0	0	0	1
LOC118271020	uncharacterized LOC118271020	1	0	0	0	0	1
LOC118268914	putative phospholipase B-like lamina ancestor	1	0	0	0	0	1
LOC126911533	uncharacterized LOC126911533	1	0	0	0	0	1
LOC118268210	sphingomyelin phosphodiesterase	1	0	0	0	0	1
LOC118276749	homeobox protein SIX2	1	0	0	0	0	1
LOC118262821	prion-like-(Q/N-rich) domain-bearing protein 25	1	0	0	0	0	1
LOC118277744	venom carboxylesterase-6	1	0	0	0	0	1
LOC118263146	uncharacterized LOC118263146	1	0	0	0	0	1
LOC118273413	tyrosine-protein kinase transmembrane receptor Ror	1	0	0	0	0	1
LOC118261925	uncharacterized LOC118261925	1	0	0	0	0	1
LOC118274931	venom serine carboxypeptidase-like	1	0	0	0	0	1
LOC118265761	F-actin-monooxygenase Mical	1	0	0	0	0	1
LOC118269971	putative carbonic anhydrase 3	1	0	0	0	0	1
LOC126912595	uncharacterized LOC126912595	1	0	0	0	0	1
LOC118269549	myocyte-specific enhancer factor 2	1	0	0	0	0	1
LOC118262435	60S acidic ribosomal protein P0	1	0	0	0	0	1
LOC126912626	uncharacterized LOC126912626	1	0	0	0	0	1
LOC118272270	basic juvenile hormone-suppressible protein 2	1	0	0	0	0	1
LOC118279367	facilitated trehalose transporter Tret1	1	0	0	0	0	1
LOC118271684	azurocidin	1	0	0	0	0	1
LOC118274647	glucose dehydrogenase [FAD, quinone]-like	1	0	0	0	0	1
LOC126912384	trimethylguanosine synthase-like	1	0	0	0	0	1
LOC118264998	epidermal growth factor receptor	1	0	0	0	0	1
LOC118282461	proton-coupled folate transporter	1	0	0	0	0	1
LOC118272008	cytochrome c	1	0	0	0	0	1
LOC118264434	ecdysone oxidase	1	0	0	0	0	1
LOC118273560	uncharacterized LOC118273560	1	0	0	0	0	1
LOC118273026	long-chain fatty acid transport protein 4	1	0	0	0	0	1
LOC118277180	uncharacterized LOC118277180	1	0	0	0	0	1
LOC118277072	uncharacterized LOC118277072	1	0	0	0	0	1
LOC118261859	forkhead box protein L2	1	0	0	0	0	1
LOC118271797	uncharacterized LOC118271797	1	0	0	0	0	1
LOC126913077	centrosome-associated zinc finger protein CP190	1	0	0	0	0	1
LOC118264004	transmembrane channel-like protein 3	1	0	0	0	0	1
LOC118271306	uncharacterized LOC118271306	1	0	0	0	0	1
LOC118264405	uncharacterized LOC118264405	1	0	0	0	0	1
LOC118262205	myotubularin-related protein 9	1	0	0	0	0	1
LOC118278125	IDLSRF-like peptide	1	0	0	0	0	1
LOC118267825	uncharacterized LOC118267825	1	0	0	0	0	1
LOC118267152	atrial natriuretic peptide-converting enzyme	1	0	0	0	0	1
LOC118267802	larval cuticle protein F1-like	1	0	0	0	0	1
LOC118268671	uncharacterized LOC118268671	1	0	0	0	0	1
LOC118280564	serine/threonine-protein kinase WNK1	1	0	0	0	0	1
LOC118278234	NGFI-A-binding protein homolog	1	0	0	0	0	1
LOC126912946	circadian clock-controlled protein daywake-like	1	0	0	0	0	1
LOC118271750	myeloid leukemia factor	1	0	0	0	0	1
LOC126911685	uncharacterized LOC126911685	1	0	0	0	0	1
LOC126910598	WAS/WASL-interacting protein family member 3-like	1	0	0	0	0	1
LOC118265693	CUB and sushi domain-containing protein 3	1	0	0	0	0	1
LOC118271692	arginyl-tRNA--protein transferase 1	1	0	0	0	0	1
LOC118269580	lipid storage droplets surface-binding protein 2	1	0	0	0	0	1
LOC118266901	39S ribosomal protein L16, mitochondrial	1	0	0	0	0	1
LOC126911359	trichohyalin-like	1	0	0	0	0	1
LOC118280450	uncharacterized LOC118280450	1	0	0	0	0	1
LOC118262760	homeobox protein B-H2	1	0	0	0	0	1
LOC118262293	neurocalcin homolog	1	0	0	0	0	1
LOC118269814	iodotyrosine deiodinase	1	0	0	0	0	1
LOC118276548	uncharacterized LOC118276548	1	0	0	0	0	1
LOC118263143	uncharacterized LOC118263143	1	0	0	0	0	1
LOC118262643	beta-parvin	1	0	0	0	0	1
LOC118265036	uncharacterized LOC118265036	1	0	0	0	0	1
LOC118271845	glyoxylate reductase/hydroxypyruvate reductase	1	0	0	0	0	1
LOC118265364	WASH complex subunit 3	1	0	0	0	0	1
LOC118267166	MLX-interacting protein	1	0	0	0	0	1
LOC118274657	glucose dehydrogenase [FAD, quinone]	1	0	0	0	0	1
LOC118270616	2-aminoethanethiol dioxygenase	1	0	0	0	0	1
LOC118266338	tripartite motif-containing protein 2	1	0	0	0	0	1
LOC118271223	rho-associated protein kinase 2-like	1	0	0	0	0	1
LOC126910970	probable serine carboxypeptidase CPVL	1	0	0	0	0	1
LOC118277481	lactosylceramide 4-alpha-galactosyltransferase	1	0	0	0	0	1
LOC118281741	U3 small nucleolar RNA-associated protein 4 homolog	1	0	0	0	0	1
LOC126912406	uncharacterized LOC126912406	1	0	0	0	0	1
LOC118280194	protein son of sevenless	1	0	0	0	0	1
LOC118265421	nose resistant to fluoxetine protein 6-like	1	0	0	0	0	1
LOC118277199	ER degradation-enhancing alpha-mannosidase-like protein 3	1	0	0	0	0	1
LOC118270041	splicing factor 1	1	0	0	0	0	1
LOC118270612	actin-binding LIM protein 2	1	0	0	0	0	1
LOC118278056	syntaxin-12	1	0	0	0	0	1
LOC118272442	protein extra-macrochaetae	1	0	0	0	0	1
LOC118262795	dynein regulatory complex protein 9-like	1	0	0	0	0	1
LOC126912852	uncharacterized LOC126912852	1	0	0	0	0	1
LOC118266646	RNA-binding protein cabeza	1	0	0	0	0	1
LOC118263376	uncharacterized LOC118263376	1	0	0	0	0	1
LOC118271576	actin-binding protein WASF3	1	0	0	0	0	1
LOC118271115	histone deacetylase 11	1	0	0	0	0	1
LOC118276199	uncharacterized LOC118276199	1	0	0	0	0	1
LOC118262398	potassium channel subfamily T member 2	1	0	0	0	0	1
LOC118279404	transcription factor Ken	1	0	0	0	0	1
LOC118265276	START domain-containing protein 10	1	0	0	0	0	1
LOC118264436	beta-1,4-N-acetylgalactosaminyltransferase bre-4	1	0	0	0	0	1
LOC118271835	cytochrome b5 reductase 4	1	0	0	0	0	1
LOC118261874	laminin subunit gamma-1	1	0	0	0	0	1
LOC118276654	transmembrane channel-like protein 7	1	0	0	0	0	1
LOC118280637	calcium-dependent secretion activator	1	0	0	0	0	1
LOC118277413	uncharacterized LOC118277413	1	0	0	0	0	1
LOC118270991	rho GTPase-activating protein Graf	1	0	0	0	0	1
LOC126912599	uncharacterized LOC126912599	1	0	0	0	0	1
LOC118264973	N-acetylgalactosaminyltransferase 7	1	0	0	0	0	1
LOC118277842	uncharacterized LOC118277842	1	0	0	0	0	1
LOC118276614	uncharacterized LOC118276614	1	0	0	0	0	1
LOC118265922	prostatic acid phosphatase	1	0	0	0	0	1
LOC118268503	uncharacterized LOC118268503	1	0	0	0	0	1
LOC118277983	larval cuticle protein A3A-like	1	0	0	0	0	1
LOC118277946	ATP synthase subunit b, mitochondrial	1	0	0	0	0	1
LOC118267056	23 kDa integral membrane protein-like	1	0	0	0	0	1
LOC118279164	uncharacterized LOC118279164	1	0	0	0	0	1
LOC118281699	palmitoyltransferase ZDHHC15B	1	0	0	0	0	1
LOC118282291	uncharacterized LOC118282291	1	0	0	0	0	1
LOC118269633	DNA replication licensing factor Mcm3	1	0	0	0	0	1
LOC126910609	uncharacterized LOC126910609	1	0	0	0	0	1
LOC118276729	pro-resilin-like	1	0	0	0	0	1
LOC118269422	5-hydroxytryptamine receptor	1	0	0	0	0	1
LOC118270825	uncharacterized LOC118270825	1	0	0	0	0	1
LOC118276951	uncharacterized LOC118276951	1	0	0	0	0	1
LOC118268837	LIM/homeobox protein Awh	1	0	0	0	0	1
LOC118263662	uncharacterized LOC118263662	1	0	0	0	0	1
LOC118271140	carbonic anhydrase-related protein 10	1	0	0	0	0	1
LOC118265910	ran-binding protein 9	1	0	0	0	0	1
LOC118277431	trypsin-7-like	1	0	0	0	0	1
LOC118272250	uncharacterized protein DDB_G0290587-like	1	0	0	0	0	1
LOC118269197	GATOR complex protein MIOS	1	0	0	0	0	1
LOC118274520	rabankyrin-5	1	0	0	0	0	1
LOC118275991	circadian clock-controlled protein daywake	1	0	0	0	0	1
LOC118270963	malignant T-cell-amplified sequence 1 homolog	1	0	0	0	0	1
LOC118276040	uncharacterized LOC118276040	1	0	0	0	0	1
LOC118264807	cryptochrome-1	1	0	0	0	0	1
LOC118262876	neuralized-like protein 4	1	0	0	0	0	1
LOC126911362	chitin deacetylase 8-like	1	0	0	0	0	1
LOC118269726	testin	1	0	0	0	0	1
LOC118282327	zinc finger protein 112	1	0	0	0	0	1
LOC118278200	myosin-11	1	0	0	0	0	1
LOC126912854	jerky protein homolog-like	1	0	0	0	0	1
LOC118270601	facilitated trehalose transporter Tret1-like	1	0	0	0	0	1
LOC118270583	uncharacterized LOC118270583	1	0	0	0	0	1
LOC126911095	uncharacterized LOC126911095	1	0	0	0	0	1
LOC118265162	uncharacterized LOC118265162	1	0	0	0	0	1
LOC118268432	DNA polymerase zeta catalytic subunit	1	0	0	0	0	1
LOC118274066	hemicentin-2	1	0	0	0	0	1
LOC118269867	ras-related C3 botulinum toxin substrate 1	1	0	0	0	0	1
LOC118277945	PAS domain-containing protein cky-1	1	0	0	0	0	1
LOC118271431	uncharacterized LOC118271431	1	0	0	0	0	1
LOC118266690	Golgi reassembly-stacking protein 2	1	0	0	0	0	1
LOC118263319	heat shock 70 kDa protein 4L	1	0	0	0	0	1
LOC118267416	poly(A) RNA polymerase, mitochondrial	1	0	0	0	0	1
LOC118273582	enhancer of mRNA-decapping protein 4	1	0	0	0	0	1
LOC118273852	mitochondrial folate transporter/carrier	1	0	0	0	0	1
LOC118264931	acyl-CoA Delta-9 desaturase	1	0	0	0	0	1
LOC118272017	activating signal cointegrator 1 complex subunit 2	1	0	0	0	0	1
LOC118274941	gustatory receptor for sugar taste 43a	1	0	0	0	0	1
LOC118263379	Bardet-Biedl syndrome 7 protein homolog	1	0	0	0	0	1
LOC118268927	uncharacterized LOC118268927	1	0	0	0	0	1
LOC118263692	T-complex protein 1 subunit beta	1	0	0	0	0	1
LOC118268287	fasciclin-1	1	0	0	0	0	1
LOC118269789	uncharacterized LOC118269789	1	0	0	0	0	1
LOC118275683	protein Fer3	1	0	0	0	0	1
LOC118271016	uncharacterized LOC118271016	1	0	0	0	0	1
LOC118274362	transmembrane protease serine 9-like	1	0	0	0	0	1
LOC118274756	trypsin, alkaline C-like	1	0	0	0	0	1
LOC118273334	uricase	1	0	0	0	0	1
LOC118266122	uncharacterized LOC118266122	1	0	0	0	0	1
LOC118272155	uncharacterized LOC118272155	1	0	0	0	0	1
LOC126912706	uncharacterized LOC126912706	1	0	0	0	0	1
Trnar-ucu	transfer RNA arginine (anticodon UCU)	1	0	0	0	0	1
LOC126912802	uncharacterized LOC126912802	1	0	0	0	0	1
LOC118269523	activin receptor type-2A	1	0	0	0	0	1
