marker	chrom	pos	z
NC_064212.1_92427	NC_064212.1	92427	-4.437
NC_064212.1_94667	NC_064212.1	94667	-4.709
NC_064212.1_107985	NC_064212.1	107985	-4.893
NC_064212.1_124615	NC_064212.1	124615	4.059
NC_064212.1_200726	NC_064212.1	200726	-5.320
NC_064212.1_218981	NC_064212.1	218981	-4.265
NC_064212.1_315743	NC_064212.1	315743	4.157
NC_064212.1_387676	NC_064212.1	387676	-4.729
NC_064212.1_425720	NC_064212.1	425720	-4.586
NC_064212.1_434334	NC_064212.1	434334	-4.289
NC_064212.1_465790	NC_064212.1	465790	-4.288
NC_064212.1_478785	NC_064212.1	478785	-4.212
NC_064212.1_536474	NC_064212.1	536474	4.035
NC_064212.1_631913	NC_064212.1	631913	-4.268
NC_064212.1_649609	NC_064212.1	649609	4.069
NC_064212.1_693675	NC_064212.1	693675	4.040
NC_064212.1_900251	NC_064212.1	900251	4.582
NC_064212.1_919490	NC_064212.1	919490	-4.183
NC_064212.1_1108477	NC_064212.1	1108477	-4.036
NC_064212.1_1111417	NC_064212.1	1111417	-4.016
NC_064212.1_1293356	NC_064212.1	1293356	4.004
NC_064212.1_1416989	NC_064212.1	1416989	-4.012
NC_064212.1_1681121	NC_064212.1	1681121	-4.427
NC_064212.1_1805481	NC_064212.1	1805481	4.251
NC_064212.1_1870182	NC_064212.1	1870182	4.130
NC_064212.1_1900297	NC_064212.1	1900297	-4.291
NC_064212.1_2401869	NC_064212.1	2401869	4.121
NC_064212.1_2497537	NC_064212.1	2497537	4.500
NC_064212.1_2516356	NC_064212.1	2516356	-4.324
NC_064212.1_3008209	NC_064212.1	3008209	-4.440
NC_064212.1_3125701	NC_064212.1	3125701	-4.164
NC_064212.1_3181886	NC_064212.1	3181886	-4.282
NC_064212.1_3308831	NC_064212.1	3308831	4.696
NC_064212.1_3589415	NC_064212.1	3589415	-4.046
NC_064212.1_3816997	NC_064212.1	3816997	4.492
NC_064212.1_4201417	NC_064212.1	4201417	-4.396
NC_064212.1_4546460	NC_064212.1	4546460	-4.036
NC_064212.1_4703405	NC_064212.1	4703405	-4.452
NC_064212.1_4755353	NC_064212.1	4755353	-4.570
NC_064212.1_4768498	NC_064212.1	4768498	-4.549
NC_064212.1_4900485	NC_064212.1	4900485	-4.039
NC_064212.1_4955113	NC_064212.1	4955113	4.507
NC_064212.1_4999154	NC_064212.1	4999154	5.208
NC_064212.1_5016147	NC_064212.1	5016147	-4.070
NC_064212.1_5059179	NC_064212.1	5059179	-4.332
NC_064212.1_5272446	NC_064212.1	5272446	-4.072
NC_064212.1_5338319	NC_064212.1	5338319	4.003
NC_064212.1_5400399	NC_064212.1	5400399	4.287
NC_064212.1_5404525	NC_064212.1	5404525	4.246
NC_064212.1_5480113	NC_064212.1	5480113	-4.179
NC_064212.1_5576034	NC_064212.1	5576034	4.083
NC_064212.1_5692014	NC_064212.1	5692014	-5.208
NC_064212.1_5891118	NC_064212.1	5891118	-4.309
NC_064212.1_6169487	NC_064212.1	6169487	4.034
NC_064212.1_6712297	NC_064212.1	6712297	-4.021
NC_064212.1_6787695	NC_064212.1	6787695	-4.019
NC_064212.1_6805636	NC_064212.1	6805636	4.192
NC_064212.1_6905591	NC_064212.1	6905591	-4.083
NC_064212.1_6922138	NC_064212.1	6922138	4.135
NC_064212.1_6977670	NC_064212.1	6977670	-4.189
NC_064212.1_6977691	NC_064212.1	6977691	4.330
NC_064212.1_7006977	NC_064212.1	7006977	4.331
NC_064212.1_7338799	NC_064212.1	7338799	-4.264
NC_064212.1_7338803	NC_064212.1	7338803	-4.077
NC_064212.1_7355633	NC_064212.1	7355633	-4.497
NC_064212.1_7405356	NC_064212.1	7405356	-4.063
NC_064212.1_7407536	NC_064212.1	7407536	-4.742
NC_064212.1_7407551	NC_064212.1	7407551	-4.613
NC_064212.1_7407553	NC_064212.1	7407553	-4.520
NC_064212.1_7408315	NC_064212.1	7408315	4.442
NC_064212.1_7494454	NC_064212.1	7494454	4.776
NC_064212.1_7736254	NC_064212.1	7736254	-4.192
NC_064212.1_7802332	NC_064212.1	7802332	4.753
NC_064212.1_7835183	NC_064212.1	7835183	-4.195
NC_064212.1_7837553	NC_064212.1	7837553	-4.555
NC_064212.1_7901627	NC_064212.1	7901627	4.173
NC_064212.1_7909228	NC_064212.1	7909228	-4.143
NC_064212.1_8105273	NC_064212.1	8105273	-4.110
NC_064212.1_8208612	NC_064212.1	8208612	-4.185
NC_064212.1_8289403	NC_064212.1	8289403	-4.134
NC_064212.1_8357507	NC_064212.1	8357507	-4.013
NC_064212.1_8507718	NC_064212.1	8507718	4.684
NC_064212.1_8529646	NC_064212.1	8529646	-4.362
NC_064212.1_8547282	NC_064212.1	8547282	-4.042
NC_064212.1_8588690	NC_064212.1	8588690	-4.075
NC_064212.1_8596830	NC_064212.1	8596830	-4.064
NC_064212.1_8665409	NC_064212.1	8665409	4.061
NC_064212.1_8669171	NC_064212.1	8669171	-4.130
NC_064212.1_8689107	NC_064212.1	8689107	4.174
NC_064212.1_8689208	NC_064212.1	8689208	-4.639
NC_064212.1_8689216	NC_064212.1	8689216	-4.698
NC_064212.1_8822950	NC_064212.1	8822950	4.258
NC_064212.1_8869057	NC_064212.1	8869057	4.120
NC_064212.1_8869201	NC_064212.1	8869201	-4.244
NC_064212.1_8869206	NC_064212.1	8869206	-4.443
NC_064212.1_8869228	NC_064212.1	8869228	4.419
NC_064212.1_8869444	NC_064212.1	8869444	4.446
NC_064212.1_9008704	NC_064212.1	9008704	-4.239
NC_064212.1_9073418	NC_064212.1	9073418	4.156
NC_064212.1_9145398	NC_064212.1	9145398	4.261
NC_064212.1_9147632	NC_064212.1	9147632	-4.356
NC_064212.1_9147638	NC_064212.1	9147638	-4.112
NC_064212.1_9168527	NC_064212.1	9168527	4.285
NC_064212.1_9168528	NC_064212.1	9168528	4.534
NC_064212.1_9180604	NC_064212.1	9180604	-4.796
NC_064212.1_9265620	NC_064212.1	9265620	-4.095
NC_064212.1_9274198	NC_064212.1	9274198	-4.400
NC_064212.1_9276811	NC_064212.1	9276811	-4.163
NC_064212.1_9751573	NC_064212.1	9751573	-4.259
NC_064212.1_9830151	NC_064212.1	9830151	-4.112
NC_064212.1_10076488	NC_064212.1	10076488	4.116
NC_064212.1_10147843	NC_064212.1	10147843	-4.000
NC_064212.1_10147895	NC_064212.1	10147895	-4.396
NC_064212.1_10208756	NC_064212.1	10208756	4.092
NC_064212.1_10214115	NC_064212.1	10214115	4.515
NC_064212.1_10262657	NC_064212.1	10262657	4.636
NC_064212.1_10422686	NC_064212.1	10422686	-4.466
NC_064212.1_10891698	NC_064212.1	10891698	4.180
NC_064212.1_10955234	NC_064212.1	10955234	-4.471
NC_064212.1_11122247	NC_064212.1	11122247	4.843
NC_064212.1_11311261	NC_064212.1	11311261	-4.002
NC_064212.1_11339198	NC_064212.1	11339198	4.469
NC_064212.1_11409670	NC_064212.1	11409670	-4.037
NC_064212.1_11453836	NC_064212.1	11453836	4.011
NC_064212.1_11579158	NC_064212.1	11579158	4.198
NC_064212.1_11652951	NC_064212.1	11652951	-4.054
NC_064212.1_11810044	NC_064212.1	11810044	4.243
NC_064212.1_11823550	NC_064212.1	11823550	4.821
NC_064212.1_12504079	NC_064212.1	12504079	-4.526
NC_064212.1_12604224	NC_064212.1	12604224	4.021
NC_064212.1_12633981	NC_064212.1	12633981	-5.211
NC_064212.1_12815361	NC_064212.1	12815361	-4.070
NC_064212.1_13018843	NC_064212.1	13018843	4.160
NC_064212.1_13161138	NC_064212.1	13161138	4.120
NC_064212.1_13241120	NC_064212.1	13241120	4.259
NC_064212.1_13485409	NC_064212.1	13485409	4.920
NC_064212.1_13607500	NC_064212.1	13607500	4.059
NC_064212.1_13607501	NC_064212.1	13607501	4.122
NC_064212.1_13686253	NC_064212.1	13686253	-4.237
NC_064212.1_13694530	NC_064212.1	13694530	-4.009
NC_064212.1_13743256	NC_064212.1	13743256	-4.067
NC_064212.1_13839207	NC_064212.1	13839207	-4.099
NC_064212.1_13905767	NC_064212.1	13905767	4.047
NC_064212.1_14032602	NC_064212.1	14032602	4.042
NC_064212.1_14053917	NC_064212.1	14053917	-4.081
NC_064212.1_14066298	NC_064212.1	14066298	-4.237
NC_064212.1_14179224	NC_064212.1	14179224	4.190
NC_064212.1_14211304	NC_064212.1	14211304	-4.344
NC_064212.1_14467749	NC_064212.1	14467749	-4.194
NC_064212.1_14467789	NC_064212.1	14467789	-4.398
NC_064213.1_51550	NC_064213.1	51550	4.304
NC_064213.1_85912	NC_064213.1	85912	4.034
NC_064213.1_98384	NC_064213.1	98384	4.135
NC_064213.1_142344	NC_064213.1	142344	-4.532
NC_064213.1_166811	NC_064213.1	166811	-4.075
NC_064213.1_167517	NC_064213.1	167517	-4.372
NC_064213.1_201069	NC_064213.1	201069	4.308
NC_064213.1_222550	NC_064213.1	222550	-5.245
NC_064213.1_222552	NC_064213.1	222552	-5.304
NC_064213.1_231810	NC_064213.1	231810	4.469
NC_064213.1_247232	NC_064213.1	247232	4.901
NC_064213.1_310121	NC_064213.1	310121	4.395
NC_064213.1_776044	NC_064213.1	776044	4.188
NC_064213.1_807341	NC_064213.1	807341	-4.030
NC_064213.1_868013	NC_064213.1	868013	-4.316
NC_064213.1_930456	NC_064213.1	930456	-4.002
NC_064213.1_1194164	NC_064213.1	1194164	4.311
NC_064213.1_1248923	NC_064213.1	1248923	4.005
NC_064213.1_1263256	NC_064213.1	1263256	4.123
NC_064213.1_1290067	NC_064213.1	1290067	-4.253
NC_064213.1_1381307	NC_064213.1	1381307	-5.000
NC_064213.1_1381312	NC_064213.1	1381312	4.126
NC_064213.1_2018812	NC_064213.1	2018812	4.206
NC_064213.1_2292562	NC_064213.1	2292562	4.800
NC_064213.1_2361314	NC_064213.1	2361314	-4.356
NC_064213.1_2461915	NC_064213.1	2461915	-4.076
NC_064213.1_2622506	NC_064213.1	2622506	-4.114
NC_064213.1_2702289	NC_064213.1	2702289	4.230
NC_064213.1_2740311	NC_064213.1	2740311	-4.000
NC_064213.1_2740325	NC_064213.1	2740325	-4.054
NC_064213.1_2815089	NC_064213.1	2815089	4.007
NC_064213.1_3130299	NC_064213.1	3130299	4.366
NC_064213.1_3141114	NC_064213.1	3141114	4.640
NC_064213.1_3204850	NC_064213.1	3204850	-4.392
NC_064213.1_3417626	NC_064213.1	3417626	4.350
NC_064213.1_3473185	NC_064213.1	3473185	-4.701
NC_064213.1_3488126	NC_064213.1	3488126	-4.413
NC_064213.1_4149537	NC_064213.1	4149537	4.155
NC_064213.1_4447995	NC_064213.1	4447995	4.036
NC_064213.1_4531623	NC_064213.1	4531623	4.298
NC_064213.1_4576015	NC_064213.1	4576015	4.525
NC_064213.1_4763745	NC_064213.1	4763745	-4.093
NC_064213.1_4763746	NC_064213.1	4763746	-4.044
NC_064213.1_4871635	NC_064213.1	4871635	4.021
NC_064213.1_5042397	NC_064213.1	5042397	4.521
NC_064213.1_5071772	NC_064213.1	5071772	4.258
NC_064213.1_5181752	NC_064213.1	5181752	4.452
NC_064213.1_5201379	NC_064213.1	5201379	-4.095
NC_064213.1_5266276	NC_064213.1	5266276	-4.118
NC_064213.1_5275310	NC_064213.1	5275310	-4.240
NC_064213.1_5286788	NC_064213.1	5286788	-4.155
NC_064213.1_5340107	NC_064213.1	5340107	-4.435
NC_064213.1_5340501	NC_064213.1	5340501	-4.327
NC_064213.1_5636731	NC_064213.1	5636731	-4.110
NC_064213.1_5969490	NC_064213.1	5969490	-4.110
NC_064213.1_6183311	NC_064213.1	6183311	4.044
NC_064213.1_6190718	NC_064213.1	6190718	-4.126
NC_064213.1_6288164	NC_064213.1	6288164	-4.126
NC_064213.1_6579658	NC_064213.1	6579658	-4.721
NC_064213.1_6645229	NC_064213.1	6645229	-4.059
NC_064213.1_6704458	NC_064213.1	6704458	-4.391
NC_064213.1_6747307	NC_064213.1	6747307	-4.083
NC_064213.1_6754340	NC_064213.1	6754340	-4.226
NC_064213.1_6885640	NC_064213.1	6885640	-4.031
NC_064213.1_6981646	NC_064213.1	6981646	-4.710
NC_064213.1_6981649	NC_064213.1	6981649	-4.632
NC_064213.1_7119774	NC_064213.1	7119774	-4.036
NC_064213.1_7317599	NC_064213.1	7317599	-4.783
NC_064213.1_7354225	NC_064213.1	7354225	4.092
NC_064213.1_7396466	NC_064213.1	7396466	-4.015
NC_064213.1_7493305	NC_064213.1	7493305	-4.291
NC_064213.1_7514127	NC_064213.1	7514127	4.223
NC_064213.1_7542702	NC_064213.1	7542702	-4.637
NC_064213.1_7720842	NC_064213.1	7720842	-4.150
NC_064213.1_7757806	NC_064213.1	7757806	-4.031
NC_064213.1_7822327	NC_064213.1	7822327	-4.104
NC_064213.1_7942105	NC_064213.1	7942105	4.117
NC_064213.1_7957126	NC_064213.1	7957126	-4.703
NC_064213.1_7957337	NC_064213.1	7957337	4.347
NC_064213.1_8037173	NC_064213.1	8037173	4.001
NC_064213.1_8039324	NC_064213.1	8039324	4.239
NC_064213.1_8128415	NC_064213.1	8128415	4.585
NC_064213.1_8264913	NC_064213.1	8264913	-4.128
NC_064213.1_8348522	NC_064213.1	8348522	4.057
NC_064213.1_8348525	NC_064213.1	8348525	4.329
NC_064213.1_8348578	NC_064213.1	8348578	4.181
NC_064213.1_8420812	NC_064213.1	8420812	-4.006
NC_064213.1_8619181	NC_064213.1	8619181	-4.585
NC_064213.1_8664078	NC_064213.1	8664078	-4.143
NC_064213.1_8733760	NC_064213.1	8733760	-4.025
NC_064213.1_8830621	NC_064213.1	8830621	4.093
NC_064213.1_8836284	NC_064213.1	8836284	-4.220
NC_064213.1_8852151	NC_064213.1	8852151	4.284
NC_064213.1_8938907	NC_064213.1	8938907	-4.865
NC_064213.1_8971514	NC_064213.1	8971514	-4.151
NC_064213.1_8982134	NC_064213.1	8982134	4.721
NC_064213.1_8994391	NC_064213.1	8994391	4.017
NC_064213.1_9000714	NC_064213.1	9000714	4.705
NC_064213.1_9045341	NC_064213.1	9045341	-4.302
NC_064213.1_9084231	NC_064213.1	9084231	4.324
NC_064213.1_9228841	NC_064213.1	9228841	4.257
NC_064213.1_9629874	NC_064213.1	9629874	-4.683
NC_064213.1_9677729	NC_064213.1	9677729	-4.056
NC_064213.1_9955634	NC_064213.1	9955634	-4.006
NC_064213.1_9975717	NC_064213.1	9975717	4.380
NC_064213.1_10031932	NC_064213.1	10031932	-4.134
NC_064213.1_10050188	NC_064213.1	10050188	4.490
NC_064213.1_10343174	NC_064213.1	10343174	4.037
NC_064213.1_10376417	NC_064213.1	10376417	-4.217
NC_064213.1_10392807	NC_064213.1	10392807	-4.691
NC_064213.1_10392808	NC_064213.1	10392808	-4.534
NC_064213.1_10392809	NC_064213.1	10392809	-4.627
NC_064213.1_10392813	NC_064213.1	10392813	-4.666
NC_064213.1_10444557	NC_064213.1	10444557	-4.128
NC_064213.1_10577829	NC_064213.1	10577829	4.381
NC_064213.1_10664798	NC_064213.1	10664798	-5.579
NC_064213.1_10771882	NC_064213.1	10771882	-4.223
NC_064213.1_10777291	NC_064213.1	10777291	-4.536
NC_064213.1_11042600	NC_064213.1	11042600	-4.057
NC_064213.1_11113751	NC_064213.1	11113751	4.159
NC_064213.1_11370111	NC_064213.1	11370111	4.094
NC_064213.1_11414885	NC_064213.1	11414885	-4.163
NC_064213.1_11467668	NC_064213.1	11467668	4.003
NC_064213.1_11501532	NC_064213.1	11501532	-4.061
NC_064213.1_11539894	NC_064213.1	11539894	4.410
NC_064213.1_11960569	NC_064213.1	11960569	4.823
NC_064213.1_12035279	NC_064213.1	12035279	-4.349
NC_064213.1_12035373	NC_064213.1	12035373	-4.272
NC_064213.1_12035377	NC_064213.1	12035377	-4.454
NC_064213.1_12075869	NC_064213.1	12075869	4.428
NC_064213.1_12106421	NC_064213.1	12106421	4.004
NC_064213.1_12138139	NC_064213.1	12138139	-4.894
NC_064213.1_12262032	NC_064213.1	12262032	4.180
NC_064213.1_12268696	NC_064213.1	12268696	4.364
NC_064213.1_12389147	NC_064213.1	12389147	4.199
NC_064213.1_12483779	NC_064213.1	12483779	-4.800
NC_064213.1_12542870	NC_064213.1	12542870	-4.234
NC_064213.1_12550630	NC_064213.1	12550630	-4.114
NC_064213.1_12618006	NC_064213.1	12618006	4.033
NC_064213.1_12642036	NC_064213.1	12642036	-4.077
NC_064213.1_12983276	NC_064213.1	12983276	-4.148
NC_064214.1_433705	NC_064214.1	433705	4.016
NC_064214.1_548147	NC_064214.1	548147	4.359
NC_064214.1_706051	NC_064214.1	706051	-4.007
NC_064214.1_941454	NC_064214.1	941454	4.152
NC_064214.1_1169360	NC_064214.1	1169360	4.800
NC_064214.1_1247718	NC_064214.1	1247718	-4.210
NC_064214.1_1444741	NC_064214.1	1444741	-4.300
NC_064214.1_1506156	NC_064214.1	1506156	4.476
NC_064214.1_1555730	NC_064214.1	1555730	-4.052
NC_064214.1_1632759	NC_064214.1	1632759	4.632
NC_064214.1_1678888	NC_064214.1	1678888	-4.220
NC_064214.1_1715882	NC_064214.1	1715882	4.786
NC_064214.1_2648779	NC_064214.1	2648779	4.081
NC_064214.1_2745555	NC_064214.1	2745555	4.264
NC_064214.1_2881584	NC_064214.1	2881584	-4.401
NC_064214.1_2917558	NC_064214.1	2917558	4.011
NC_064214.1_3184310	NC_064214.1	3184310	-4.059
NC_064214.1_3709931	NC_064214.1	3709931	-4.647
NC_064214.1_3767833	NC_064214.1	3767833	4.180
NC_064214.1_3780393	NC_064214.1	3780393	4.187
NC_064214.1_4497999	NC_064214.1	4497999	-4.162
NC_064214.1_4827516	NC_064214.1	4827516	4.406
NC_064214.1_5107682	NC_064214.1	5107682	4.039
NC_064214.1_5223653	NC_064214.1	5223653	-4.356
NC_064214.1_5366925	NC_064214.1	5366925	4.171
NC_064214.1_5424537	NC_064214.1	5424537	-4.252
NC_064214.1_5440047	NC_064214.1	5440047	-4.068
NC_064214.1_5512704	NC_064214.1	5512704	4.124
NC_064214.1_5655925	NC_064214.1	5655925	-4.668
NC_064214.1_5946486	NC_064214.1	5946486	4.375
NC_064214.1_6360148	NC_064214.1	6360148	4.108
NC_064214.1_6362841	NC_064214.1	6362841	-4.302
NC_064214.1_6581825	NC_064214.1	6581825	-4.022
NC_064214.1_6678576	NC_064214.1	6678576	-4.223
NC_064214.1_6682995	NC_064214.1	6682995	-4.132
NC_064214.1_6685140	NC_064214.1	6685140	-4.117
NC_064214.1_6688634	NC_064214.1	6688634	-4.635
NC_064214.1_6688637	NC_064214.1	6688637	-4.508
NC_064214.1_6716806	NC_064214.1	6716806	-4.086
NC_064214.1_6723355	NC_064214.1	6723355	-4.417
NC_064214.1_6948912	NC_064214.1	6948912	4.626
NC_064214.1_6999282	NC_064214.1	6999282	-4.483
NC_064214.1_7167480	NC_064214.1	7167480	-4.802
NC_064214.1_7188033	NC_064214.1	7188033	4.104
NC_064214.1_7329824	NC_064214.1	7329824	-4.121
NC_064214.1_7351110	NC_064214.1	7351110	4.091
NC_064214.1_7559134	NC_064214.1	7559134	4.218
NC_064214.1_7673958	NC_064214.1	7673958	4.440
NC_064214.1_7724640	NC_064214.1	7724640	-4.203
NC_064214.1_7771750	NC_064214.1	7771750	-4.103
NC_064214.1_8088294	NC_064214.1	8088294	-4.101
NC_064214.1_8109566	NC_064214.1	8109566	-4.213
NC_064214.1_8164411	NC_064214.1	8164411	4.815
NC_064214.1_8273459	NC_064214.1	8273459	-4.109
NC_064214.1_8330817	NC_064214.1	8330817	-4.228
NC_064214.1_8341818	NC_064214.1	8341818	4.051
NC_064214.1_8367775	NC_064214.1	8367775	4.112
NC_064214.1_8400580	NC_064214.1	8400580	-5.468
NC_064214.1_8417170	NC_064214.1	8417170	-4.363
NC_064214.1_8417173	NC_064214.1	8417173	-5.119
NC_064214.1_8430374	NC_064214.1	8430374	-4.058
NC_064214.1_8636786	NC_064214.1	8636786	-4.135
NC_064214.1_8814104	NC_064214.1	8814104	-4.481
NC_064214.1_8927875	NC_064214.1	8927875	4.517
NC_064214.1_8957397	NC_064214.1	8957397	-5.066
NC_064214.1_9104415	NC_064214.1	9104415	-4.148
NC_064214.1_9252023	NC_064214.1	9252023	-5.026
NC_064214.1_9409011	NC_064214.1	9409011	4.510
NC_064214.1_9504326	NC_064214.1	9504326	-4.345
NC_064214.1_9969421	NC_064214.1	9969421	-4.065
NC_064214.1_9997636	NC_064214.1	9997636	4.243
NC_064214.1_10293403	NC_064214.1	10293403	-4.103
NC_064214.1_10553458	NC_064214.1	10553458	-4.060
NC_064214.1_10655207	NC_064214.1	10655207	-4.286
NC_064214.1_10828888	NC_064214.1	10828888	4.576
NC_064214.1_10849830	NC_064214.1	10849830	4.226
NC_064214.1_11058952	NC_064214.1	11058952	4.004
NC_064214.1_11159936	NC_064214.1	11159936	4.322
NC_064214.1_11277891	NC_064214.1	11277891	4.155
NC_064214.1_11388281	NC_064214.1	11388281	4.414
NC_064214.1_11559786	NC_064214.1	11559786	-4.188
NC_064214.1_11726785	NC_064214.1	11726785	-4.667
NC_064214.1_11733775	NC_064214.1	11733775	-4.125
NC_064214.1_11839083	NC_064214.1	11839083	4.068
NC_064214.1_11839085	NC_064214.1	11839085	4.099
NC_064214.1_11917906	NC_064214.1	11917906	-4.009
NC_064214.1_12285089	NC_064214.1	12285089	4.581
NC_064214.1_12327178	NC_064214.1	12327178	-4.302
NC_064214.1_12486599	NC_064214.1	12486599	-4.435
NC_064214.1_12540988	NC_064214.1	12540988	-4.256
NC_064215.1_26512	NC_064215.1	26512	4.391
NC_064215.1_325960	NC_064215.1	325960	4.574
NC_064215.1_388427	NC_064215.1	388427	4.116
NC_064215.1_388435	NC_064215.1	388435	-4.073
NC_064215.1_389105	NC_064215.1	389105	-4.194
NC_064215.1_392211	NC_064215.1	392211	4.071
NC_064215.1_421372	NC_064215.1	421372	4.025
NC_064215.1_433667	NC_064215.1	433667	-4.061
NC_064215.1_433670	NC_064215.1	433670	-4.020
NC_064215.1_434641	NC_064215.1	434641	-4.465
NC_064215.1_434670	NC_064215.1	434670	-4.635
NC_064215.1_434677	NC_064215.1	434677	5.115
NC_064215.1_434692	NC_064215.1	434692	4.409
NC_064215.1_442002	NC_064215.1	442002	-4.005
NC_064215.1_442003	NC_064215.1	442003	-4.477
NC_064215.1_451979	NC_064215.1	451979	-5.162
NC_064215.1_451980	NC_064215.1	451980	-4.820
NC_064215.1_451990	NC_064215.1	451990	4.851
NC_064215.1_460962	NC_064215.1	460962	4.056
NC_064215.1_515839	NC_064215.1	515839	-4.243
NC_064215.1_530208	NC_064215.1	530208	-4.535
NC_064215.1_536567	NC_064215.1	536567	4.678
NC_064215.1_548210	NC_064215.1	548210	-4.071
NC_064215.1_556113	NC_064215.1	556113	4.793
NC_064215.1_556192	NC_064215.1	556192	-4.140
NC_064215.1_559227	NC_064215.1	559227	-4.926
NC_064215.1_559247	NC_064215.1	559247	4.857
NC_064215.1_559250	NC_064215.1	559250	-4.324
NC_064215.1_619835	NC_064215.1	619835	-4.354
NC_064215.1_648407	NC_064215.1	648407	-4.073
NC_064215.1_712622	NC_064215.1	712622	-4.231
NC_064215.1_1324568	NC_064215.1	1324568	-4.350
NC_064215.1_1332972	NC_064215.1	1332972	-4.986
NC_064215.1_1341206	NC_064215.1	1341206	-4.294
NC_064215.1_1390449	NC_064215.1	1390449	-4.465
NC_064215.1_1484903	NC_064215.1	1484903	-5.000
NC_064215.1_1533241	NC_064215.1	1533241	-4.473
NC_064215.1_1534007	NC_064215.1	1534007	-4.280
NC_064215.1_1536073	NC_064215.1	1536073	-4.133
NC_064215.1_1586984	NC_064215.1	1586984	4.332
NC_064215.1_1639227	NC_064215.1	1639227	-4.047
NC_064215.1_1677618	NC_064215.1	1677618	-4.125
NC_064215.1_1717492	NC_064215.1	1717492	-4.346
NC_064215.1_1927200	NC_064215.1	1927200	-4.058
NC_064215.1_2275932	NC_064215.1	2275932	4.055
NC_064215.1_2351870	NC_064215.1	2351870	-5.551
NC_064215.1_2574558	NC_064215.1	2574558	-4.758
NC_064215.1_2723014	NC_064215.1	2723014	-4.076
NC_064215.1_2798357	NC_064215.1	2798357	-4.014
NC_064215.1_2834952	NC_064215.1	2834952	-4.913
NC_064215.1_2921793	NC_064215.1	2921793	-4.037
NC_064215.1_2974888	NC_064215.1	2974888	-4.374
NC_064215.1_3040740	NC_064215.1	3040740	-4.608
NC_064215.1_3186947	NC_064215.1	3186947	4.265
NC_064215.1_3195681	NC_064215.1	3195681	-4.745
NC_064215.1_3260652	NC_064215.1	3260652	4.379
NC_064215.1_3814549	NC_064215.1	3814549	-5.577
NC_064215.1_3893291	NC_064215.1	3893291	4.466
NC_064215.1_3961142	NC_064215.1	3961142	-4.747
NC_064215.1_4085139	NC_064215.1	4085139	4.115
NC_064215.1_4262119	NC_064215.1	4262119	-4.901
NC_064215.1_4317274	NC_064215.1	4317274	-4.122
NC_064215.1_4336891	NC_064215.1	4336891	-4.131
NC_064215.1_4356015	NC_064215.1	4356015	4.314
NC_064215.1_4423044	NC_064215.1	4423044	4.057
NC_064215.1_4527790	NC_064215.1	4527790	-4.035
NC_064215.1_4828131	NC_064215.1	4828131	4.154
NC_064215.1_4896251	NC_064215.1	4896251	4.622
NC_064215.1_4921976	NC_064215.1	4921976	-4.685
NC_064215.1_4958400	NC_064215.1	4958400	4.020
NC_064215.1_5022877	NC_064215.1	5022877	-4.392
NC_064215.1_5037369	NC_064215.1	5037369	4.019
NC_064215.1_5095917	NC_064215.1	5095917	-4.260
NC_064215.1_5202071	NC_064215.1	5202071	-4.063
NC_064215.1_5202959	NC_064215.1	5202959	-4.052
NC_064215.1_5707160	NC_064215.1	5707160	4.702
NC_064215.1_5738427	NC_064215.1	5738427	4.394
NC_064215.1_5888622	NC_064215.1	5888622	-4.426
NC_064215.1_6047454	NC_064215.1	6047454	4.077
NC_064215.1_6179100	NC_064215.1	6179100	-4.732
NC_064215.1_6289709	NC_064215.1	6289709	-4.286
NC_064215.1_6353407	NC_064215.1	6353407	-4.257
NC_064215.1_6431931	NC_064215.1	6431931	-4.046
NC_064215.1_6473948	NC_064215.1	6473948	4.163
NC_064215.1_6481243	NC_064215.1	6481243	-4.185
NC_064215.1_6655609	NC_064215.1	6655609	4.043
NC_064215.1_6919447	NC_064215.1	6919447	-4.289
NC_064215.1_6944506	NC_064215.1	6944506	4.143
NC_064215.1_7308178	NC_064215.1	7308178	4.111
NC_064215.1_7422683	NC_064215.1	7422683	4.466
NC_064215.1_7450327	NC_064215.1	7450327	-4.234
NC_064215.1_7462822	NC_064215.1	7462822	-4.151
NC_064215.1_7642119	NC_064215.1	7642119	4.107
NC_064215.1_7762029	NC_064215.1	7762029	-4.085
NC_064215.1_7811466	NC_064215.1	7811466	-4.508
NC_064215.1_8056122	NC_064215.1	8056122	4.109
NC_064215.1_8236401	NC_064215.1	8236401	-4.077
NC_064215.1_8236405	NC_064215.1	8236405	-4.512
NC_064215.1_8406763	NC_064215.1	8406763	4.363
NC_064215.1_8429562	NC_064215.1	8429562	4.279
NC_064215.1_8483621	NC_064215.1	8483621	-4.020
NC_064215.1_8514203	NC_064215.1	8514203	-4.842
NC_064215.1_8733094	NC_064215.1	8733094	4.299
NC_064215.1_8810402	NC_064215.1	8810402	4.022
NC_064215.1_8810408	NC_064215.1	8810408	4.057
NC_064215.1_8847680	NC_064215.1	8847680	-4.346
NC_064215.1_9326424	NC_064215.1	9326424	-4.340
NC_064215.1_9803846	NC_064215.1	9803846	-4.189
NC_064215.1_9807179	NC_064215.1	9807179	-4.162
NC_064215.1_9816612	NC_064215.1	9816612	-4.516
NC_064215.1_9939712	NC_064215.1	9939712	-4.366
NC_064215.1_9987363	NC_064215.1	9987363	4.162
NC_064215.1_9999805	NC_064215.1	9999805	4.209
NC_064215.1_10402619	NC_064215.1	10402619	-4.064
NC_064215.1_10453659	NC_064215.1	10453659	-4.607
NC_064215.1_10697684	NC_064215.1	10697684	-4.618
NC_064215.1_10895693	NC_064215.1	10895693	-4.718
NC_064215.1_10933805	NC_064215.1	10933805	-4.086
NC_064215.1_11017107	NC_064215.1	11017107	-4.249
NC_064215.1_11051406	NC_064215.1	11051406	4.456
NC_064215.1_11051420	NC_064215.1	11051420	4.935
NC_064215.1_11053825	NC_064215.1	11053825	4.276
NC_064215.1_11061572	NC_064215.1	11061572	4.116
NC_064215.1_11097447	NC_064215.1	11097447	4.197
NC_064215.1_11324199	NC_064215.1	11324199	-4.095
NC_064215.1_11751411	NC_064215.1	11751411	-4.705
NC_064215.1_11885148	NC_064215.1	11885148	-4.112
NC_064215.1_12303195	NC_064215.1	12303195	-4.210
NC_064215.1_12357994	NC_064215.1	12357994	-4.396
NC_064215.1_12374128	NC_064215.1	12374128	-4.425
NC_064215.1_12398158	NC_064215.1	12398158	-4.035
NC_064215.1_12402746	NC_064215.1	12402746	-4.114
NC_064215.1_12523592	NC_064215.1	12523592	-4.359
NC_064215.1_12544497	NC_064215.1	12544497	4.528
NC_064215.1_12555011	NC_064215.1	12555011	4.189
NC_064216.1_103240	NC_064216.1	103240	4.140
NC_064216.1_114741	NC_064216.1	114741	-4.157
NC_064216.1_145583	NC_064216.1	145583	-4.247
NC_064216.1_222963	NC_064216.1	222963	-4.311
NC_064216.1_224717	NC_064216.1	224717	-4.102
NC_064216.1_251269	NC_064216.1	251269	4.092
NC_064216.1_315796	NC_064216.1	315796	5.086
NC_064216.1_328343	NC_064216.1	328343	-4.338
NC_064216.1_330834	NC_064216.1	330834	-4.578
NC_064216.1_422930	NC_064216.1	422930	-4.101
NC_064216.1_457233	NC_064216.1	457233	4.245
NC_064216.1_585501	NC_064216.1	585501	4.329
NC_064216.1_780756	NC_064216.1	780756	-4.713
NC_064216.1_780760	NC_064216.1	780760	-5.061
NC_064216.1_780770	NC_064216.1	780770	-4.651
NC_064216.1_937029	NC_064216.1	937029	4.151
NC_064216.1_949730	NC_064216.1	949730	-4.002
NC_064216.1_960298	NC_064216.1	960298	4.119
NC_064216.1_1191735	NC_064216.1	1191735	4.539
NC_064216.1_1191789	NC_064216.1	1191789	-4.246
NC_064216.1_1240759	NC_064216.1	1240759	-4.669
NC_064216.1_1263015	NC_064216.1	1263015	-4.141
NC_064216.1_1263016	NC_064216.1	1263016	-4.227
NC_064216.1_1337621	NC_064216.1	1337621	4.096
NC_064216.1_1381489	NC_064216.1	1381489	4.072
NC_064216.1_1627667	NC_064216.1	1627667	-4.545
NC_064216.1_1768327	NC_064216.1	1768327	4.158
NC_064216.1_1768353	NC_064216.1	1768353	-4.135
NC_064216.1_1790692	NC_064216.1	1790692	4.314
NC_064216.1_1993420	NC_064216.1	1993420	4.000
NC_064216.1_2116104	NC_064216.1	2116104	-4.058
NC_064216.1_2492710	NC_064216.1	2492710	4.271
NC_064216.1_2635705	NC_064216.1	2635705	4.337
NC_064216.1_2691257	NC_064216.1	2691257	-4.058
NC_064216.1_2839756	NC_064216.1	2839756	4.065
NC_064216.1_2928971	NC_064216.1	2928971	-4.001
NC_064216.1_3127587	NC_064216.1	3127587	-4.034
NC_064216.1_3185256	NC_064216.1	3185256	4.071
NC_064216.1_3210959	NC_064216.1	3210959	4.035
NC_064216.1_3210962	NC_064216.1	3210962	-4.042
NC_064216.1_3267134	NC_064216.1	3267134	-4.961
NC_064216.1_3297646	NC_064216.1	3297646	-4.325
NC_064216.1_3494980	NC_064216.1	3494980	-4.402
NC_064216.1_3546598	NC_064216.1	3546598	-4.085
NC_064216.1_3581111	NC_064216.1	3581111	-4.274
NC_064216.1_3602705	NC_064216.1	3602705	-4.468
NC_064216.1_3662891	NC_064216.1	3662891	4.201
NC_064216.1_3723855	NC_064216.1	3723855	4.488
NC_064216.1_3755266	NC_064216.1	3755266	-4.015
NC_064216.1_3888186	NC_064216.1	3888186	-4.001
NC_064216.1_4199068	NC_064216.1	4199068	4.420
NC_064216.1_4354224	NC_064216.1	4354224	4.521
NC_064216.1_4354225	NC_064216.1	4354225	4.051
NC_064216.1_4778146	NC_064216.1	4778146	4.388
NC_064216.1_4798615	NC_064216.1	4798615	4.336
NC_064216.1_4798897	NC_064216.1	4798897	-4.411
NC_064216.1_4809257	NC_064216.1	4809257	4.582
NC_064216.1_4811705	NC_064216.1	4811705	4.162
NC_064216.1_4864942	NC_064216.1	4864942	-4.032
NC_064216.1_4884381	NC_064216.1	4884381	4.096
NC_064216.1_5252690	NC_064216.1	5252690	-4.684
NC_064216.1_5270456	NC_064216.1	5270456	-4.245
NC_064216.1_5532284	NC_064216.1	5532284	4.605
NC_064216.1_6271959	NC_064216.1	6271959	-4.253
NC_064216.1_6382484	NC_064216.1	6382484	4.172
NC_064216.1_6438531	NC_064216.1	6438531	4.136
NC_064216.1_6523688	NC_064216.1	6523688	4.482
NC_064216.1_6736230	NC_064216.1	6736230	-4.394
NC_064216.1_6827876	NC_064216.1	6827876	-4.353
NC_064216.1_6950265	NC_064216.1	6950265	-4.060
NC_064216.1_7134187	NC_064216.1	7134187	-4.040
NC_064216.1_7599037	NC_064216.1	7599037	-4.295
NC_064216.1_7599083	NC_064216.1	7599083	4.190
NC_064216.1_7717848	NC_064216.1	7717848	4.541
NC_064216.1_7720054	NC_064216.1	7720054	4.091
NC_064216.1_7798910	NC_064216.1	7798910	-4.592
NC_064216.1_7937763	NC_064216.1	7937763	4.891
NC_064216.1_8097211	NC_064216.1	8097211	-4.345
NC_064216.1_8140165	NC_064216.1	8140165	4.093
NC_064216.1_8157986	NC_064216.1	8157986	-4.032
NC_064216.1_8158024	NC_064216.1	8158024	-4.101
NC_064216.1_8235536	NC_064216.1	8235536	-4.033
NC_064216.1_8413163	NC_064216.1	8413163	-4.175
NC_064216.1_8555823	NC_064216.1	8555823	4.208
NC_064216.1_9072341	NC_064216.1	9072341	-4.353
NC_064216.1_9080006	NC_064216.1	9080006	-4.014
NC_064216.1_9139524	NC_064216.1	9139524	4.111
NC_064216.1_9190839	NC_064216.1	9190839	-4.481
NC_064216.1_9844827	NC_064216.1	9844827	-4.077
NC_064216.1_9877284	NC_064216.1	9877284	-4.071
NC_064216.1_9895356	NC_064216.1	9895356	-4.084
NC_064216.1_9946083	NC_064216.1	9946083	4.765
NC_064216.1_10038484	NC_064216.1	10038484	-4.208
NC_064216.1_10058120	NC_064216.1	10058120	-4.105
NC_064216.1_10062560	NC_064216.1	10062560	-4.801
NC_064216.1_10227404	NC_064216.1	10227404	4.030
NC_064216.1_10234848	NC_064216.1	10234848	-4.287
NC_064216.1_10286168	NC_064216.1	10286168	4.109
NC_064216.1_10350195	NC_064216.1	10350195	-4.068
NC_064216.1_10474879	NC_064216.1	10474879	4.537
NC_064216.1_10614638	NC_064216.1	10614638	-4.226
NC_064216.1_10956788	NC_064216.1	10956788	4.069
NC_064216.1_11126703	NC_064216.1	11126703	4.024
NC_064216.1_11245466	NC_064216.1	11245466	-4.056
NC_064216.1_11408809	NC_064216.1	11408809	-4.169
NC_064216.1_11600600	NC_064216.1	11600600	4.003
NC_064216.1_11601456	NC_064216.1	11601456	-4.408
NC_064216.1_11663680	NC_064216.1	11663680	-4.586
NC_064216.1_11674311	NC_064216.1	11674311	-4.470
NC_064216.1_11730486	NC_064216.1	11730486	5.007
NC_064216.1_11832657	NC_064216.1	11832657	-4.015
NC_064216.1_12200112	NC_064216.1	12200112	-4.337
NC_064216.1_12302278	NC_064216.1	12302278	-4.171
NC_064216.1_12316966	NC_064216.1	12316966	-4.402
NC_064216.1_12377266	NC_064216.1	12377266	4.497
NC_064217.1_128985	NC_064217.1	128985	4.161
NC_064217.1_217578	NC_064217.1	217578	4.208
NC_064217.1_220946	NC_064217.1	220946	-4.160
NC_064217.1_238837	NC_064217.1	238837	-4.915
NC_064217.1_448720	NC_064217.1	448720	4.408
NC_064217.1_481175	NC_064217.1	481175	4.227
NC_064217.1_513280	NC_064217.1	513280	-4.161
NC_064217.1_567197	NC_064217.1	567197	-4.496
NC_064217.1_606797	NC_064217.1	606797	4.154
NC_064217.1_607566	NC_064217.1	607566	-4.008
NC_064217.1_690542	NC_064217.1	690542	-4.088
NC_064217.1_695548	NC_064217.1	695548	-4.018
NC_064217.1_704384	NC_064217.1	704384	-4.042
NC_064217.1_785928	NC_064217.1	785928	4.216
NC_064217.1_1109551	NC_064217.1	1109551	4.286
NC_064217.1_1793081	NC_064217.1	1793081	-4.013
NC_064217.1_2197574	NC_064217.1	2197574	-4.268
NC_064217.1_2360922	NC_064217.1	2360922	-4.165
NC_064217.1_2386200	NC_064217.1	2386200	-4.589
NC_064217.1_2527389	NC_064217.1	2527389	-4.444
NC_064217.1_3157272	NC_064217.1	3157272	-4.675
NC_064217.1_3410596	NC_064217.1	3410596	-4.563
NC_064217.1_3410627	NC_064217.1	3410627	-4.516
NC_064217.1_3560534	NC_064217.1	3560534	-4.439
NC_064217.1_3671430	NC_064217.1	3671430	-4.128
NC_064217.1_4102553	NC_064217.1	4102553	-4.034
NC_064217.1_4141921	NC_064217.1	4141921	-4.254
NC_064217.1_4533096	NC_064217.1	4533096	-4.006
NC_064217.1_4615559	NC_064217.1	4615559	4.465
NC_064217.1_4615562	NC_064217.1	4615562	4.043
NC_064217.1_4616126	NC_064217.1	4616126	4.252
NC_064217.1_5368000	NC_064217.1	5368000	-4.044
NC_064217.1_5368003	NC_064217.1	5368003	-4.018
NC_064217.1_5420477	NC_064217.1	5420477	-4.352
NC_064217.1_6043631	NC_064217.1	6043631	-4.312
NC_064217.1_6112461	NC_064217.1	6112461	4.652
NC_064217.1_6269734	NC_064217.1	6269734	4.378
NC_064217.1_6269741	NC_064217.1	6269741	5.145
NC_064217.1_6296693	NC_064217.1	6296693	-4.161
NC_064217.1_6501567	NC_064217.1	6501567	-4.317
NC_064217.1_6532854	NC_064217.1	6532854	5.080
NC_064217.1_6999523	NC_064217.1	6999523	4.503
NC_064217.1_7642264	NC_064217.1	7642264	-4.295
NC_064217.1_7700210	NC_064217.1	7700210	-4.329
NC_064217.1_7908632	NC_064217.1	7908632	-4.621
NC_064217.1_8057873	NC_064217.1	8057873	4.290
NC_064217.1_8089161	NC_064217.1	8089161	-4.776
NC_064217.1_8110722	NC_064217.1	8110722	4.506
NC_064217.1_8151750	NC_064217.1	8151750	4.679
NC_064217.1_8172580	NC_064217.1	8172580	4.117
NC_064217.1_8462628	NC_064217.1	8462628	4.574
NC_064217.1_8560265	NC_064217.1	8560265	4.036
NC_064217.1_8566984	NC_064217.1	8566984	-4.010
NC_064217.1_8657866	NC_064217.1	8657866	5.006
NC_064217.1_8776086	NC_064217.1	8776086	4.221
NC_064217.1_8865722	NC_064217.1	8865722	-4.293
NC_064217.1_9285577	NC_064217.1	9285577	-4.458
NC_064217.1_9531213	NC_064217.1	9531213	4.357
NC_064217.1_9579404	NC_064217.1	9579404	-4.411
NC_064217.1_9579503	NC_064217.1	9579503	-4.096
NC_064217.1_9615986	NC_064217.1	9615986	-4.769
NC_064217.1_9705959	NC_064217.1	9705959	-4.052
NC_064217.1_9851348	NC_064217.1	9851348	4.637
NC_064217.1_10081728	NC_064217.1	10081728	-4.574
NC_064217.1_10082523	NC_064217.1	10082523	-4.208
NC_064217.1_10137650	NC_064217.1	10137650	4.717
NC_064217.1_10339260	NC_064217.1	10339260	4.502
NC_064217.1_10382009	NC_064217.1	10382009	-4.399
NC_064217.1_10383306	NC_064217.1	10383306	-4.790
NC_064217.1_10463702	NC_064217.1	10463702	4.260
NC_064217.1_10540415	NC_064217.1	10540415	-4.280
NC_064217.1_10569333	NC_064217.1	10569333	4.028
NC_064217.1_10909165	NC_064217.1	10909165	-4.111
NC_064217.1_10990467	NC_064217.1	10990467	4.004
NC_064217.1_11026302	NC_064217.1	11026302	4.525
NC_064217.1_11105053	NC_064217.1	11105053	-4.027
NC_064217.1_11141675	NC_064217.1	11141675	-4.229
NC_064217.1_11210232	NC_064217.1	11210232	-4.596
NC_064217.1_11402917	NC_064217.1	11402917	-4.487
NC_064217.1_11524243	NC_064217.1	11524243	4.575
NC_064217.1_11579299	NC_064217.1	11579299	4.192
NC_064217.1_11595146	NC_064217.1	11595146	4.223
NC_064217.1_11770306	NC_064217.1	11770306	-4.295
NC_064217.1_11867405	NC_064217.1	11867405	-4.037
NC_064217.1_11993698	NC_064217.1	11993698	-4.064
NC_064217.1_12075186	NC_064217.1	12075186	-4.247
NC_064217.1_12240187	NC_064217.1	12240187	4.290
NC_064217.1_12885503	NC_064217.1	12885503	-4.298
NC_064217.1_12954044	NC_064217.1	12954044	-4.275
NC_064217.1_13009797	NC_064217.1	13009797	-4.294
NC_064217.1_13172989	NC_064217.1	13172989	-4.193
NC_064217.1_13174852	NC_064217.1	13174852	-4.181
NC_064218.1_148276	NC_064218.1	148276	-4.054
NC_064218.1_155430	NC_064218.1	155430	-4.411
NC_064218.1_549838	NC_064218.1	549838	4.624
NC_064218.1_667279	NC_064218.1	667279	4.157
NC_064218.1_831647	NC_064218.1	831647	4.017
NC_064218.1_869622	NC_064218.1	869622	-4.087
NC_064218.1_890361	NC_064218.1	890361	-4.014
NC_064218.1_934112	NC_064218.1	934112	-4.536
NC_064218.1_1019296	NC_064218.1	1019296	-4.084
NC_064218.1_1065120	NC_064218.1	1065120	4.126
NC_064218.1_1069337	NC_064218.1	1069337	4.079
NC_064218.1_1107411	NC_064218.1	1107411	4.236
NC_064218.1_1162956	NC_064218.1	1162956	4.386
NC_064218.1_1196431	NC_064218.1	1196431	4.817
NC_064218.1_1203627	NC_064218.1	1203627	4.282
NC_064218.1_1279617	NC_064218.1	1279617	4.309
NC_064218.1_1343508	NC_064218.1	1343508	4.330
NC_064218.1_1343517	NC_064218.1	1343517	4.718
NC_064218.1_1343518	NC_064218.1	1343518	4.701
NC_064218.1_1343519	NC_064218.1	1343519	4.568
NC_064218.1_1386697	NC_064218.1	1386697	-5.543
NC_064218.1_1779045	NC_064218.1	1779045	5.278
NC_064218.1_1954593	NC_064218.1	1954593	4.397
NC_064218.1_2013658	NC_064218.1	2013658	4.160
NC_064218.1_2013659	NC_064218.1	2013659	-4.028
NC_064218.1_2570626	NC_064218.1	2570626	4.135
NC_064218.1_2607929	NC_064218.1	2607929	4.161
NC_064218.1_2656499	NC_064218.1	2656499	-4.106
NC_064218.1_2676651	NC_064218.1	2676651	4.988
NC_064218.1_2706105	NC_064218.1	2706105	-4.097
NC_064218.1_2711287	NC_064218.1	2711287	-4.884
NC_064218.1_2724559	NC_064218.1	2724559	-4.262
NC_064218.1_2847042	NC_064218.1	2847042	-5.029
NC_064218.1_2891515	NC_064218.1	2891515	4.088
NC_064218.1_2893115	NC_064218.1	2893115	-4.241
NC_064218.1_3050715	NC_064218.1	3050715	4.106
NC_064218.1_3513139	NC_064218.1	3513139	4.060
NC_064218.1_3811454	NC_064218.1	3811454	-4.604
NC_064218.1_3811457	NC_064218.1	3811457	-4.756
NC_064218.1_3818454	NC_064218.1	3818454	-4.044
NC_064218.1_3851042	NC_064218.1	3851042	-4.024
NC_064218.1_3939944	NC_064218.1	3939944	-4.030
NC_064218.1_4055795	NC_064218.1	4055795	-4.000
NC_064218.1_4141459	NC_064218.1	4141459	4.087
NC_064218.1_4673756	NC_064218.1	4673756	4.130
NC_064218.1_4964106	NC_064218.1	4964106	-4.033
NC_064218.1_5075349	NC_064218.1	5075349	-5.707
NC_064218.1_5075351	NC_064218.1	5075351	-4.012
NC_064218.1_5093129	NC_064218.1	5093129	-4.173
NC_064218.1_5106825	NC_064218.1	5106825	4.123
NC_064218.1_5106829	NC_064218.1	5106829	4.534
NC_064218.1_5132262	NC_064218.1	5132262	-4.598
NC_064218.1_5170803	NC_064218.1	5170803	-4.177
NC_064218.1_5184275	NC_064218.1	5184275	-4.026
NC_064218.1_5266739	NC_064218.1	5266739	-4.166
NC_064218.1_5474789	NC_064218.1	5474789	4.382
NC_064218.1_5474824	NC_064218.1	5474824	4.299
NC_064218.1_5513893	NC_064218.1	5513893	-4.232
NC_064218.1_5533632	NC_064218.1	5533632	4.057
NC_064218.1_5533739	NC_064218.1	5533739	4.193
NC_064218.1_5533864	NC_064218.1	5533864	-4.027
NC_064218.1_5647223	NC_064218.1	5647223	4.150
NC_064218.1_5846338	NC_064218.1	5846338	-4.171
NC_064218.1_5908217	NC_064218.1	5908217	-4.491
NC_064218.1_5919226	NC_064218.1	5919226	4.199
NC_064218.1_5941588	NC_064218.1	5941588	4.070
NC_064218.1_6017418	NC_064218.1	6017418	-4.045
NC_064218.1_6021253	NC_064218.1	6021253	-4.016
NC_064218.1_6055682	NC_064218.1	6055682	-4.732
NC_064218.1_6140464	NC_064218.1	6140464	4.030
NC_064218.1_6159104	NC_064218.1	6159104	4.061
NC_064218.1_6159143	NC_064218.1	6159143	4.163
NC_064218.1_6373544	NC_064218.1	6373544	4.340
NC_064218.1_6762793	NC_064218.1	6762793	4.366
NC_064218.1_7102422	NC_064218.1	7102422	-4.094
NC_064218.1_7108438	NC_064218.1	7108438	4.022
NC_064218.1_7162933	NC_064218.1	7162933	-4.225
NC_064218.1_7162941	NC_064218.1	7162941	-4.174
NC_064218.1_7176506	NC_064218.1	7176506	-4.029
NC_064218.1_7259844	NC_064218.1	7259844	-4.212
NC_064218.1_7278073	NC_064218.1	7278073	-4.107
NC_064218.1_7346220	NC_064218.1	7346220	-4.131
NC_064218.1_7470448	NC_064218.1	7470448	4.120
NC_064218.1_7634867	NC_064218.1	7634867	-4.054
NC_064218.1_7662912	NC_064218.1	7662912	-4.102
NC_064218.1_7699867	NC_064218.1	7699867	-4.228
NC_064218.1_8492344	NC_064218.1	8492344	4.353
NC_064218.1_8678495	NC_064218.1	8678495	-4.036
NC_064218.1_8788060	NC_064218.1	8788060	-4.446
NC_064218.1_8789542	NC_064218.1	8789542	-4.120
NC_064218.1_8791113	NC_064218.1	8791113	-4.345
NC_064218.1_9070940	NC_064218.1	9070940	-4.430
NC_064218.1_9070943	NC_064218.1	9070943	-4.512
NC_064218.1_9070946	NC_064218.1	9070946	-4.896
NC_064218.1_9070949	NC_064218.1	9070949	-4.272
NC_064218.1_9109500	NC_064218.1	9109500	-4.654
NC_064218.1_9486125	NC_064218.1	9486125	-4.059
NC_064218.1_9566704	NC_064218.1	9566704	4.237
NC_064218.1_9567194	NC_064218.1	9567194	-4.093
NC_064218.1_9571323	NC_064218.1	9571323	4.110
NC_064218.1_9580076	NC_064218.1	9580076	4.146
NC_064218.1_9621682	NC_064218.1	9621682	-4.482
NC_064218.1_9621966	NC_064218.1	9621966	4.123
NC_064218.1_9688178	NC_064218.1	9688178	4.010
NC_064218.1_10032508	NC_064218.1	10032508	-4.078
NC_064218.1_10134128	NC_064218.1	10134128	4.183
NC_064218.1_10169484	NC_064218.1	10169484	4.805
NC_064218.1_10169485	NC_064218.1	10169485	4.793
NC_064218.1_10409606	NC_064218.1	10409606	-4.156
NC_064218.1_10436442	NC_064218.1	10436442	-4.167
NC_064218.1_10546967	NC_064218.1	10546967	-4.681
NC_064218.1_10585466	NC_064218.1	10585466	4.017
NC_064218.1_10604584	NC_064218.1	10604584	-4.089
NC_064218.1_10912386	NC_064218.1	10912386	-4.032
NC_064218.1_10987798	NC_064218.1	10987798	-4.041
NC_064218.1_11313618	NC_064218.1	11313618	-5.289
NC_064218.1_11362915	NC_064218.1	11362915	4.048
NC_064218.1_11499009	NC_064218.1	11499009	4.480
NC_064218.1_11575694	NC_064218.1	11575694	-4.036
NC_064218.1_11582131	NC_064218.1	11582131	4.266
NC_064218.1_11765532	NC_064218.1	11765532	-4.326
NC_064218.1_11850811	NC_064218.1	11850811	4.156
NC_064218.1_11896178	NC_064218.1	11896178	4.322
NC_064218.1_11896179	NC_064218.1	11896179	4.087
NC_064218.1_12056689	NC_064218.1	12056689	-4.182
NC_064218.1_12150658	NC_064218.1	12150658	4.340
NC_064218.1_12161019	NC_064218.1	12161019	-4.071
NC_064218.1_12315419	NC_064218.1	12315419	-5.015
NC_064218.1_12386268	NC_064218.1	12386268	-4.302
NC_064218.1_12390947	NC_064218.1	12390947	-4.341
NC_064219.1_245901	NC_064219.1	245901	-4.147
NC_064219.1_272790	NC_064219.1	272790	-4.015
NC_064219.1_272791	NC_064219.1	272791	-4.010
NC_064219.1_361032	NC_064219.1	361032	-4.005
NC_064219.1_439649	NC_064219.1	439649	-4.120
NC_064219.1_564940	NC_064219.1	564940	-4.545
NC_064219.1_1029134	NC_064219.1	1029134	-4.042
NC_064219.1_1047633	NC_064219.1	1047633	4.681
NC_064219.1_1108206	NC_064219.1	1108206	4.063
NC_064219.1_1218568	NC_064219.1	1218568	4.586
NC_064219.1_1264935	NC_064219.1	1264935	4.304
NC_064219.1_1318423	NC_064219.1	1318423	4.724
NC_064219.1_1411907	NC_064219.1	1411907	4.062
NC_064219.1_2034563	NC_064219.1	2034563	4.030
NC_064219.1_2371361	NC_064219.1	2371361	-4.115
NC_064219.1_2422783	NC_064219.1	2422783	-4.088
NC_064219.1_2423174	NC_064219.1	2423174	-4.435
NC_064219.1_2493349	NC_064219.1	2493349	-4.247
NC_064219.1_2636126	NC_064219.1	2636126	-4.340
NC_064219.1_2749325	NC_064219.1	2749325	-4.071
NC_064219.1_2989548	NC_064219.1	2989548	5.359
NC_064219.1_2989550	NC_064219.1	2989550	5.041
NC_064219.1_2989558	NC_064219.1	2989558	5.568
NC_064219.1_3355818	NC_064219.1	3355818	-4.763
NC_064219.1_3356277	NC_064219.1	3356277	4.042
NC_064219.1_3644044	NC_064219.1	3644044	-4.291
NC_064219.1_3654321	NC_064219.1	3654321	-4.345
NC_064219.1_3698585	NC_064219.1	3698585	4.234
NC_064219.1_3698586	NC_064219.1	3698586	4.342
NC_064219.1_3838463	NC_064219.1	3838463	-4.004
NC_064219.1_3838470	NC_064219.1	3838470	-4.042
NC_064219.1_3838480	NC_064219.1	3838480	-4.238
NC_064219.1_4105896	NC_064219.1	4105896	4.359
NC_064219.1_4108125	NC_064219.1	4108125	4.153
NC_064219.1_4443926	NC_064219.1	4443926	-4.180
NC_064219.1_4465754	NC_064219.1	4465754	4.130
NC_064219.1_4469015	NC_064219.1	4469015	-4.400
NC_064219.1_4504433	NC_064219.1	4504433	-4.111
NC_064219.1_4580322	NC_064219.1	4580322	-4.087
NC_064219.1_4606404	NC_064219.1	4606404	-4.012
NC_064219.1_4608018	NC_064219.1	4608018	4.394
NC_064219.1_4709303	NC_064219.1	4709303	-4.171
NC_064219.1_4870941	NC_064219.1	4870941	-4.123
NC_064219.1_4990615	NC_064219.1	4990615	-4.073
NC_064219.1_5043644	NC_064219.1	5043644	-4.097
NC_064219.1_5119298	NC_064219.1	5119298	-4.384
NC_064219.1_5149836	NC_064219.1	5149836	5.468
NC_064219.1_5155295	NC_064219.1	5155295	-4.060
NC_064219.1_5264275	NC_064219.1	5264275	-4.167
NC_064219.1_5342856	NC_064219.1	5342856	-4.558
NC_064219.1_5344109	NC_064219.1	5344109	-4.701
NC_064219.1_5598918	NC_064219.1	5598918	-4.023
NC_064219.1_5760455	NC_064219.1	5760455	4.176
NC_064219.1_5785200	NC_064219.1	5785200	-4.018
NC_064219.1_5837162	NC_064219.1	5837162	4.004
NC_064219.1_5856253	NC_064219.1	5856253	-4.120
NC_064219.1_6049276	NC_064219.1	6049276	4.212
NC_064219.1_6232856	NC_064219.1	6232856	-4.577
NC_064219.1_6265279	NC_064219.1	6265279	-4.222
NC_064219.1_6422084	NC_064219.1	6422084	4.278
NC_064219.1_6441620	NC_064219.1	6441620	-4.371
NC_064219.1_6443594	NC_064219.1	6443594	-5.011
NC_064219.1_6457208	NC_064219.1	6457208	-4.006
NC_064219.1_6517669	NC_064219.1	6517669	-4.275
NC_064219.1_6517676	NC_064219.1	6517676	-4.386
NC_064219.1_6636604	NC_064219.1	6636604	-4.063
NC_064219.1_6661538	NC_064219.1	6661538	4.092
NC_064219.1_6695268	NC_064219.1	6695268	4.045
NC_064219.1_6789790	NC_064219.1	6789790	4.462
NC_064219.1_6789910	NC_064219.1	6789910	-4.116
NC_064219.1_6799577	NC_064219.1	6799577	4.673
NC_064219.1_6799584	NC_064219.1	6799584	4.285
NC_064219.1_6799594	NC_064219.1	6799594	4.703
NC_064219.1_6812089	NC_064219.1	6812089	4.183
NC_064219.1_6824035	NC_064219.1	6824035	-4.439
NC_064219.1_6827435	NC_064219.1	6827435	4.060
NC_064219.1_6955791	NC_064219.1	6955791	-4.246
NC_064219.1_6955807	NC_064219.1	6955807	-4.708
NC_064219.1_6964938	NC_064219.1	6964938	-4.076
NC_064219.1_7063008	NC_064219.1	7063008	4.199
NC_064219.1_7129735	NC_064219.1	7129735	4.273
NC_064219.1_7138949	NC_064219.1	7138949	-4.677
NC_064219.1_7184442	NC_064219.1	7184442	-4.651
NC_064219.1_7203793	NC_064219.1	7203793	4.072
NC_064219.1_7263530	NC_064219.1	7263530	-4.557
NC_064219.1_7264953	NC_064219.1	7264953	4.094
NC_064219.1_7269413	NC_064219.1	7269413	-4.346
NC_064219.1_7287940	NC_064219.1	7287940	4.782
NC_064219.1_7401015	NC_064219.1	7401015	-4.228
NC_064219.1_7401242	NC_064219.1	7401242	-4.514
NC_064219.1_7422342	NC_064219.1	7422342	4.230
NC_064219.1_7476220	NC_064219.1	7476220	-4.215
NC_064219.1_7476270	NC_064219.1	7476270	4.493
NC_064219.1_7495479	NC_064219.1	7495479	-4.219
NC_064219.1_7496138	NC_064219.1	7496138	-4.450
NC_064219.1_7496168	NC_064219.1	7496168	-4.690
NC_064219.1_7503532	NC_064219.1	7503532	4.215
NC_064219.1_7515473	NC_064219.1	7515473	-4.268
NC_064219.1_7515474	NC_064219.1	7515474	-4.293
NC_064219.1_7515498	NC_064219.1	7515498	-4.145
NC_064219.1_7515575	NC_064219.1	7515575	-5.157
NC_064219.1_7515737	NC_064219.1	7515737	-4.948
NC_064219.1_7534025	NC_064219.1	7534025	4.288
NC_064219.1_7577705	NC_064219.1	7577705	4.031
NC_064219.1_7767658	NC_064219.1	7767658	4.217
NC_064219.1_7843403	NC_064219.1	7843403	-4.135
NC_064219.1_7895763	NC_064219.1	7895763	-4.088
NC_064219.1_8051245	NC_064219.1	8051245	4.295
NC_064219.1_8278084	NC_064219.1	8278084	4.116
NC_064219.1_8424835	NC_064219.1	8424835	4.046
NC_064219.1_8428504	NC_064219.1	8428504	-4.432
NC_064219.1_8551053	NC_064219.1	8551053	4.102
NC_064219.1_8551090	NC_064219.1	8551090	-4.102
NC_064219.1_8625551	NC_064219.1	8625551	-4.281
NC_064219.1_8642473	NC_064219.1	8642473	-4.051
NC_064219.1_8659509	NC_064219.1	8659509	4.084
NC_064219.1_8698433	NC_064219.1	8698433	-4.300
NC_064219.1_8805206	NC_064219.1	8805206	4.052
NC_064219.1_8835697	NC_064219.1	8835697	-4.470
NC_064219.1_8948183	NC_064219.1	8948183	4.260
NC_064219.1_8952820	NC_064219.1	8952820	-4.414
NC_064219.1_9023822	NC_064219.1	9023822	-4.253
NC_064219.1_9351522	NC_064219.1	9351522	4.016
NC_064219.1_9685671	NC_064219.1	9685671	4.534
NC_064219.1_9983730	NC_064219.1	9983730	4.198
NC_064219.1_10077369	NC_064219.1	10077369	-4.055
NC_064219.1_10393483	NC_064219.1	10393483	4.427
NC_064219.1_10556540	NC_064219.1	10556540	-4.184
NC_064219.1_10704362	NC_064219.1	10704362	4.026
NC_064219.1_10796438	NC_064219.1	10796438	-4.474
NC_064219.1_10861393	NC_064219.1	10861393	4.303
NC_064219.1_10867490	NC_064219.1	10867490	-4.181
NC_064219.1_10882537	NC_064219.1	10882537	4.480
NC_064219.1_10882544	NC_064219.1	10882544	5.074
NC_064219.1_10959937	NC_064219.1	10959937	4.289
NC_064219.1_10960028	NC_064219.1	10960028	-4.131
NC_064219.1_10960239	NC_064219.1	10960239	5.093
NC_064219.1_10960689	NC_064219.1	10960689	4.283
NC_064219.1_10977003	NC_064219.1	10977003	-4.051
NC_064219.1_11056299	NC_064219.1	11056299	4.398
NC_064219.1_11126719	NC_064219.1	11126719	-4.127
NC_064219.1_11157181	NC_064219.1	11157181	-4.145
NC_064219.1_11205744	NC_064219.1	11205744	-4.299
NC_064219.1_11304583	NC_064219.1	11304583	4.363
NC_064219.1_11426018	NC_064219.1	11426018	-4.041
NC_064219.1_11613018	NC_064219.1	11613018	4.012
NC_064219.1_11725817	NC_064219.1	11725817	-4.401
NC_064219.1_11745252	NC_064219.1	11745252	-4.593
NC_064220.1_106497	NC_064220.1	106497	-4.322
NC_064220.1_279635	NC_064220.1	279635	-4.534
NC_064220.1_495772	NC_064220.1	495772	-4.250
NC_064220.1_699419	NC_064220.1	699419	-4.148
NC_064220.1_748173	NC_064220.1	748173	-4.031
NC_064220.1_790325	NC_064220.1	790325	4.863
NC_064220.1_915771	NC_064220.1	915771	4.073
NC_064220.1_1015865	NC_064220.1	1015865	4.420
NC_064220.1_1032289	NC_064220.1	1032289	-4.123
NC_064220.1_1162045	NC_064220.1	1162045	-4.044
NC_064220.1_1216436	NC_064220.1	1216436	4.015
NC_064220.1_1216442	NC_064220.1	1216442	4.420
NC_064220.1_1584692	NC_064220.1	1584692	-4.738
NC_064220.1_1584693	NC_064220.1	1584693	-4.510
NC_064220.1_1697931	NC_064220.1	1697931	4.473
NC_064220.1_1717892	NC_064220.1	1717892	-4.023
NC_064220.1_1787435	NC_064220.1	1787435	4.382
NC_064220.1_1983907	NC_064220.1	1983907	-4.315
NC_064220.1_1988055	NC_064220.1	1988055	4.658
NC_064220.1_2106469	NC_064220.1	2106469	-4.229
NC_064220.1_2118140	NC_064220.1	2118140	4.231
NC_064220.1_2266647	NC_064220.1	2266647	-4.264
NC_064220.1_2266648	NC_064220.1	2266648	-4.468
NC_064220.1_2592843	NC_064220.1	2592843	-4.215
NC_064220.1_2610464	NC_064220.1	2610464	4.177
NC_064220.1_2814421	NC_064220.1	2814421	-4.294
NC_064220.1_2872973	NC_064220.1	2872973	-4.049
NC_064220.1_3113590	NC_064220.1	3113590	4.085
NC_064220.1_3224942	NC_064220.1	3224942	4.851
NC_064220.1_3228096	NC_064220.1	3228096	-4.286
NC_064220.1_3229450	NC_064220.1	3229450	4.365
NC_064220.1_3674179	NC_064220.1	3674179	4.308
NC_064220.1_3674180	NC_064220.1	3674180	4.095
NC_064220.1_3684708	NC_064220.1	3684708	4.104
NC_064220.1_3684710	NC_064220.1	3684710	4.569
NC_064220.1_3697436	NC_064220.1	3697436	4.104
NC_064220.1_3756604	NC_064220.1	3756604	4.103
NC_064220.1_3826481	NC_064220.1	3826481	-4.056
NC_064220.1_3864351	NC_064220.1	3864351	-4.123
NC_064220.1_3884337	NC_064220.1	3884337	-4.389
NC_064220.1_3938336	NC_064220.1	3938336	-4.766
NC_064220.1_3987193	NC_064220.1	3987193	-4.257
NC_064220.1_4187696	NC_064220.1	4187696	4.511
NC_064220.1_4467481	NC_064220.1	4467481	-4.033
NC_064220.1_4472881	NC_064220.1	4472881	-4.023
NC_064220.1_4479385	NC_064220.1	4479385	-4.084
NC_064220.1_4482996	NC_064220.1	4482996	-4.348
NC_064220.1_4542631	NC_064220.1	4542631	-4.106
NC_064220.1_4548809	NC_064220.1	4548809	-4.202
NC_064220.1_4616676	NC_064220.1	4616676	-4.043
NC_064220.1_4706977	NC_064220.1	4706977	-4.553
NC_064220.1_5108170	NC_064220.1	5108170	5.163
NC_064220.1_5140174	NC_064220.1	5140174	-4.034
NC_064220.1_5358585	NC_064220.1	5358585	4.065
NC_064220.1_5410614	NC_064220.1	5410614	4.017
NC_064220.1_5450170	NC_064220.1	5450170	-4.020
NC_064220.1_5467260	NC_064220.1	5467260	-4.037
NC_064220.1_5962262	NC_064220.1	5962262	4.456
NC_064220.1_6212644	NC_064220.1	6212644	-4.365
NC_064220.1_6335719	NC_064220.1	6335719	4.086
NC_064220.1_6629302	NC_064220.1	6629302	-4.326
NC_064220.1_7078307	NC_064220.1	7078307	-4.352
NC_064220.1_7379718	NC_064220.1	7379718	-4.122
NC_064220.1_7421266	NC_064220.1	7421266	-4.074
NC_064220.1_7495569	NC_064220.1	7495569	-4.140
NC_064220.1_7553948	NC_064220.1	7553948	-4.145
NC_064220.1_7650794	NC_064220.1	7650794	-4.149
NC_064220.1_7652628	NC_064220.1	7652628	-4.026
NC_064220.1_7685346	NC_064220.1	7685346	-4.095
NC_064220.1_7698345	NC_064220.1	7698345	-4.369
NC_064220.1_7780924	NC_064220.1	7780924	-4.607
NC_064220.1_7780945	NC_064220.1	7780945	-4.365
NC_064220.1_7780988	NC_064220.1	7780988	-4.083
NC_064220.1_7875311	NC_064220.1	7875311	-4.099
NC_064220.1_7875870	NC_064220.1	7875870	-4.472
NC_064220.1_7882416	NC_064220.1	7882416	4.124
NC_064220.1_7998068	NC_064220.1	7998068	-4.013
NC_064220.1_8114201	NC_064220.1	8114201	4.015
NC_064220.1_8134111	NC_064220.1	8134111	-4.339
NC_064220.1_8161433	NC_064220.1	8161433	-4.415
NC_064220.1_8161436	NC_064220.1	8161436	-4.451
NC_064220.1_8884924	NC_064220.1	8884924	4.276
NC_064220.1_9176127	NC_064220.1	9176127	-4.017
NC_064220.1_9177820	NC_064220.1	9177820	-4.066
NC_064220.1_9218509	NC_064220.1	9218509	-4.397
NC_064220.1_9231943	NC_064220.1	9231943	-4.086
NC_064220.1_9254612	NC_064220.1	9254612	-4.175
NC_064220.1_9290314	NC_064220.1	9290314	4.103
NC_064220.1_9372690	NC_064220.1	9372690	4.065
NC_064220.1_9478491	NC_064220.1	9478491	4.212
NC_064220.1_9560140	NC_064220.1	9560140	-4.022
NC_064220.1_9786779	NC_064220.1	9786779	-4.331
NC_064220.1_10011178	NC_064220.1	10011178	4.289
NC_064220.1_10042795	NC_064220.1	10042795	-4.114
NC_064220.1_10138418	NC_064220.1	10138418	-4.547
NC_064220.1_10147689	NC_064220.1	10147689	-4.210
NC_064220.1_10209569	NC_064220.1	10209569	-4.046
NC_064220.1_10354475	NC_064220.1	10354475	4.333
NC_064220.1_10356332	NC_064220.1	10356332	4.056
NC_064220.1_10442660	NC_064220.1	10442660	-4.628
NC_064220.1_10609299	NC_064220.1	10609299	4.775
NC_064220.1_10614768	NC_064220.1	10614768	-4.424
NC_064220.1_10670528	NC_064220.1	10670528	4.017
NC_064220.1_10696578	NC_064220.1	10696578	4.115
NC_064220.1_10789009	NC_064220.1	10789009	-4.301
NC_064220.1_11040974	NC_064220.1	11040974	4.271
NC_064220.1_11043028	NC_064220.1	11043028	-4.668
NC_064220.1_11142510	NC_064220.1	11142510	-4.179
NC_064220.1_11182297	NC_064220.1	11182297	-4.576
NC_064220.1_11211470	NC_064220.1	11211470	-4.343
NC_064220.1_11326675	NC_064220.1	11326675	-4.366
NC_064220.1_11326685	NC_064220.1	11326685	-4.215
NC_064220.1_11487109	NC_064220.1	11487109	-4.214
NC_064221.1_46437	NC_064221.1	46437	-4.380
NC_064221.1_86470	NC_064221.1	86470	-4.135
NC_064221.1_112807	NC_064221.1	112807	4.196
NC_064221.1_131803	NC_064221.1	131803	4.106
NC_064221.1_367167	NC_064221.1	367167	4.159
NC_064221.1_558288	NC_064221.1	558288	-4.151
NC_064221.1_574881	NC_064221.1	574881	4.131
NC_064221.1_677440	NC_064221.1	677440	4.212
NC_064221.1_684146	NC_064221.1	684146	-4.110
NC_064221.1_728634	NC_064221.1	728634	-4.074
NC_064221.1_801581	NC_064221.1	801581	4.085
NC_064221.1_913177	NC_064221.1	913177	-4.344
NC_064221.1_949807	NC_064221.1	949807	4.042
NC_064221.1_952415	NC_064221.1	952415	-4.056
NC_064221.1_960752	NC_064221.1	960752	-4.172
NC_064221.1_1102290	NC_064221.1	1102290	-4.635
NC_064221.1_1160621	NC_064221.1	1160621	4.078
NC_064221.1_1217589	NC_064221.1	1217589	-4.048
NC_064221.1_1755402	NC_064221.1	1755402	4.304
NC_064221.1_1777748	NC_064221.1	1777748	-4.071
NC_064221.1_1826572	NC_064221.1	1826572	4.075
NC_064221.1_1856112	NC_064221.1	1856112	4.075
NC_064221.1_1878901	NC_064221.1	1878901	-4.021
NC_064221.1_1944388	NC_064221.1	1944388	4.341
NC_064221.1_2007507	NC_064221.1	2007507	4.056
NC_064221.1_2042926	NC_064221.1	2042926	4.145
NC_064221.1_2078433	NC_064221.1	2078433	-4.442
NC_064221.1_2116776	NC_064221.1	2116776	-4.038
NC_064221.1_2216468	NC_064221.1	2216468	-4.597
NC_064221.1_2259216	NC_064221.1	2259216	-4.571
NC_064221.1_2504137	NC_064221.1	2504137	-5.394
NC_064221.1_2545054	NC_064221.1	2545054	-4.147
NC_064221.1_2703997	NC_064221.1	2703997	-4.086
NC_064221.1_2856763	NC_064221.1	2856763	-4.537
NC_064221.1_3017832	NC_064221.1	3017832	-4.072
NC_064221.1_3131774	NC_064221.1	3131774	-4.504
NC_064221.1_3205478	NC_064221.1	3205478	4.023
NC_064221.1_3749653	NC_064221.1	3749653	4.630
NC_064221.1_3749661	NC_064221.1	3749661	4.119
NC_064221.1_3757109	NC_064221.1	3757109	-4.003
NC_064221.1_3771796	NC_064221.1	3771796	4.296
NC_064221.1_3864166	NC_064221.1	3864166	4.625
NC_064221.1_3876966	NC_064221.1	3876966	-4.178
NC_064221.1_4022183	NC_064221.1	4022183	-4.083
NC_064221.1_4165567	NC_064221.1	4165567	-4.297
NC_064221.1_4278038	NC_064221.1	4278038	4.108
NC_064221.1_4449638	NC_064221.1	4449638	-4.066
NC_064221.1_4451670	NC_064221.1	4451670	-4.180
NC_064221.1_4611475	NC_064221.1	4611475	4.074
NC_064221.1_4717696	NC_064221.1	4717696	-4.023
NC_064221.1_4736385	NC_064221.1	4736385	-4.010
NC_064221.1_4762134	NC_064221.1	4762134	4.214
NC_064221.1_4972995	NC_064221.1	4972995	-4.091
NC_064221.1_5033582	NC_064221.1	5033582	-4.298
NC_064221.1_5181567	NC_064221.1	5181567	4.287
NC_064221.1_5183371	NC_064221.1	5183371	-4.473
NC_064221.1_5237155	NC_064221.1	5237155	-4.044
NC_064221.1_5541476	NC_064221.1	5541476	-5.113
NC_064221.1_5592351	NC_064221.1	5592351	4.307
NC_064221.1_5603868	NC_064221.1	5603868	-4.134
NC_064221.1_5691026	NC_064221.1	5691026	-4.358
NC_064221.1_5858618	NC_064221.1	5858618	4.552
NC_064221.1_6021489	NC_064221.1	6021489	4.081
NC_064221.1_6192091	NC_064221.1	6192091	4.062
NC_064221.1_6253010	NC_064221.1	6253010	-4.134
NC_064221.1_6639446	NC_064221.1	6639446	-4.418
NC_064221.1_6673040	NC_064221.1	6673040	4.009
NC_064221.1_7125909	NC_064221.1	7125909	-4.331
NC_064221.1_7125912	NC_064221.1	7125912	-4.356
NC_064221.1_7273216	NC_064221.1	7273216	-4.155
NC_064221.1_7281434	NC_064221.1	7281434	-4.226
NC_064221.1_7428739	NC_064221.1	7428739	4.255
NC_064221.1_7469931	NC_064221.1	7469931	-4.215
NC_064221.1_7692038	NC_064221.1	7692038	-4.185
NC_064221.1_7700542	NC_064221.1	7700542	-4.072
NC_064221.1_7885685	NC_064221.1	7885685	-4.109
NC_064221.1_8038599	NC_064221.1	8038599	-4.193
NC_064221.1_8038600	NC_064221.1	8038600	-5.243
NC_064221.1_8101682	NC_064221.1	8101682	-4.242
NC_064221.1_8299320	NC_064221.1	8299320	-4.067
NC_064221.1_8319806	NC_064221.1	8319806	4.458
NC_064221.1_8339114	NC_064221.1	8339114	-4.082
NC_064221.1_8355912	NC_064221.1	8355912	-4.158
NC_064221.1_8355933	NC_064221.1	8355933	4.427
NC_064221.1_8420877	NC_064221.1	8420877	4.101
NC_064221.1_8458181	NC_064221.1	8458181	-4.199
NC_064221.1_8908569	NC_064221.1	8908569	-4.302
NC_064221.1_8921853	NC_064221.1	8921853	-4.235
NC_064221.1_8971092	NC_064221.1	8971092	-4.029
NC_064221.1_8971157	NC_064221.1	8971157	-5.002
NC_064221.1_9352619	NC_064221.1	9352619	-4.279
NC_064221.1_9463315	NC_064221.1	9463315	-4.406
NC_064221.1_9468461	NC_064221.1	9468461	4.062
NC_064221.1_9555834	NC_064221.1	9555834	-4.181
NC_064221.1_9653187	NC_064221.1	9653187	4.539
NC_064221.1_9685744	NC_064221.1	9685744	-4.586
NC_064221.1_9685745	NC_064221.1	9685745	-4.313
NC_064221.1_9685750	NC_064221.1	9685750	-4.084
NC_064221.1_9694353	NC_064221.1	9694353	4.178
NC_064221.1_9895802	NC_064221.1	9895802	4.028
NC_064221.1_9917827	NC_064221.1	9917827	4.161
NC_064221.1_9991613	NC_064221.1	9991613	4.092
NC_064221.1_10036518	NC_064221.1	10036518	-4.054
NC_064221.1_10169091	NC_064221.1	10169091	4.587
NC_064221.1_10211622	NC_064221.1	10211622	-4.626
NC_064221.1_10446265	NC_064221.1	10446265	4.954
NC_064221.1_10446280	NC_064221.1	10446280	4.387
NC_064221.1_10464152	NC_064221.1	10464152	-4.050
NC_064221.1_10487255	NC_064221.1	10487255	-4.015
NC_064221.1_10611990	NC_064221.1	10611990	-4.531
NC_064221.1_10635756	NC_064221.1	10635756	4.929
NC_064221.1_10635759	NC_064221.1	10635759	5.425
NC_064221.1_10712154	NC_064221.1	10712154	-4.033
NC_064221.1_11042168	NC_064221.1	11042168	4.689
NC_064221.1_11084452	NC_064221.1	11084452	4.185
NC_064221.1_11101980	NC_064221.1	11101980	4.240
NC_064221.1_11172764	NC_064221.1	11172764	-4.923
NC_064221.1_11247192	NC_064221.1	11247192	-4.822
NC_064221.1_11275506	NC_064221.1	11275506	4.454
NC_064221.1_11300269	NC_064221.1	11300269	-4.064
NC_064221.1_11308430	NC_064221.1	11308430	-4.408
NC_064221.1_11344138	NC_064221.1	11344138	-4.040
NC_064222.1_83489	NC_064222.1	83489	4.258
NC_064222.1_85127	NC_064222.1	85127	-4.912
NC_064222.1_129143	NC_064222.1	129143	4.290
NC_064222.1_267081	NC_064222.1	267081	4.112
NC_064222.1_612112	NC_064222.1	612112	4.269
NC_064222.1_638008	NC_064222.1	638008	4.023
NC_064222.1_729322	NC_064222.1	729322	-4.085
NC_064222.1_736126	NC_064222.1	736126	-4.040
NC_064222.1_750859	NC_064222.1	750859	4.346
NC_064222.1_750885	NC_064222.1	750885	5.229
NC_064222.1_750914	NC_064222.1	750914	-4.053
NC_064222.1_1182855	NC_064222.1	1182855	-4.283
NC_064222.1_1292005	NC_064222.1	1292005	4.228
NC_064222.1_1317037	NC_064222.1	1317037	-4.996
NC_064222.1_1433761	NC_064222.1	1433761	-4.048
NC_064222.1_1480641	NC_064222.1	1480641	4.206
NC_064222.1_1547514	NC_064222.1	1547514	4.067
NC_064222.1_1662133	NC_064222.1	1662133	4.810
NC_064222.1_1760080	NC_064222.1	1760080	-4.762
NC_064222.1_1806330	NC_064222.1	1806330	4.559
NC_064222.1_1824083	NC_064222.1	1824083	4.862
NC_064222.1_1824099	NC_064222.1	1824099	4.653
NC_064222.1_1824101	NC_064222.1	1824101	4.517
NC_064222.1_1824102	NC_064222.1	1824102	4.703
NC_064222.1_1824107	NC_064222.1	1824107	4.297
NC_064222.1_1825960	NC_064222.1	1825960	4.538
NC_064222.1_1879475	NC_064222.1	1879475	-4.618
NC_064222.1_1879486	NC_064222.1	1879486	-4.583
NC_064222.1_1879497	NC_064222.1	1879497	-4.704
NC_064222.1_1911805	NC_064222.1	1911805	4.461
NC_064222.1_1944391	NC_064222.1	1944391	4.355
NC_064222.1_2126724	NC_064222.1	2126724	-4.029
NC_064222.1_2130578	NC_064222.1	2130578	4.766
NC_064222.1_2181855	NC_064222.1	2181855	4.537
NC_064222.1_2270844	NC_064222.1	2270844	-4.130
NC_064222.1_2363822	NC_064222.1	2363822	4.179
NC_064222.1_2363824	NC_064222.1	2363824	4.624
NC_064222.1_2366199	NC_064222.1	2366199	-4.073
NC_064222.1_2401267	NC_064222.1	2401267	4.019
NC_064222.1_2418458	NC_064222.1	2418458	4.158
NC_064222.1_2430757	NC_064222.1	2430757	-4.346
NC_064222.1_2466869	NC_064222.1	2466869	-4.575
NC_064222.1_2525808	NC_064222.1	2525808	-4.073
NC_064222.1_2543866	NC_064222.1	2543866	-4.070
NC_064222.1_2559526	NC_064222.1	2559526	4.344
NC_064222.1_2559528	NC_064222.1	2559528	4.154
NC_064222.1_2559570	NC_064222.1	2559570	-4.905
NC_064222.1_2578445	NC_064222.1	2578445	-4.109
NC_064222.1_2585570	NC_064222.1	2585570	-4.023
NC_064222.1_2610586	NC_064222.1	2610586	-4.499
NC_064222.1_2644746	NC_064222.1	2644746	-4.193
NC_064222.1_2660516	NC_064222.1	2660516	4.105
NC_064222.1_2661243	NC_064222.1	2661243	-4.136
NC_064222.1_2665591	NC_064222.1	2665591	-4.201
NC_064222.1_2673857	NC_064222.1	2673857	4.678
NC_064222.1_2686113	NC_064222.1	2686113	-4.209
NC_064222.1_2687675	NC_064222.1	2687675	-4.127
NC_064222.1_2687805	NC_064222.1	2687805	-4.089
NC_064222.1_2687892	NC_064222.1	2687892	-4.003
NC_064222.1_2688295	NC_064222.1	2688295	-5.023
NC_064222.1_2688305	NC_064222.1	2688305	-4.686
NC_064222.1_2688390	NC_064222.1	2688390	-4.054
NC_064222.1_2688733	NC_064222.1	2688733	-4.251
NC_064222.1_2689234	NC_064222.1	2689234	-4.024
NC_064222.1_2706039	NC_064222.1	2706039	4.088
NC_064222.1_2720388	NC_064222.1	2720388	-4.401
NC_064222.1_2725036	NC_064222.1	2725036	-5.280
NC_064222.1_2726957	NC_064222.1	2726957	-4.730
NC_064222.1_2727413	NC_064222.1	2727413	-4.925
NC_064222.1_2735705	NC_064222.1	2735705	-4.241
NC_064222.1_2736270	NC_064222.1	2736270	-5.127
NC_064222.1_2737214	NC_064222.1	2737214	-4.135
NC_064222.1_2741229	NC_064222.1	2741229	-5.080
NC_064222.1_2749155	NC_064222.1	2749155	-4.616
NC_064222.1_2750103	NC_064222.1	2750103	-4.204
NC_064222.1_2751428	NC_064222.1	2751428	-4.068
NC_064222.1_2757131	NC_064222.1	2757131	-4.019
NC_064222.1_2757135	NC_064222.1	2757135	-4.247
NC_064222.1_2760640	NC_064222.1	2760640	-4.173
NC_064222.1_2761028	NC_064222.1	2761028	-4.545
NC_064222.1_2761064	NC_064222.1	2761064	-4.743
NC_064222.1_2761287	NC_064222.1	2761287	-4.562
NC_064222.1_2761617	NC_064222.1	2761617	-4.403
NC_064222.1_2761635	NC_064222.1	2761635	-4.622
NC_064222.1_2761641	NC_064222.1	2761641	-4.697
NC_064222.1_2761779	NC_064222.1	2761779	-5.479
NC_064222.1_2761853	NC_064222.1	2761853	-4.835
NC_064222.1_2762399	NC_064222.1	2762399	-4.361
NC_064222.1_2762413	NC_064222.1	2762413	-4.796
NC_064222.1_2762542	NC_064222.1	2762542	-4.309
NC_064222.1_2762845	NC_064222.1	2762845	-4.142
NC_064222.1_2763424	NC_064222.1	2763424	-4.247
NC_064222.1_2763450	NC_064222.1	2763450	-4.179
NC_064222.1_2763711	NC_064222.1	2763711	-4.076
NC_064222.1_2764460	NC_064222.1	2764460	-4.031
NC_064222.1_2768883	NC_064222.1	2768883	-4.036
NC_064222.1_2769665	NC_064222.1	2769665	-4.013
NC_064222.1_2770434	NC_064222.1	2770434	4.070
NC_064222.1_2776490	NC_064222.1	2776490	-4.073
NC_064222.1_2778730	NC_064222.1	2778730	-4.524
NC_064222.1_2778733	NC_064222.1	2778733	-4.064
NC_064222.1_2778735	NC_064222.1	2778735	-4.130
NC_064222.1_2781425	NC_064222.1	2781425	-4.379
NC_064222.1_2781493	NC_064222.1	2781493	-4.571
NC_064222.1_2781607	NC_064222.1	2781607	-4.765
NC_064222.1_2781748	NC_064222.1	2781748	-4.537
NC_064222.1_2782007	NC_064222.1	2782007	-4.145
NC_064222.1_2782344	NC_064222.1	2782344	-4.532
NC_064222.1_2782487	NC_064222.1	2782487	-4.282
NC_064222.1_2782538	NC_064222.1	2782538	-4.416
NC_064222.1_2782551	NC_064222.1	2782551	-4.919
NC_064222.1_2782584	NC_064222.1	2782584	-4.052
NC_064222.1_2782927	NC_064222.1	2782927	4.230
NC_064222.1_2783665	NC_064222.1	2783665	-4.955
NC_064222.1_2783737	NC_064222.1	2783737	-4.010
NC_064222.1_2783745	NC_064222.1	2783745	4.072
NC_064222.1_2785353	NC_064222.1	2785353	-4.478
NC_064222.1_2785579	NC_064222.1	2785579	-4.785
NC_064222.1_2785613	NC_064222.1	2785613	-5.042
NC_064222.1_2785672	NC_064222.1	2785672	-4.241
NC_064222.1_2785990	NC_064222.1	2785990	-4.668
NC_064222.1_2786841	NC_064222.1	2786841	-4.814
NC_064222.1_2787875	NC_064222.1	2787875	-4.536
NC_064222.1_2787950	NC_064222.1	2787950	-4.045
NC_064222.1_2788048	NC_064222.1	2788048	-4.252
NC_064222.1_2788430	NC_064222.1	2788430	-4.098
NC_064222.1_2788457	NC_064222.1	2788457	-4.470
NC_064222.1_2797826	NC_064222.1	2797826	-5.025
NC_064222.1_2797857	NC_064222.1	2797857	-4.102
NC_064222.1_2797874	NC_064222.1	2797874	-4.178
NC_064222.1_2798304	NC_064222.1	2798304	-4.137
NC_064222.1_2799378	NC_064222.1	2799378	-4.107
NC_064222.1_2800495	NC_064222.1	2800495	-4.233
NC_064222.1_2800543	NC_064222.1	2800543	-4.215
NC_064222.1_2800545	NC_064222.1	2800545	-4.161
NC_064222.1_2800602	NC_064222.1	2800602	-4.095
NC_064222.1_2801156	NC_064222.1	2801156	4.016
NC_064222.1_2801180	NC_064222.1	2801180	-4.539
NC_064222.1_2802196	NC_064222.1	2802196	-4.160
NC_064222.1_2802378	NC_064222.1	2802378	-4.213
NC_064222.1_2803580	NC_064222.1	2803580	-4.143
NC_064222.1_2804165	NC_064222.1	2804165	-4.462
NC_064222.1_2808910	NC_064222.1	2808910	-4.240
NC_064222.1_2808913	NC_064222.1	2808913	-4.257
NC_064222.1_2808915	NC_064222.1	2808915	-4.238
NC_064222.1_2809067	NC_064222.1	2809067	-4.053
NC_064222.1_2809766	NC_064222.1	2809766	-4.408
NC_064222.1_2809809	NC_064222.1	2809809	-4.364
NC_064222.1_2809835	NC_064222.1	2809835	-4.209
NC_064222.1_2810096	NC_064222.1	2810096	-4.345
NC_064222.1_2811623	NC_064222.1	2811623	-4.904
NC_064222.1_2811644	NC_064222.1	2811644	-4.421
NC_064222.1_2814460	NC_064222.1	2814460	-4.241
NC_064222.1_2820812	NC_064222.1	2820812	-4.502
NC_064222.1_2844629	NC_064222.1	2844629	-4.996
NC_064222.1_2857100	NC_064222.1	2857100	-4.457
NC_064222.1_2857106	NC_064222.1	2857106	-4.183
NC_064222.1_2857988	NC_064222.1	2857988	-4.353
NC_064222.1_2857989	NC_064222.1	2857989	-4.386
NC_064222.1_2859191	NC_064222.1	2859191	-4.917
NC_064222.1_2872235	NC_064222.1	2872235	-4.654
NC_064222.1_2872526	NC_064222.1	2872526	-4.116
NC_064222.1_2879129	NC_064222.1	2879129	-4.388
NC_064222.1_2881101	NC_064222.1	2881101	-4.047
NC_064222.1_2882701	NC_064222.1	2882701	-4.396
NC_064222.1_2899481	NC_064222.1	2899481	-4.609
NC_064222.1_2899572	NC_064222.1	2899572	-4.475
NC_064222.1_2899906	NC_064222.1	2899906	-4.263
NC_064222.1_2899924	NC_064222.1	2899924	-4.943
NC_064222.1_2901908	NC_064222.1	2901908	-4.263
NC_064222.1_2904727	NC_064222.1	2904727	-4.044
NC_064222.1_2910425	NC_064222.1	2910425	-4.072
NC_064222.1_2910567	NC_064222.1	2910567	-4.202
NC_064222.1_2911892	NC_064222.1	2911892	-4.355
NC_064222.1_2911927	NC_064222.1	2911927	-4.956
NC_064222.1_2917015	NC_064222.1	2917015	-5.152
NC_064222.1_2917022	NC_064222.1	2917022	-4.179
NC_064222.1_2917656	NC_064222.1	2917656	-4.808
NC_064222.1_2918202	NC_064222.1	2918202	4.252
NC_064222.1_2920587	NC_064222.1	2920587	-4.074
NC_064222.1_2920912	NC_064222.1	2920912	-4.280
NC_064222.1_2920930	NC_064222.1	2920930	-4.604
NC_064222.1_2920934	NC_064222.1	2920934	-4.113
NC_064222.1_2920965	NC_064222.1	2920965	-4.870
NC_064222.1_2920973	NC_064222.1	2920973	-4.847
NC_064222.1_2920988	NC_064222.1	2920988	-4.658
NC_064222.1_2920989	NC_064222.1	2920989	-4.469
NC_064222.1_2921030	NC_064222.1	2921030	-4.214
NC_064222.1_2925116	NC_064222.1	2925116	-4.077
NC_064222.1_2927533	NC_064222.1	2927533	-4.610
NC_064222.1_2943020	NC_064222.1	2943020	-4.446
NC_064222.1_2944571	NC_064222.1	2944571	-4.262
NC_064222.1_2945079	NC_064222.1	2945079	-4.146
NC_064222.1_2948967	NC_064222.1	2948967	-4.048
NC_064222.1_2958525	NC_064222.1	2958525	4.284
NC_064222.1_2964574	NC_064222.1	2964574	-4.772
NC_064222.1_2964911	NC_064222.1	2964911	-4.540
NC_064222.1_2965621	NC_064222.1	2965621	-5.262
NC_064222.1_2965900	NC_064222.1	2965900	-4.421
NC_064222.1_2966245	NC_064222.1	2966245	-4.335
NC_064222.1_2966489	NC_064222.1	2966489	-4.015
NC_064222.1_2967133	NC_064222.1	2967133	4.831
NC_064222.1_2967141	NC_064222.1	2967141	4.747
NC_064222.1_2967377	NC_064222.1	2967377	-4.153
NC_064222.1_2967520	NC_064222.1	2967520	-4.802
NC_064222.1_2967523	NC_064222.1	2967523	-5.305
NC_064222.1_2967620	NC_064222.1	2967620	-4.122
NC_064222.1_2968187	NC_064222.1	2968187	-4.098
NC_064222.1_2969209	NC_064222.1	2969209	-4.584
NC_064222.1_3003415	NC_064222.1	3003415	4.017
NC_064222.1_3033555	NC_064222.1	3033555	-4.489
NC_064222.1_3043544	NC_064222.1	3043544	-4.157
NC_064222.1_3085845	NC_064222.1	3085845	-4.036
NC_064222.1_3088799	NC_064222.1	3088799	-4.053
NC_064222.1_3089004	NC_064222.1	3089004	-4.151
NC_064222.1_3090568	NC_064222.1	3090568	-4.008
NC_064222.1_3090779	NC_064222.1	3090779	-4.125
NC_064222.1_3093481	NC_064222.1	3093481	-4.225
NC_064222.1_3094145	NC_064222.1	3094145	-5.135
NC_064222.1_3097161	NC_064222.1	3097161	-4.465
NC_064222.1_3098518	NC_064222.1	3098518	-4.072
NC_064222.1_3098526	NC_064222.1	3098526	-4.080
NC_064222.1_3098536	NC_064222.1	3098536	-4.760
NC_064222.1_3101662	NC_064222.1	3101662	-4.623
NC_064222.1_3101665	NC_064222.1	3101665	4.227
NC_064222.1_3101669	NC_064222.1	3101669	-4.411
NC_064222.1_3101683	NC_064222.1	3101683	-4.091
NC_064222.1_3102395	NC_064222.1	3102395	-4.203
NC_064222.1_3104739	NC_064222.1	3104739	-4.462
NC_064222.1_3104979	NC_064222.1	3104979	-4.376
NC_064222.1_3107219	NC_064222.1	3107219	-4.726
NC_064222.1_3107236	NC_064222.1	3107236	-4.264
NC_064222.1_3107866	NC_064222.1	3107866	-4.168
NC_064222.1_3111902	NC_064222.1	3111902	-4.494
NC_064222.1_3111907	NC_064222.1	3111907	-4.029
NC_064222.1_3114378	NC_064222.1	3114378	-4.233
NC_064222.1_3123031	NC_064222.1	3123031	4.307
NC_064222.1_3132458	NC_064222.1	3132458	-4.620
NC_064222.1_3134351	NC_064222.1	3134351	-4.784
NC_064222.1_3134366	NC_064222.1	3134366	-4.957
NC_064222.1_3134494	NC_064222.1	3134494	-4.863
NC_064222.1_3134696	NC_064222.1	3134696	-5.165
NC_064222.1_3134826	NC_064222.1	3134826	-4.215
NC_064222.1_3135024	NC_064222.1	3135024	-4.010
NC_064222.1_3135069	NC_064222.1	3135069	-4.035
NC_064222.1_3135100	NC_064222.1	3135100	-4.323
NC_064222.1_3135131	NC_064222.1	3135131	-4.168
NC_064222.1_3135135	NC_064222.1	3135135	-4.385
NC_064222.1_3135263	NC_064222.1	3135263	-4.054
NC_064222.1_3135385	NC_064222.1	3135385	-4.158
NC_064222.1_3135921	NC_064222.1	3135921	-4.125
NC_064222.1_3151195	NC_064222.1	3151195	-4.588
NC_064222.1_3153856	NC_064222.1	3153856	-4.841
NC_064222.1_3153874	NC_064222.1	3153874	-4.203
NC_064222.1_3154058	NC_064222.1	3154058	-4.235
NC_064222.1_3154232	NC_064222.1	3154232	4.071
NC_064222.1_3154946	NC_064222.1	3154946	-4.739
NC_064222.1_3166604	NC_064222.1	3166604	4.202
NC_064222.1_3179113	NC_064222.1	3179113	-4.166
NC_064222.1_3187323	NC_064222.1	3187323	4.109
NC_064222.1_3190601	NC_064222.1	3190601	4.139
NC_064222.1_3200545	NC_064222.1	3200545	-4.323
NC_064222.1_3200851	NC_064222.1	3200851	-4.765
NC_064222.1_3202830	NC_064222.1	3202830	4.425
NC_064222.1_3207067	NC_064222.1	3207067	-4.081
NC_064222.1_3207077	NC_064222.1	3207077	-4.012
NC_064222.1_3244232	NC_064222.1	3244232	4.309
NC_064222.1_3249350	NC_064222.1	3249350	-4.163
NC_064222.1_3265971	NC_064222.1	3265971	-4.737
NC_064222.1_3360825	NC_064222.1	3360825	-4.203
NC_064222.1_3401471	NC_064222.1	3401471	4.097
NC_064222.1_3510663	NC_064222.1	3510663	-4.661
NC_064222.1_3512376	NC_064222.1	3512376	-4.113
NC_064222.1_3512736	NC_064222.1	3512736	-4.576
NC_064222.1_3513051	NC_064222.1	3513051	-4.172
NC_064222.1_3513053	NC_064222.1	3513053	-4.240
NC_064222.1_3538471	NC_064222.1	3538471	-4.035
NC_064222.1_3543616	NC_064222.1	3543616	-4.068
NC_064222.1_3546167	NC_064222.1	3546167	-4.290
NC_064222.1_3629865	NC_064222.1	3629865	-4.180
NC_064222.1_3631162	NC_064222.1	3631162	-4.756
NC_064222.1_3636561	NC_064222.1	3636561	-4.772
NC_064222.1_3656949	NC_064222.1	3656949	-4.205
NC_064222.1_3683372	NC_064222.1	3683372	4.309
NC_064222.1_3729270	NC_064222.1	3729270	-4.536
NC_064222.1_3731206	NC_064222.1	3731206	-4.686
NC_064222.1_3732907	NC_064222.1	3732907	-4.357
NC_064222.1_3743091	NC_064222.1	3743091	-4.588
NC_064222.1_3758633	NC_064222.1	3758633	4.120
NC_064222.1_3781957	NC_064222.1	3781957	4.194
NC_064222.1_3787345	NC_064222.1	3787345	-4.487
NC_064222.1_3787987	NC_064222.1	3787987	-4.008
NC_064222.1_3910225	NC_064222.1	3910225	-4.236
NC_064222.1_3912859	NC_064222.1	3912859	-4.146
NC_064222.1_3914036	NC_064222.1	3914036	-4.129
NC_064222.1_3930853	NC_064222.1	3930853	-4.690
NC_064222.1_3974288	NC_064222.1	3974288	-4.096
NC_064222.1_3974309	NC_064222.1	3974309	-4.598
NC_064222.1_4004781	NC_064222.1	4004781	-4.076
NC_064222.1_4009216	NC_064222.1	4009216	-4.036
NC_064222.1_4041474	NC_064222.1	4041474	-4.239
NC_064222.1_4044620	NC_064222.1	4044620	-4.007
NC_064222.1_4204031	NC_064222.1	4204031	-4.177
NC_064222.1_4204033	NC_064222.1	4204033	-4.657
NC_064222.1_4219326	NC_064222.1	4219326	-4.184
NC_064222.1_4252832	NC_064222.1	4252832	-4.170
NC_064222.1_4485045	NC_064222.1	4485045	4.090
NC_064222.1_4698114	NC_064222.1	4698114	-4.051
NC_064222.1_4797082	NC_064222.1	4797082	4.002
NC_064222.1_4865400	NC_064222.1	4865400	-4.041
NC_064222.1_4877810	NC_064222.1	4877810	4.392
NC_064222.1_4930317	NC_064222.1	4930317	-4.005
NC_064222.1_4943192	NC_064222.1	4943192	4.108
NC_064222.1_5011616	NC_064222.1	5011616	-4.367
NC_064222.1_5096370	NC_064222.1	5096370	-4.238
NC_064222.1_5147844	NC_064222.1	5147844	-4.065
NC_064222.1_5156957	NC_064222.1	5156957	-4.122
NC_064222.1_5157807	NC_064222.1	5157807	-5.513
NC_064222.1_5367499	NC_064222.1	5367499	4.202
NC_064222.1_5373008	NC_064222.1	5373008	-4.430
NC_064222.1_5504457	NC_064222.1	5504457	4.324
NC_064222.1_5585559	NC_064222.1	5585559	-4.049
NC_064222.1_5684375	NC_064222.1	5684375	4.008
NC_064222.1_5834795	NC_064222.1	5834795	-4.017
NC_064222.1_5851845	NC_064222.1	5851845	-4.466
NC_064222.1_5875462	NC_064222.1	5875462	-4.080
NC_064222.1_5941889	NC_064222.1	5941889	-4.013
NC_064222.1_6013239	NC_064222.1	6013239	4.033
NC_064222.1_6330912	NC_064222.1	6330912	-4.002
NC_064222.1_6455114	NC_064222.1	6455114	4.180
NC_064222.1_6506288	NC_064222.1	6506288	-4.243
NC_064222.1_6581731	NC_064222.1	6581731	-5.022
NC_064222.1_6612984	NC_064222.1	6612984	4.518
NC_064222.1_6667172	NC_064222.1	6667172	-4.598
NC_064222.1_6697167	NC_064222.1	6697167	-4.305
NC_064222.1_6708187	NC_064222.1	6708187	-4.163
NC_064222.1_6828207	NC_064222.1	6828207	-4.206
NC_064222.1_7009195	NC_064222.1	7009195	4.865
NC_064222.1_7009198	NC_064222.1	7009198	4.767
NC_064222.1_7021681	NC_064222.1	7021681	4.204
NC_064222.1_7057355	NC_064222.1	7057355	4.609
NC_064222.1_7671137	NC_064222.1	7671137	-4.080
NC_064222.1_7699413	NC_064222.1	7699413	-4.317
NC_064222.1_7757732	NC_064222.1	7757732	-4.542
NC_064222.1_7903059	NC_064222.1	7903059	4.000
NC_064222.1_7915312	NC_064222.1	7915312	-4.020
NC_064222.1_8042163	NC_064222.1	8042163	-4.051
NC_064222.1_8042164	NC_064222.1	8042164	-4.272
NC_064222.1_8062415	NC_064222.1	8062415	4.285
NC_064222.1_8101601	NC_064222.1	8101601	-4.150
NC_064222.1_8165072	NC_064222.1	8165072	-4.086
NC_064222.1_8210668	NC_064222.1	8210668	4.304
NC_064222.1_8380363	NC_064222.1	8380363	4.262
NC_064222.1_8432518	NC_064222.1	8432518	4.285
NC_064222.1_8514393	NC_064222.1	8514393	4.110
NC_064222.1_8622633	NC_064222.1	8622633	4.527
NC_064222.1_8692732	NC_064222.1	8692732	4.276
NC_064222.1_8699066	NC_064222.1	8699066	4.663
NC_064222.1_8756370	NC_064222.1	8756370	-5.077
NC_064222.1_9189243	NC_064222.1	9189243	-4.123
NC_064222.1_9238099	NC_064222.1	9238099	-4.308
NC_064222.1_9362086	NC_064222.1	9362086	-4.598
NC_064222.1_9458223	NC_064222.1	9458223	4.085
NC_064222.1_9556299	NC_064222.1	9556299	4.420
NC_064222.1_9631175	NC_064222.1	9631175	-4.145
NC_064222.1_9881108	NC_064222.1	9881108	-4.462
NC_064222.1_9882704	NC_064222.1	9882704	-4.095
NC_064222.1_10026912	NC_064222.1	10026912	4.462
NC_064222.1_10110915	NC_064222.1	10110915	-4.585
NC_064222.1_10148414	NC_064222.1	10148414	-4.113
NC_064222.1_10190018	NC_064222.1	10190018	-4.121
NC_064222.1_10193530	NC_064222.1	10193530	-4.126
NC_064222.1_10263767	NC_064222.1	10263767	-4.052
NC_064222.1_10313262	NC_064222.1	10313262	-4.800
NC_064222.1_10356473	NC_064222.1	10356473	-4.378
NC_064222.1_10356479	NC_064222.1	10356479	4.220
NC_064222.1_10644681	NC_064222.1	10644681	4.690
NC_064222.1_10691107	NC_064222.1	10691107	4.094
NC_064222.1_10708530	NC_064222.1	10708530	-4.006
NC_064222.1_10831770	NC_064222.1	10831770	4.450
NC_064222.1_10872723	NC_064222.1	10872723	-4.581
NC_064222.1_10915718	NC_064222.1	10915718	-4.678
NC_064222.1_10969718	NC_064222.1	10969718	-4.273
NC_064222.1_10990248	NC_064222.1	10990248	-4.472
NC_064222.1_11066723	NC_064222.1	11066723	4.125
NC_064222.1_11112148	NC_064222.1	11112148	5.022
NC_064222.1_11153640	NC_064222.1	11153640	-4.038
NC_064222.1_11159089	NC_064222.1	11159089	4.301
NC_064222.1_11172834	NC_064222.1	11172834	-4.047
NC_064222.1_11181222	NC_064222.1	11181222	-4.958
NC_064222.1_11183408	NC_064222.1	11183408	4.580
NC_064222.1_11184057	NC_064222.1	11184057	-4.161
NC_064222.1_11190569	NC_064222.1	11190569	-5.054
NC_064223.1_130543	NC_064223.1	130543	-4.223
NC_064223.1_172570	NC_064223.1	172570	-4.207
NC_064223.1_178732	NC_064223.1	178732	4.134
NC_064223.1_464933	NC_064223.1	464933	4.519
NC_064223.1_464941	NC_064223.1	464941	-4.139
NC_064223.1_548519	NC_064223.1	548519	-4.229
NC_064223.1_1177850	NC_064223.1	1177850	-4.093
NC_064223.1_1226537	NC_064223.1	1226537	-4.048
NC_064223.1_1290644	NC_064223.1	1290644	-4.545
NC_064223.1_1298296	NC_064223.1	1298296	-4.243
NC_064223.1_1357260	NC_064223.1	1357260	4.057
NC_064223.1_1505568	NC_064223.1	1505568	-4.374
NC_064223.1_1596760	NC_064223.1	1596760	-4.711
NC_064223.1_1696768	NC_064223.1	1696768	4.038
NC_064223.1_1746924	NC_064223.1	1746924	4.176
NC_064223.1_1751758	NC_064223.1	1751758	-4.116
NC_064223.1_1873026	NC_064223.1	1873026	-4.387
NC_064223.1_1873029	NC_064223.1	1873029	-4.036
NC_064223.1_1897605	NC_064223.1	1897605	-4.255
NC_064223.1_1900765	NC_064223.1	1900765	-4.400
NC_064223.1_1937550	NC_064223.1	1937550	-4.056
NC_064223.1_1950858	NC_064223.1	1950858	-4.507
NC_064223.1_2014255	NC_064223.1	2014255	-4.796
NC_064223.1_2035391	NC_064223.1	2035391	-4.016
NC_064223.1_2043099	NC_064223.1	2043099	-4.149
NC_064223.1_2051265	NC_064223.1	2051265	-4.153
NC_064223.1_2051612	NC_064223.1	2051612	-4.036
NC_064223.1_2118693	NC_064223.1	2118693	-4.029
NC_064223.1_2336486	NC_064223.1	2336486	4.090
NC_064223.1_2393418	NC_064223.1	2393418	-4.165
NC_064223.1_2601991	NC_064223.1	2601991	4.080
NC_064223.1_2718648	NC_064223.1	2718648	-4.193
NC_064223.1_2748583	NC_064223.1	2748583	4.117
NC_064223.1_2867140	NC_064223.1	2867140	-4.520
NC_064223.1_2947437	NC_064223.1	2947437	-4.646
NC_064223.1_2992079	NC_064223.1	2992079	4.010
NC_064223.1_3104179	NC_064223.1	3104179	-4.357
NC_064223.1_3110905	NC_064223.1	3110905	-4.439
NC_064223.1_3149540	NC_064223.1	3149540	-4.041
NC_064223.1_3260887	NC_064223.1	3260887	-4.244
NC_064223.1_3326854	NC_064223.1	3326854	4.015
NC_064223.1_3518174	NC_064223.1	3518174	-4.218
NC_064223.1_3518182	NC_064223.1	3518182	-4.636
NC_064223.1_3659800	NC_064223.1	3659800	-4.288
NC_064223.1_3786875	NC_064223.1	3786875	4.085
NC_064223.1_3787453	NC_064223.1	3787453	-4.206
NC_064223.1_3793988	NC_064223.1	3793988	-4.619
NC_064223.1_3812895	NC_064223.1	3812895	4.194
NC_064223.1_3874708	NC_064223.1	3874708	4.218
NC_064223.1_3936748	NC_064223.1	3936748	-4.337
NC_064223.1_3984118	NC_064223.1	3984118	4.220
NC_064223.1_4189721	NC_064223.1	4189721	-4.045
NC_064223.1_4213472	NC_064223.1	4213472	-5.758
NC_064223.1_4404349	NC_064223.1	4404349	-4.038
NC_064223.1_4591595	NC_064223.1	4591595	-4.783
NC_064223.1_4695419	NC_064223.1	4695419	4.752
NC_064223.1_4783416	NC_064223.1	4783416	4.247
NC_064223.1_4784610	NC_064223.1	4784610	-4.078
NC_064223.1_4882775	NC_064223.1	4882775	4.081
NC_064223.1_4929494	NC_064223.1	4929494	4.181
NC_064223.1_5033957	NC_064223.1	5033957	4.068
NC_064223.1_5065689	NC_064223.1	5065689	-4.127
NC_064223.1_5099299	NC_064223.1	5099299	4.010
NC_064223.1_5209744	NC_064223.1	5209744	4.280
NC_064223.1_5241971	NC_064223.1	5241971	-4.122
NC_064223.1_5390878	NC_064223.1	5390878	-4.065
NC_064223.1_5408737	NC_064223.1	5408737	-4.117
NC_064223.1_5569273	NC_064223.1	5569273	4.021
NC_064223.1_5698880	NC_064223.1	5698880	-4.314
NC_064223.1_5719151	NC_064223.1	5719151	4.228
NC_064223.1_5772399	NC_064223.1	5772399	-4.050
NC_064223.1_5982474	NC_064223.1	5982474	4.018
NC_064223.1_6015404	NC_064223.1	6015404	-4.023
NC_064223.1_6280934	NC_064223.1	6280934	4.053
NC_064223.1_6425091	NC_064223.1	6425091	-4.063
NC_064223.1_6539063	NC_064223.1	6539063	-4.446
NC_064223.1_6539064	NC_064223.1	6539064	-4.624
NC_064223.1_6633552	NC_064223.1	6633552	-4.086
NC_064223.1_6644208	NC_064223.1	6644208	-4.317
NC_064223.1_6665321	NC_064223.1	6665321	-4.195
NC_064223.1_6691807	NC_064223.1	6691807	-4.499
NC_064223.1_6813939	NC_064223.1	6813939	-4.054
NC_064223.1_6887589	NC_064223.1	6887589	4.906
NC_064223.1_7000316	NC_064223.1	7000316	-4.096
NC_064223.1_7000318	NC_064223.1	7000318	-4.440
NC_064223.1_7000322	NC_064223.1	7000322	-4.993
NC_064223.1_7000338	NC_064223.1	7000338	-5.271
NC_064223.1_7083697	NC_064223.1	7083697	-4.413
NC_064223.1_7108876	NC_064223.1	7108876	-4.576
NC_064223.1_7167424	NC_064223.1	7167424	-4.927
NC_064223.1_7296425	NC_064223.1	7296425	-4.240
NC_064223.1_7296429	NC_064223.1	7296429	-4.820
NC_064223.1_7346766	NC_064223.1	7346766	-4.396
NC_064223.1_7362551	NC_064223.1	7362551	4.626
NC_064223.1_7377836	NC_064223.1	7377836	-4.496
NC_064223.1_7397573	NC_064223.1	7397573	-4.483
NC_064223.1_7398115	NC_064223.1	7398115	-4.228
NC_064223.1_7430402	NC_064223.1	7430402	-4.031
NC_064223.1_7493419	NC_064223.1	7493419	4.154
NC_064223.1_7502438	NC_064223.1	7502438	-4.021
NC_064223.1_7825235	NC_064223.1	7825235	-4.189
NC_064223.1_7832119	NC_064223.1	7832119	-4.229
NC_064223.1_7857262	NC_064223.1	7857262	-4.070
NC_064223.1_7858607	NC_064223.1	7858607	-4.066
NC_064223.1_7924210	NC_064223.1	7924210	-4.088
NC_064223.1_8061400	NC_064223.1	8061400	-4.214
NC_064223.1_8116395	NC_064223.1	8116395	4.452
NC_064223.1_8150424	NC_064223.1	8150424	4.024
NC_064223.1_8175289	NC_064223.1	8175289	-4.016
NC_064223.1_8192541	NC_064223.1	8192541	-4.219
NC_064223.1_8420088	NC_064223.1	8420088	4.062
NC_064223.1_8466169	NC_064223.1	8466169	-4.018
NC_064223.1_8620405	NC_064223.1	8620405	4.331
NC_064223.1_8625632	NC_064223.1	8625632	-4.279
NC_064223.1_8699811	NC_064223.1	8699811	-4.808
NC_064223.1_8699812	NC_064223.1	8699812	-4.752
NC_064223.1_8699813	NC_064223.1	8699813	-4.149
NC_064223.1_8772024	NC_064223.1	8772024	-4.479
NC_064223.1_8805628	NC_064223.1	8805628	-4.114
NC_064223.1_9044734	NC_064223.1	9044734	-4.046
NC_064223.1_9052849	NC_064223.1	9052849	-4.231
NC_064223.1_9065332	NC_064223.1	9065332	-4.279
NC_064223.1_9216132	NC_064223.1	9216132	4.037
NC_064223.1_9285051	NC_064223.1	9285051	-4.310
NC_064223.1_9285052	NC_064223.1	9285052	4.410
NC_064223.1_9417655	NC_064223.1	9417655	-4.078
NC_064223.1_9430376	NC_064223.1	9430376	4.745
NC_064223.1_9441044	NC_064223.1	9441044	4.010
NC_064223.1_9441052	NC_064223.1	9441052	-4.469
NC_064223.1_9459055	NC_064223.1	9459055	-4.325
NC_064223.1_9625598	NC_064223.1	9625598	-4.269
NC_064223.1_9647343	NC_064223.1	9647343	-4.407
NC_064223.1_9659502	NC_064223.1	9659502	-4.134
NC_064223.1_9667318	NC_064223.1	9667318	-4.069
NC_064223.1_9871978	NC_064223.1	9871978	5.084
NC_064223.1_9958927	NC_064223.1	9958927	-4.044
NC_064223.1_10103871	NC_064223.1	10103871	4.698
NC_064223.1_10138512	NC_064223.1	10138512	-4.247
NC_064223.1_10144407	NC_064223.1	10144407	4.149
NC_064223.1_10208577	NC_064223.1	10208577	-4.451
NC_064223.1_10208670	NC_064223.1	10208670	-4.567
NC_064223.1_10209160	NC_064223.1	10209160	-4.036
NC_064223.1_10226431	NC_064223.1	10226431	-4.638
NC_064223.1_10344305	NC_064223.1	10344305	4.104
NC_064223.1_10344310	NC_064223.1	10344310	-4.387
NC_064223.1_10554906	NC_064223.1	10554906	-4.213
NC_064223.1_10640624	NC_064223.1	10640624	-4.028
NC_064223.1_10831791	NC_064223.1	10831791	4.743
NC_064223.1_10845359	NC_064223.1	10845359	4.391
NC_064223.1_10846431	NC_064223.1	10846431	-4.231
NC_064223.1_10846432	NC_064223.1	10846432	-4.353
NC_064223.1_10883769	NC_064223.1	10883769	4.126
NC_064223.1_10883813	NC_064223.1	10883813	4.194
NC_064223.1_10977123	NC_064223.1	10977123	4.295
NC_064223.1_11016045	NC_064223.1	11016045	-4.926
NC_064223.1_11079928	NC_064223.1	11079928	-4.303
NC_064223.1_11133930	NC_064223.1	11133930	4.039
NC_064223.1_11176733	NC_064223.1	11176733	4.149
NC_064223.1_11213740	NC_064223.1	11213740	-4.225
NC_064223.1_11341797	NC_064223.1	11341797	4.081
NC_064223.1_11407869	NC_064223.1	11407869	-4.130
NC_064223.1_11431172	NC_064223.1	11431172	-4.261
NC_064223.1_11431241	NC_064223.1	11431241	-4.110
NC_064223.1_11437668	NC_064223.1	11437668	4.196
NC_064223.1_11457853	NC_064223.1	11457853	4.045
NC_064223.1_11463900	NC_064223.1	11463900	-4.107
NC_064223.1_11483417	NC_064223.1	11483417	4.161
NC_064223.1_11485086	NC_064223.1	11485086	-4.072
NC_064223.1_11503620	NC_064223.1	11503620	4.211
NC_064223.1_11517326	NC_064223.1	11517326	-4.217
NC_064223.1_11519377	NC_064223.1	11519377	4.035
NC_064223.1_11534357	NC_064223.1	11534357	4.001
NC_064223.1_11534358	NC_064223.1	11534358	4.287
NC_064223.1_11534775	NC_064223.1	11534775	-4.142
NC_064223.1_11534781	NC_064223.1	11534781	4.470
NC_064223.1_11534782	NC_064223.1	11534782	4.502
NC_064223.1_11540391	NC_064223.1	11540391	4.109
NC_064223.1_11543247	NC_064223.1	11543247	4.719
NC_064223.1_11549359	NC_064223.1	11549359	-4.002
NC_064223.1_11551067	NC_064223.1	11551067	-4.285
NC_064223.1_11551546	NC_064223.1	11551546	-4.045
NC_064223.1_11554271	NC_064223.1	11554271	4.412
NC_064223.1_11554779	NC_064223.1	11554779	-4.359
NC_064223.1_11554799	NC_064223.1	11554799	4.234
NC_064223.1_11558277	NC_064223.1	11558277	-4.346
NC_064223.1_11558339	NC_064223.1	11558339	-5.032
NC_064223.1_11559071	NC_064223.1	11559071	-4.363
NC_064223.1_11559593	NC_064223.1	11559593	-4.292
NC_064223.1_11560292	NC_064223.1	11560292	-4.357
NC_064223.1_11560329	NC_064223.1	11560329	4.295
NC_064223.1_11564363	NC_064223.1	11564363	4.031
NC_064223.1_11564903	NC_064223.1	11564903	-4.326
NC_064223.1_11567303	NC_064223.1	11567303	4.970
NC_064223.1_11572970	NC_064223.1	11572970	5.414
NC_064223.1_11572987	NC_064223.1	11572987	-4.518
NC_064223.1_11588084	NC_064223.1	11588084	-4.444
NC_064223.1_11588399	NC_064223.1	11588399	4.194
NC_064223.1_11588400	NC_064223.1	11588400	4.875
NC_064223.1_11588406	NC_064223.1	11588406	4.940
NC_064223.1_11591093	NC_064223.1	11591093	-4.573
NC_064223.1_11593583	NC_064223.1	11593583	-4.238
NC_064223.1_11608842	NC_064223.1	11608842	-4.139
NC_064223.1_11611803	NC_064223.1	11611803	-4.144
NC_064223.1_11612161	NC_064223.1	11612161	-4.346
NC_064223.1_11615119	NC_064223.1	11615119	-4.359
NC_064223.1_11615940	NC_064223.1	11615940	-4.028
NC_064223.1_11615957	NC_064223.1	11615957	-4.360
NC_064223.1_11616316	NC_064223.1	11616316	-4.596
NC_064223.1_11616319	NC_064223.1	11616319	-4.500
NC_064223.1_11616798	NC_064223.1	11616798	-4.157
NC_064223.1_11618208	NC_064223.1	11618208	-4.472
NC_064223.1_11618417	NC_064223.1	11618417	-4.115
NC_064223.1_11640987	NC_064223.1	11640987	-4.317
NC_064223.1_11641039	NC_064223.1	11641039	-4.090
NC_064223.1_11641109	NC_064223.1	11641109	-4.057
NC_064223.1_11647890	NC_064223.1	11647890	-4.155
NC_064223.1_11648304	NC_064223.1	11648304	-4.082
NC_064223.1_11648617	NC_064223.1	11648617	-4.807
NC_064223.1_11648640	NC_064223.1	11648640	-4.858
NC_064223.1_11648678	NC_064223.1	11648678	-5.119
NC_064223.1_11649045	NC_064223.1	11649045	-5.360
NC_064223.1_11649100	NC_064223.1	11649100	-5.490
NC_064223.1_11649103	NC_064223.1	11649103	-4.237
NC_064223.1_11649125	NC_064223.1	11649125	-4.026
NC_064223.1_11649633	NC_064223.1	11649633	-4.097
NC_064223.1_11649638	NC_064223.1	11649638	-4.073
NC_064223.1_11649857	NC_064223.1	11649857	-4.448
NC_064223.1_11650083	NC_064223.1	11650083	-4.115
NC_064223.1_11650088	NC_064223.1	11650088	-4.066
NC_064223.1_11650105	NC_064223.1	11650105	-4.585
NC_064223.1_11651331	NC_064223.1	11651331	-4.641
NC_064223.1_11651910	NC_064223.1	11651910	-4.027
NC_064223.1_11652193	NC_064223.1	11652193	-4.566
NC_064223.1_11652348	NC_064223.1	11652348	-4.281
NC_064223.1_11652591	NC_064223.1	11652591	-4.923
NC_064223.1_11652606	NC_064223.1	11652606	4.506
NC_064223.1_11653267	NC_064223.1	11653267	-4.450
NC_064223.1_11653530	NC_064223.1	11653530	-4.251
NC_064223.1_11653533	NC_064223.1	11653533	-4.375
NC_064223.1_11653665	NC_064223.1	11653665	-4.198
NC_064223.1_11654538	NC_064223.1	11654538	-4.768
NC_064223.1_11654622	NC_064223.1	11654622	-5.158
NC_064223.1_11654658	NC_064223.1	11654658	-4.313
NC_064223.1_11654832	NC_064223.1	11654832	-4.317
NC_064223.1_11655003	NC_064223.1	11655003	-4.078
NC_064223.1_11657079	NC_064223.1	11657079	-4.449
NC_064223.1_11657850	NC_064223.1	11657850	4.004
NC_064223.1_11659674	NC_064223.1	11659674	-4.135
NC_064223.1_11661153	NC_064223.1	11661153	-4.246
NC_064223.1_11661171	NC_064223.1	11661171	-4.223
NC_064223.1_11665960	NC_064223.1	11665960	-4.389
NC_064223.1_11665969	NC_064223.1	11665969	-4.186
NC_064223.1_11666101	NC_064223.1	11666101	-5.381
NC_064223.1_11666182	NC_064223.1	11666182	-4.016
NC_064223.1_11666244	NC_064223.1	11666244	4.466
NC_064223.1_11666247	NC_064223.1	11666247	5.521
NC_064223.1_11666281	NC_064223.1	11666281	-4.036
NC_064223.1_11667288	NC_064223.1	11667288	-4.630
NC_064223.1_11670459	NC_064223.1	11670459	-4.147
NC_064223.1_11670676	NC_064223.1	11670676	-4.324
NC_064223.1_11673539	NC_064223.1	11673539	-4.034
NC_064223.1_11675692	NC_064223.1	11675692	-4.222
NC_064223.1_11676433	NC_064223.1	11676433	-4.082
NC_064223.1_11677213	NC_064223.1	11677213	-4.284
NC_064223.1_11677417	NC_064223.1	11677417	-4.021
NC_064223.1_11677433	NC_064223.1	11677433	-4.398
NC_064223.1_11677449	NC_064223.1	11677449	-4.129
NC_064223.1_11683176	NC_064223.1	11683176	-4.565
NC_064223.1_11683192	NC_064223.1	11683192	-4.424
NC_064223.1_11683719	NC_064223.1	11683719	-4.483
NC_064223.1_11685142	NC_064223.1	11685142	4.037
NC_064223.1_11691303	NC_064223.1	11691303	-4.351
NC_064223.1_11692819	NC_064223.1	11692819	-4.497
NC_064223.1_11722429	NC_064223.1	11722429	-4.158
NC_064223.1_11723007	NC_064223.1	11723007	-4.440
NC_064223.1_11724323	NC_064223.1	11724323	-4.635
NC_064223.1_11724404	NC_064223.1	11724404	-4.757
NC_064223.1_11724499	NC_064223.1	11724499	-4.201
NC_064223.1_11733220	NC_064223.1	11733220	-4.408
NC_064223.1_11733421	NC_064223.1	11733421	-4.407
NC_064223.1_11733427	NC_064223.1	11733427	-4.512
NC_064223.1_11735466	NC_064223.1	11735466	-4.595
NC_064223.1_11737255	NC_064223.1	11737255	4.879
NC_064223.1_11737759	NC_064223.1	11737759	-4.037
NC_064223.1_11739605	NC_064223.1	11739605	-4.059
NC_064223.1_11739611	NC_064223.1	11739611	-4.022
NC_064223.1_11744202	NC_064223.1	11744202	-4.010
NC_064223.1_11753784	NC_064223.1	11753784	4.119
NC_064223.1_11756166	NC_064223.1	11756166	4.125
NC_064223.1_11760174	NC_064223.1	11760174	-4.381
NC_064223.1_11761372	NC_064223.1	11761372	4.732
NC_064223.1_11790172	NC_064223.1	11790172	4.009
NC_064223.1_11842225	NC_064223.1	11842225	-4.149
NC_064223.1_11889027	NC_064223.1	11889027	-4.081
NC_064223.1_11893307	NC_064223.1	11893307	5.611
NC_064223.1_11894827	NC_064223.1	11894827	-4.353
NC_064223.1_11894844	NC_064223.1	11894844	-4.659
NC_064223.1_11896086	NC_064223.1	11896086	-4.057
NC_064223.1_11942473	NC_064223.1	11942473	-4.336
NC_064223.1_11942774	NC_064223.1	11942774	-5.595
NC_064223.1_11942914	NC_064223.1	11942914	-4.267
NC_064223.1_11954134	NC_064223.1	11954134	-4.062
NC_064223.1_11955509	NC_064223.1	11955509	4.067
NC_064223.1_11968711	NC_064223.1	11968711	-4.132
NC_064223.1_11973645	NC_064223.1	11973645	-4.503
NC_064223.1_12036933	NC_064223.1	12036933	-4.085
NC_064223.1_12037018	NC_064223.1	12037018	-4.449
NC_064223.1_12052038	NC_064223.1	12052038	-4.685
NC_064223.1_12052151	NC_064223.1	12052151	4.272
NC_064223.1_12052159	NC_064223.1	12052159	4.730
NC_064223.1_12052562	NC_064223.1	12052562	-4.003
NC_064223.1_12098318	NC_064223.1	12098318	-4.257
NC_064223.1_12113573	NC_064223.1	12113573	4.132
NC_064223.1_12120438	NC_064223.1	12120438	-4.679
NC_064223.1_12122536	NC_064223.1	12122536	-4.254
NC_064223.1_12126314	NC_064223.1	12126314	4.186
NC_064223.1_12131522	NC_064223.1	12131522	-4.038
NC_064223.1_12131780	NC_064223.1	12131780	-4.075
NC_064223.1_12135783	NC_064223.1	12135783	-4.849
NC_064223.1_12136050	NC_064223.1	12136050	4.120
NC_064223.1_12144917	NC_064223.1	12144917	4.204
NC_064223.1_12144927	NC_064223.1	12144927	-4.036
NC_064223.1_12144933	NC_064223.1	12144933	4.219
NC_064223.1_12144936	NC_064223.1	12144936	4.431
NC_064223.1_12157332	NC_064223.1	12157332	-4.250
NC_064223.1_12159107	NC_064223.1	12159107	4.114
NC_064223.1_12273996	NC_064223.1	12273996	-4.265
NC_064223.1_12290387	NC_064223.1	12290387	-4.462
NC_064223.1_12290421	NC_064223.1	12290421	-4.234
NC_064223.1_12298592	NC_064223.1	12298592	-4.223
NC_064223.1_12299942	NC_064223.1	12299942	-4.029
NC_064223.1_12310073	NC_064223.1	12310073	-4.183
NC_064223.1_12314990	NC_064223.1	12314990	-4.756
NC_064223.1_12329072	NC_064223.1	12329072	5.196
NC_064223.1_12333438	NC_064223.1	12333438	-4.217
NC_064223.1_12333610	NC_064223.1	12333610	-4.052
NC_064223.1_12335967	NC_064223.1	12335967	-4.084
NC_064223.1_12362760	NC_064223.1	12362760	-4.176
NC_064223.1_12463463	NC_064223.1	12463463	-4.481
NC_064223.1_12489590	NC_064223.1	12489590	4.539
NC_064223.1_12497556	NC_064223.1	12497556	4.054
NC_064223.1_12507109	NC_064223.1	12507109	-4.044
NC_064223.1_12528219	NC_064223.1	12528219	-5.378
NC_064223.1_12536771	NC_064223.1	12536771	-4.028
NC_064223.1_12536773	NC_064223.1	12536773	-4.011
NC_064223.1_12733064	NC_064223.1	12733064	-4.694
NC_064223.1_12781078	NC_064223.1	12781078	4.166
NC_064223.1_12892986	NC_064223.1	12892986	4.507
NC_064223.1_13061567	NC_064223.1	13061567	-4.801
NC_064223.1_13061570	NC_064223.1	13061570	-4.363
NC_064223.1_13081638	NC_064223.1	13081638	-4.060
NC_064223.1_13147521	NC_064223.1	13147521	4.185
NC_064223.1_13289531	NC_064223.1	13289531	4.300
NC_064223.1_13386368	NC_064223.1	13386368	-4.013
NC_064223.1_13448917	NC_064223.1	13448917	4.021
NC_064223.1_13570125	NC_064223.1	13570125	4.117
NC_064223.1_13755039	NC_064223.1	13755039	4.027
NC_064223.1_13813255	NC_064223.1	13813255	4.138
NC_064223.1_14033323	NC_064223.1	14033323	-4.887
NC_064223.1_14246081	NC_064223.1	14246081	-4.525
NC_064223.1_14305037	NC_064223.1	14305037	-4.088
NC_064223.1_14308764	NC_064223.1	14308764	4.382
NC_064223.1_14311693	NC_064223.1	14311693	4.098
NC_064223.1_14311716	NC_064223.1	14311716	4.204
NC_064223.1_14311718	NC_064223.1	14311718	4.499
NC_064223.1_14311719	NC_064223.1	14311719	-4.250
NC_064223.1_14324320	NC_064223.1	14324320	4.481
NC_064223.1_14324726	NC_064223.1	14324726	-4.020
NC_064223.1_14325631	NC_064223.1	14325631	4.090
NC_064223.1_14327244	NC_064223.1	14327244	4.338
NC_064223.1_14327399	NC_064223.1	14327399	4.262
NC_064223.1_14328284	NC_064223.1	14328284	-4.751
NC_064223.1_14328467	NC_064223.1	14328467	4.304
NC_064223.1_14328620	NC_064223.1	14328620	4.203
NC_064223.1_14328650	NC_064223.1	14328650	4.507
NC_064223.1_14328743	NC_064223.1	14328743	4.422
NC_064223.1_14328755	NC_064223.1	14328755	4.083
NC_064223.1_14329404	NC_064223.1	14329404	4.308
NC_064223.1_14332334	NC_064223.1	14332334	-4.968
NC_064223.1_14332769	NC_064223.1	14332769	4.021
NC_064223.1_14332901	NC_064223.1	14332901	4.262
NC_064223.1_14332904	NC_064223.1	14332904	4.806
NC_064223.1_14332906	NC_064223.1	14332906	4.476
NC_064223.1_14332939	NC_064223.1	14332939	4.641
NC_064223.1_14332961	NC_064223.1	14332961	4.043
NC_064223.1_14333781	NC_064223.1	14333781	4.603
NC_064223.1_14333818	NC_064223.1	14333818	4.643
NC_064223.1_14334074	NC_064223.1	14334074	4.900
NC_064223.1_14334483	NC_064223.1	14334483	4.922
NC_064223.1_14334816	NC_064223.1	14334816	4.306
NC_064223.1_14335665	NC_064223.1	14335665	-4.108
NC_064223.1_14349917	NC_064223.1	14349917	-4.356
NC_064223.1_14399461	NC_064223.1	14399461	-4.636
NC_064223.1_14400461	NC_064223.1	14400461	-4.190
NC_064223.1_14422141	NC_064223.1	14422141	-4.002
NC_064223.1_14424840	NC_064223.1	14424840	-4.566
NC_064223.1_14451066	NC_064223.1	14451066	-4.606
NC_064223.1_14451351	NC_064223.1	14451351	-4.126
NC_064223.1_14470039	NC_064223.1	14470039	-4.230
NC_064223.1_14475409	NC_064223.1	14475409	-4.968
NC_064223.1_14491736	NC_064223.1	14491736	-4.002
NC_064223.1_14510766	NC_064223.1	14510766	-4.042
NC_064223.1_14510777	NC_064223.1	14510777	-4.113
NC_064223.1_14514586	NC_064223.1	14514586	-4.389
NC_064223.1_14517694	NC_064223.1	14517694	-4.256
NC_064223.1_14518423	NC_064223.1	14518423	-4.003
NC_064223.1_14518835	NC_064223.1	14518835	-4.242
NC_064224.1_224574	NC_064224.1	224574	-4.009
NC_064224.1_481371	NC_064224.1	481371	4.236
NC_064224.1_685673	NC_064224.1	685673	4.284
NC_064224.1_937143	NC_064224.1	937143	-4.286
NC_064224.1_985690	NC_064224.1	985690	4.163
NC_064224.1_1037447	NC_064224.1	1037447	4.144
NC_064224.1_1037453	NC_064224.1	1037453	4.317
NC_064224.1_1230358	NC_064224.1	1230358	4.271
NC_064224.1_1308157	NC_064224.1	1308157	4.374
NC_064224.1_1310141	NC_064224.1	1310141	-4.140
NC_064224.1_1319682	NC_064224.1	1319682	4.220
NC_064224.1_1319683	NC_064224.1	1319683	-4.412
NC_064224.1_1513962	NC_064224.1	1513962	-4.085
NC_064224.1_1542525	NC_064224.1	1542525	4.519
NC_064224.1_1548216	NC_064224.1	1548216	-4.039
NC_064224.1_1701048	NC_064224.1	1701048	-4.138
NC_064224.1_1711261	NC_064224.1	1711261	4.418
NC_064224.1_2029658	NC_064224.1	2029658	-4.088
NC_064224.1_2062962	NC_064224.1	2062962	4.245
NC_064224.1_2088274	NC_064224.1	2088274	-4.238
NC_064224.1_2089710	NC_064224.1	2089710	4.010
NC_064224.1_2143164	NC_064224.1	2143164	4.194
NC_064224.1_2199368	NC_064224.1	2199368	-4.126
NC_064224.1_2210080	NC_064224.1	2210080	4.025
NC_064224.1_2373386	NC_064224.1	2373386	4.326
NC_064224.1_2390868	NC_064224.1	2390868	4.022
NC_064224.1_2397178	NC_064224.1	2397178	4.210
NC_064224.1_2610955	NC_064224.1	2610955	4.249
NC_064224.1_2611974	NC_064224.1	2611974	4.873
NC_064224.1_2665109	NC_064224.1	2665109	4.480
NC_064224.1_2665110	NC_064224.1	2665110	4.192
NC_064224.1_2789452	NC_064224.1	2789452	4.396
NC_064224.1_3040709	NC_064224.1	3040709	-4.171
NC_064224.1_3104374	NC_064224.1	3104374	4.207
NC_064224.1_3110218	NC_064224.1	3110218	4.302
NC_064224.1_3110230	NC_064224.1	3110230	-5.032
NC_064224.1_3113122	NC_064224.1	3113122	-4.209
NC_064224.1_3275112	NC_064224.1	3275112	-4.926
NC_064224.1_3290538	NC_064224.1	3290538	-4.011
NC_064224.1_3313984	NC_064224.1	3313984	-4.612
NC_064224.1_3350222	NC_064224.1	3350222	-4.328
NC_064224.1_3375556	NC_064224.1	3375556	4.032
NC_064224.1_3380523	NC_064224.1	3380523	-4.243
NC_064224.1_3457797	NC_064224.1	3457797	-4.030
NC_064224.1_3481010	NC_064224.1	3481010	-4.750
NC_064224.1_3482953	NC_064224.1	3482953	-4.380
NC_064224.1_3501484	NC_064224.1	3501484	-4.138
NC_064224.1_3579364	NC_064224.1	3579364	4.421
NC_064224.1_3596681	NC_064224.1	3596681	-4.147
NC_064224.1_3599141	NC_064224.1	3599141	-4.216
NC_064224.1_3645702	NC_064224.1	3645702	4.148
NC_064224.1_3656197	NC_064224.1	3656197	4.530
NC_064224.1_3683930	NC_064224.1	3683930	4.130
NC_064224.1_3795393	NC_064224.1	3795393	-5.308
NC_064224.1_3878626	NC_064224.1	3878626	4.697
NC_064224.1_3922427	NC_064224.1	3922427	4.223
NC_064224.1_3976469	NC_064224.1	3976469	4.616
NC_064224.1_4093836	NC_064224.1	4093836	4.029
NC_064224.1_4257401	NC_064224.1	4257401	4.282
NC_064224.1_4266315	NC_064224.1	4266315	-4.035
NC_064224.1_4558825	NC_064224.1	4558825	4.019
NC_064224.1_4677758	NC_064224.1	4677758	4.234
NC_064224.1_4750784	NC_064224.1	4750784	-4.179
NC_064224.1_4768214	NC_064224.1	4768214	4.089
NC_064224.1_4922060	NC_064224.1	4922060	5.019
NC_064224.1_5083936	NC_064224.1	5083936	-4.060
NC_064224.1_5143698	NC_064224.1	5143698	-4.090
NC_064224.1_5338364	NC_064224.1	5338364	-5.556
NC_064224.1_5750240	NC_064224.1	5750240	-4.064
NC_064224.1_5750243	NC_064224.1	5750243	-4.133
NC_064224.1_5753062	NC_064224.1	5753062	5.163
NC_064224.1_5898482	NC_064224.1	5898482	-4.095
NC_064224.1_5974806	NC_064224.1	5974806	4.599
NC_064224.1_6124059	NC_064224.1	6124059	-4.100
NC_064224.1_6657859	NC_064224.1	6657859	-4.136
NC_064224.1_6670650	NC_064224.1	6670650	4.206
NC_064224.1_6694307	NC_064224.1	6694307	-4.542
NC_064224.1_6710703	NC_064224.1	6710703	4.061
NC_064224.1_6782750	NC_064224.1	6782750	-4.100
NC_064224.1_6784860	NC_064224.1	6784860	-4.304
NC_064224.1_6885418	NC_064224.1	6885418	4.424
NC_064224.1_6915648	NC_064224.1	6915648	5.081
NC_064224.1_6962811	NC_064224.1	6962811	4.032
NC_064224.1_6983494	NC_064224.1	6983494	-4.804
NC_064224.1_7153913	NC_064224.1	7153913	-4.154
NC_064224.1_7160883	NC_064224.1	7160883	4.044
NC_064224.1_7330019	NC_064224.1	7330019	-4.876
NC_064224.1_7483060	NC_064224.1	7483060	-4.187
NC_064224.1_7519001	NC_064224.1	7519001	4.144
NC_064224.1_7649518	NC_064224.1	7649518	-4.215
NC_064224.1_7717085	NC_064224.1	7717085	-4.787
NC_064224.1_7823238	NC_064224.1	7823238	-4.064
NC_064224.1_8086468	NC_064224.1	8086468	-4.158
NC_064224.1_8095739	NC_064224.1	8095739	-4.551
NC_064224.1_8363880	NC_064224.1	8363880	4.055
NC_064224.1_8453993	NC_064224.1	8453993	4.198
NC_064224.1_8576678	NC_064224.1	8576678	4.130
NC_064224.1_8616850	NC_064224.1	8616850	5.101
NC_064224.1_8677378	NC_064224.1	8677378	-4.205
NC_064224.1_8803868	NC_064224.1	8803868	-4.104
NC_064224.1_8809018	NC_064224.1	8809018	-4.237
NC_064224.1_8828310	NC_064224.1	8828310	4.067
NC_064224.1_8996775	NC_064224.1	8996775	4.972
NC_064224.1_9266333	NC_064224.1	9266333	-4.062
NC_064224.1_9331133	NC_064224.1	9331133	-4.090
NC_064224.1_9652566	NC_064224.1	9652566	4.116
NC_064224.1_9788744	NC_064224.1	9788744	4.540
NC_064224.1_9788746	NC_064224.1	9788746	4.017
NC_064224.1_9815123	NC_064224.1	9815123	4.583
NC_064224.1_9876214	NC_064224.1	9876214	-4.172
NC_064224.1_9876217	NC_064224.1	9876217	-4.269
NC_064224.1_9997102	NC_064224.1	9997102	4.684
NC_064224.1_10074173	NC_064224.1	10074173	4.056
NC_064224.1_10152583	NC_064224.1	10152583	4.604
NC_064224.1_10215291	NC_064224.1	10215291	-4.188
NC_064224.1_10225933	NC_064224.1	10225933	-4.053
NC_064224.1_10262326	NC_064224.1	10262326	-4.156
NC_064224.1_10322176	NC_064224.1	10322176	-4.360
NC_064225.1_42019	NC_064225.1	42019	-4.169
NC_064225.1_50832	NC_064225.1	50832	4.190
NC_064225.1_50835	NC_064225.1	50835	-5.331
NC_064225.1_233733	NC_064225.1	233733	4.187
NC_064225.1_260761	NC_064225.1	260761	4.262
NC_064225.1_262692	NC_064225.1	262692	4.668
NC_064225.1_295510	NC_064225.1	295510	-4.102
NC_064225.1_352260	NC_064225.1	352260	-4.223
NC_064225.1_444597	NC_064225.1	444597	-4.238
NC_064225.1_735197	NC_064225.1	735197	-4.721
NC_064225.1_951128	NC_064225.1	951128	-4.271
NC_064225.1_1062564	NC_064225.1	1062564	-4.289
NC_064225.1_1172129	NC_064225.1	1172129	-4.292
NC_064225.1_1243271	NC_064225.1	1243271	4.087
NC_064225.1_1302286	NC_064225.1	1302286	-4.197
NC_064225.1_1644550	NC_064225.1	1644550	4.229
NC_064225.1_1966696	NC_064225.1	1966696	-4.474
NC_064225.1_2175121	NC_064225.1	2175121	4.454
NC_064225.1_2233207	NC_064225.1	2233207	-4.163
NC_064225.1_2327782	NC_064225.1	2327782	4.028
NC_064225.1_2611460	NC_064225.1	2611460	-4.018
NC_064225.1_2834912	NC_064225.1	2834912	-5.109
NC_064225.1_2950313	NC_064225.1	2950313	-4.086
NC_064225.1_2968938	NC_064225.1	2968938	4.798
NC_064225.1_3047839	NC_064225.1	3047839	4.109
NC_064225.1_3238002	NC_064225.1	3238002	-4.080
NC_064225.1_3270526	NC_064225.1	3270526	4.215
NC_064225.1_3466472	NC_064225.1	3466472	4.281
NC_064225.1_3730838	NC_064225.1	3730838	4.524
NC_064225.1_3840566	NC_064225.1	3840566	-4.288
NC_064225.1_4047836	NC_064225.1	4047836	-4.004
NC_064225.1_4446654	NC_064225.1	4446654	-4.020
NC_064225.1_4460180	NC_064225.1	4460180	4.160
NC_064225.1_4460190	NC_064225.1	4460190	4.142
NC_064225.1_4460205	NC_064225.1	4460205	4.274
NC_064225.1_4464033	NC_064225.1	4464033	-4.442
NC_064225.1_4538518	NC_064225.1	4538518	4.490
NC_064225.1_4977035	NC_064225.1	4977035	4.349
NC_064225.1_4977038	NC_064225.1	4977038	4.134
NC_064225.1_5149165	NC_064225.1	5149165	4.583
NC_064225.1_5188756	NC_064225.1	5188756	4.284
NC_064225.1_5197921	NC_064225.1	5197921	-4.624
NC_064225.1_5197924	NC_064225.1	5197924	-4.195
NC_064225.1_5734116	NC_064225.1	5734116	4.151
NC_064225.1_5821113	NC_064225.1	5821113	-5.337
NC_064225.1_5960128	NC_064225.1	5960128	-4.902
NC_064225.1_6487010	NC_064225.1	6487010	-4.067
NC_064225.1_6539482	NC_064225.1	6539482	4.272
NC_064225.1_6789002	NC_064225.1	6789002	4.205
NC_064225.1_6831521	NC_064225.1	6831521	-4.346
NC_064225.1_6848234	NC_064225.1	6848234	-4.294
NC_064225.1_7014029	NC_064225.1	7014029	-4.052
NC_064225.1_7113120	NC_064225.1	7113120	-4.205
NC_064225.1_7118152	NC_064225.1	7118152	-4.372
NC_064225.1_7182118	NC_064225.1	7182118	4.442
NC_064225.1_7198436	NC_064225.1	7198436	-4.368
NC_064225.1_7264764	NC_064225.1	7264764	4.010
NC_064225.1_7403979	NC_064225.1	7403979	-4.386
NC_064225.1_7528602	NC_064225.1	7528602	-4.007
NC_064225.1_7997108	NC_064225.1	7997108	-4.085
NC_064225.1_8046871	NC_064225.1	8046871	-4.040
NC_064225.1_8048013	NC_064225.1	8048013	-4.394
NC_064225.1_8049440	NC_064225.1	8049440	-4.044
NC_064225.1_8168357	NC_064225.1	8168357	-4.053
NC_064225.1_8383463	NC_064225.1	8383463	-4.301
NC_064225.1_8698308	NC_064225.1	8698308	4.019
NC_064225.1_8721052	NC_064225.1	8721052	-4.190
NC_064225.1_8723586	NC_064225.1	8723586	-4.098
NC_064225.1_8738995	NC_064225.1	8738995	4.338
NC_064225.1_8933101	NC_064225.1	8933101	-4.021
NC_064225.1_9063493	NC_064225.1	9063493	4.150
NC_064225.1_9411953	NC_064225.1	9411953	4.450
NC_064225.1_9454429	NC_064225.1	9454429	-4.042
NC_064225.1_9547004	NC_064225.1	9547004	4.234
NC_064225.1_9690212	NC_064225.1	9690212	4.600
NC_064225.1_9690229	NC_064225.1	9690229	4.274
NC_064225.1_10041820	NC_064225.1	10041820	-4.508
NC_064225.1_10052348	NC_064225.1	10052348	4.276
NC_064225.1_10081919	NC_064225.1	10081919	-5.164
NC_064225.1_10185231	NC_064225.1	10185231	-4.459
NC_064225.1_10314759	NC_064225.1	10314759	-4.272
NC_064225.1_10330371	NC_064225.1	10330371	-4.218
NC_064225.1_10370906	NC_064225.1	10370906	-4.362
NC_064226.1_228434	NC_064226.1	228434	-4.265
NC_064226.1_228458	NC_064226.1	228458	4.017
NC_064226.1_232522	NC_064226.1	232522	4.323
NC_064226.1_257785	NC_064226.1	257785	4.442
NC_064226.1_418902	NC_064226.1	418902	-4.734
NC_064226.1_467109	NC_064226.1	467109	4.096
NC_064226.1_600933	NC_064226.1	600933	4.128
NC_064226.1_908597	NC_064226.1	908597	-4.355
NC_064226.1_1026055	NC_064226.1	1026055	4.058
NC_064226.1_1100199	NC_064226.1	1100199	-4.934
NC_064226.1_1161339	NC_064226.1	1161339	-4.272
NC_064226.1_1179501	NC_064226.1	1179501	4.255
NC_064226.1_1245705	NC_064226.1	1245705	-4.135
NC_064226.1_1344919	NC_064226.1	1344919	-4.066
NC_064226.1_1389151	NC_064226.1	1389151	-4.002
NC_064226.1_1394235	NC_064226.1	1394235	-4.365
NC_064226.1_1405684	NC_064226.1	1405684	4.255
NC_064226.1_1740872	NC_064226.1	1740872	-4.076
NC_064226.1_1742942	NC_064226.1	1742942	-4.556
NC_064226.1_1808038	NC_064226.1	1808038	-4.588
NC_064226.1_1830657	NC_064226.1	1830657	-4.096
NC_064226.1_1864226	NC_064226.1	1864226	4.146
NC_064226.1_1993404	NC_064226.1	1993404	4.029
NC_064226.1_2183046	NC_064226.1	2183046	-4.205
NC_064226.1_2183048	NC_064226.1	2183048	-4.289
NC_064226.1_2183069	NC_064226.1	2183069	-4.071
NC_064226.1_2290470	NC_064226.1	2290470	-4.293
NC_064226.1_2722602	NC_064226.1	2722602	4.050
NC_064226.1_2843660	NC_064226.1	2843660	4.024
NC_064226.1_3307462	NC_064226.1	3307462	4.054
NC_064226.1_3307486	NC_064226.1	3307486	4.279
NC_064226.1_3362634	NC_064226.1	3362634	-4.027
NC_064226.1_3525102	NC_064226.1	3525102	-4.016
NC_064226.1_3579797	NC_064226.1	3579797	4.519
NC_064226.1_3741741	NC_064226.1	3741741	-4.236
NC_064226.1_3995567	NC_064226.1	3995567	4.102
NC_064226.1_4045446	NC_064226.1	4045446	-4.024
NC_064226.1_4052932	NC_064226.1	4052932	-4.132
NC_064226.1_4127716	NC_064226.1	4127716	-4.079
NC_064226.1_4242996	NC_064226.1	4242996	4.128
NC_064226.1_4289732	NC_064226.1	4289732	4.526
NC_064226.1_4301730	NC_064226.1	4301730	4.296
NC_064226.1_4363869	NC_064226.1	4363869	-4.022
NC_064226.1_4376839	NC_064226.1	4376839	-5.050
NC_064226.1_4376847	NC_064226.1	4376847	-4.809
NC_064226.1_4507608	NC_064226.1	4507608	-4.450
NC_064226.1_4555566	NC_064226.1	4555566	4.216
NC_064226.1_4674948	NC_064226.1	4674948	-4.394
NC_064226.1_4689500	NC_064226.1	4689500	4.256
NC_064226.1_4755828	NC_064226.1	4755828	-4.087
NC_064226.1_4790840	NC_064226.1	4790840	4.240
NC_064226.1_4834941	NC_064226.1	4834941	-4.012
NC_064226.1_5138024	NC_064226.1	5138024	4.423
NC_064226.1_5221916	NC_064226.1	5221916	-4.110
NC_064226.1_5284839	NC_064226.1	5284839	-4.141
NC_064226.1_5363230	NC_064226.1	5363230	-4.729
NC_064226.1_5543708	NC_064226.1	5543708	-4.555
NC_064226.1_5571129	NC_064226.1	5571129	4.228
NC_064226.1_6006710	NC_064226.1	6006710	-4.104
NC_064226.1_6021546	NC_064226.1	6021546	-4.097
NC_064226.1_6202444	NC_064226.1	6202444	4.394
NC_064226.1_6278037	NC_064226.1	6278037	-4.158
NC_064226.1_6307121	NC_064226.1	6307121	-4.804
NC_064226.1_6598058	NC_064226.1	6598058	-4.705
NC_064226.1_6681953	NC_064226.1	6681953	4.039
NC_064226.1_6706338	NC_064226.1	6706338	4.171
NC_064226.1_6778565	NC_064226.1	6778565	4.036
NC_064226.1_7058940	NC_064226.1	7058940	-4.094
NC_064226.1_7178237	NC_064226.1	7178237	4.535
NC_064226.1_7566676	NC_064226.1	7566676	-4.118
NC_064226.1_7566688	NC_064226.1	7566688	-4.051
NC_064226.1_7668090	NC_064226.1	7668090	4.302
NC_064226.1_7668114	NC_064226.1	7668114	4.126
NC_064226.1_7838930	NC_064226.1	7838930	-4.358
NC_064226.1_7999317	NC_064226.1	7999317	-4.627
NC_064226.1_8126900	NC_064226.1	8126900	-4.122
NC_064226.1_8132045	NC_064226.1	8132045	-4.164
NC_064226.1_8170005	NC_064226.1	8170005	-4.256
NC_064226.1_8281652	NC_064226.1	8281652	4.511
NC_064226.1_8284802	NC_064226.1	8284802	4.001
NC_064226.1_8373880	NC_064226.1	8373880	4.156
NC_064226.1_8433073	NC_064226.1	8433073	-4.070
NC_064226.1_8441759	NC_064226.1	8441759	-4.233
NC_064226.1_8595592	NC_064226.1	8595592	4.526
NC_064226.1_8802291	NC_064226.1	8802291	-4.185
NC_064226.1_8901063	NC_064226.1	8901063	-4.030
NC_064226.1_8926083	NC_064226.1	8926083	-4.067
NC_064226.1_8986186	NC_064226.1	8986186	4.273
NC_064226.1_8986247	NC_064226.1	8986247	4.100
NC_064226.1_9027037	NC_064226.1	9027037	-4.157
NC_064226.1_9188779	NC_064226.1	9188779	4.134
NC_064226.1_9202224	NC_064226.1	9202224	-4.187
NC_064226.1_9365044	NC_064226.1	9365044	-4.004
NC_064226.1_9367534	NC_064226.1	9367534	4.071
NC_064226.1_9788296	NC_064226.1	9788296	4.758
NC_064226.1_9797522	NC_064226.1	9797522	-4.021
NC_064226.1_9797875	NC_064226.1	9797875	-4.333
NC_064226.1_9937618	NC_064226.1	9937618	4.033
NC_064226.1_10116321	NC_064226.1	10116321	-4.313
NC_064226.1_10470919	NC_064226.1	10470919	-4.375
NC_064226.1_10506618	NC_064226.1	10506618	-4.020
NC_064226.1_10633901	NC_064226.1	10633901	-4.483
NC_064226.1_10808737	NC_064226.1	10808737	-4.351
NC_064226.1_10808776	NC_064226.1	10808776	-4.227
NC_064226.1_10872465	NC_064226.1	10872465	-4.036
NC_064226.1_11197763	NC_064226.1	11197763	-4.057
NC_064226.1_11343342	NC_064226.1	11343342	-4.196
NC_064226.1_11391019	NC_064226.1	11391019	4.607
NC_064226.1_11534083	NC_064226.1	11534083	-4.008
NC_064226.1_12061900	NC_064226.1	12061900	4.218
NC_064226.1_12274941	NC_064226.1	12274941	-4.065
NC_064226.1_12450481	NC_064226.1	12450481	5.166
NC_064226.1_12613456	NC_064226.1	12613456	-4.072
NC_064226.1_12618355	NC_064226.1	12618355	-4.080
NC_064226.1_12627473	NC_064226.1	12627473	-4.096
NC_064226.1_12849581	NC_064226.1	12849581	-4.004
NC_064226.1_12885320	NC_064226.1	12885320	4.100
NC_064226.1_12952684	NC_064226.1	12952684	-4.129
NC_064226.1_13191262	NC_064226.1	13191262	-4.213
NC_064226.1_13256819	NC_064226.1	13256819	-4.011
NC_064226.1_13354716	NC_064226.1	13354716	4.149
NC_064226.1_13490191	NC_064226.1	13490191	-4.626
NC_064226.1_13512974	NC_064226.1	13512974	4.244
NC_064226.1_13564207	NC_064226.1	13564207	-4.107
NC_064226.1_13618584	NC_064226.1	13618584	-4.183
NC_064226.1_13634160	NC_064226.1	13634160	4.248
NC_064226.1_13634170	NC_064226.1	13634170	4.251
NC_064226.1_13660910	NC_064226.1	13660910	-4.958
NC_064226.1_13670803	NC_064226.1	13670803	-4.009
NC_064226.1_13671003	NC_064226.1	13671003	-4.296
NC_064226.1_13672445	NC_064226.1	13672445	4.295
NC_064226.1_13864419	NC_064226.1	13864419	4.809
NC_064226.1_13865171	NC_064226.1	13865171	4.541
NC_064226.1_13882187	NC_064226.1	13882187	-4.377
NC_064226.1_13888548	NC_064226.1	13888548	4.167
NC_064226.1_13915700	NC_064226.1	13915700	-4.262
NC_064226.1_13950053	NC_064226.1	13950053	-4.242
NC_064226.1_14170827	NC_064226.1	14170827	-4.112
NC_064226.1_14286403	NC_064226.1	14286403	4.649
NC_064226.1_14296128	NC_064226.1	14296128	-4.242
NC_064226.1_14547091	NC_064226.1	14547091	-4.160
NC_064226.1_14581875	NC_064226.1	14581875	4.449
NC_064226.1_14649683	NC_064226.1	14649683	4.236
NC_064226.1_14653491	NC_064226.1	14653491	-4.401
NC_064226.1_14756072	NC_064226.1	14756072	-4.300
NC_064226.1_14833599	NC_064226.1	14833599	4.319
NC_064226.1_14872106	NC_064226.1	14872106	-4.113
NC_064226.1_14876170	NC_064226.1	14876170	-4.251
NC_064226.1_14907598	NC_064226.1	14907598	4.330
NC_064226.1_15022907	NC_064226.1	15022907	4.116
NC_064226.1_15150945	NC_064226.1	15150945	-4.297
NC_064226.1_15216604	NC_064226.1	15216604	-4.108
NC_064226.1_15236260	NC_064226.1	15236260	-4.172
NC_064226.1_15236678	NC_064226.1	15236678	-4.102
NC_064226.1_15240879	NC_064226.1	15240879	-4.417
NC_064226.1_15241871	NC_064226.1	15241871	-4.172
NC_064226.1_15241873	NC_064226.1	15241873	-4.045
NC_064226.1_15241902	NC_064226.1	15241902	-4.309
NC_064226.1_15245207	NC_064226.1	15245207	-4.319
NC_064226.1_15245278	NC_064226.1	15245278	-4.398
NC_064226.1_15245310	NC_064226.1	15245310	-4.294
NC_064226.1_15266247	NC_064226.1	15266247	-4.297
NC_064226.1_15279098	NC_064226.1	15279098	-5.684
NC_064226.1_15325172	NC_064226.1	15325172	-4.584
NC_064226.1_15359166	NC_064226.1	15359166	4.038
NC_064226.1_15369362	NC_064226.1	15369362	-4.108
NC_064227.1_23097	NC_064227.1	23097	4.272
NC_064227.1_266530	NC_064227.1	266530	-4.498
NC_064227.1_516846	NC_064227.1	516846	-4.078
NC_064227.1_531028	NC_064227.1	531028	-4.818
NC_064227.1_589107	NC_064227.1	589107	4.171
NC_064227.1_589108	NC_064227.1	589108	4.018
NC_064227.1_642298	NC_064227.1	642298	4.399
NC_064227.1_650721	NC_064227.1	650721	-4.242
NC_064227.1_650724	NC_064227.1	650724	-4.033
NC_064227.1_779139	NC_064227.1	779139	-4.100
NC_064227.1_980036	NC_064227.1	980036	-4.018
NC_064227.1_994389	NC_064227.1	994389	-4.967
NC_064227.1_1175148	NC_064227.1	1175148	-4.269
NC_064227.1_1220181	NC_064227.1	1220181	4.245
NC_064227.1_1332793	NC_064227.1	1332793	4.198
NC_064227.1_1427434	NC_064227.1	1427434	-4.432
NC_064227.1_1519147	NC_064227.1	1519147	4.125
NC_064227.1_1644090	NC_064227.1	1644090	4.331
NC_064227.1_1649801	NC_064227.1	1649801	-4.434
NC_064227.1_1655920	NC_064227.1	1655920	-4.500
NC_064227.1_1698992	NC_064227.1	1698992	-4.194
NC_064227.1_1740283	NC_064227.1	1740283	4.382
NC_064227.1_1796792	NC_064227.1	1796792	4.029
NC_064227.1_1813523	NC_064227.1	1813523	4.289
NC_064227.1_2106115	NC_064227.1	2106115	-4.116
NC_064227.1_2210545	NC_064227.1	2210545	-4.293
NC_064227.1_2490340	NC_064227.1	2490340	4.155
NC_064227.1_2542298	NC_064227.1	2542298	4.017
NC_064227.1_2545336	NC_064227.1	2545336	-4.150
NC_064227.1_2557191	NC_064227.1	2557191	-4.296
NC_064227.1_2557197	NC_064227.1	2557197	-4.639
NC_064227.1_2745110	NC_064227.1	2745110	4.013
NC_064227.1_2802232	NC_064227.1	2802232	4.139
NC_064227.1_2805274	NC_064227.1	2805274	-4.090
NC_064227.1_2860100	NC_064227.1	2860100	4.099
NC_064227.1_3101093	NC_064227.1	3101093	4.894
NC_064227.1_3210815	NC_064227.1	3210815	-5.103
NC_064227.1_3374296	NC_064227.1	3374296	-4.155
NC_064227.1_3478871	NC_064227.1	3478871	4.256
NC_064227.1_3509491	NC_064227.1	3509491	-4.045
NC_064227.1_3562559	NC_064227.1	3562559	-4.145
NC_064227.1_3834741	NC_064227.1	3834741	4.074
NC_064227.1_4178023	NC_064227.1	4178023	-4.138
NC_064227.1_4208695	NC_064227.1	4208695	-4.246
NC_064227.1_4238103	NC_064227.1	4238103	-4.366
NC_064227.1_4320280	NC_064227.1	4320280	4.570
NC_064227.1_4334887	NC_064227.1	4334887	-4.044
NC_064227.1_4334888	NC_064227.1	4334888	-4.504
NC_064227.1_4351395	NC_064227.1	4351395	4.115
NC_064227.1_4444108	NC_064227.1	4444108	4.424
NC_064227.1_4459197	NC_064227.1	4459197	-4.271
NC_064227.1_4558262	NC_064227.1	4558262	-4.454
NC_064227.1_4569935	NC_064227.1	4569935	-4.259
NC_064227.1_4748698	NC_064227.1	4748698	4.414
NC_064227.1_4800980	NC_064227.1	4800980	-4.522
NC_064227.1_4864027	NC_064227.1	4864027	-4.723
NC_064227.1_4905077	NC_064227.1	4905077	4.065
NC_064227.1_4905087	NC_064227.1	4905087	4.855
NC_064227.1_4905134	NC_064227.1	4905134	4.172
NC_064227.1_4905147	NC_064227.1	4905147	4.326
NC_064227.1_5012807	NC_064227.1	5012807	-4.263
NC_064227.1_5149640	NC_064227.1	5149640	-4.124
NC_064227.1_5272065	NC_064227.1	5272065	4.378
NC_064227.1_5291357	NC_064227.1	5291357	-4.235
NC_064227.1_5425211	NC_064227.1	5425211	4.394
NC_064227.1_5570750	NC_064227.1	5570750	-4.411
NC_064227.1_5990380	NC_064227.1	5990380	-4.115
NC_064227.1_6095762	NC_064227.1	6095762	-4.124
NC_064227.1_6323187	NC_064227.1	6323187	-4.103
NC_064227.1_6656920	NC_064227.1	6656920	4.325
NC_064227.1_6695133	NC_064227.1	6695133	-5.196
NC_064227.1_6837539	NC_064227.1	6837539	4.477
NC_064227.1_6894545	NC_064227.1	6894545	-4.149
NC_064227.1_6958638	NC_064227.1	6958638	4.142
NC_064227.1_6973810	NC_064227.1	6973810	-4.047
NC_064227.1_7336200	NC_064227.1	7336200	4.059
NC_064227.1_7484710	NC_064227.1	7484710	4.553
NC_064227.1_7625609	NC_064227.1	7625609	-4.440
NC_064227.1_7774971	NC_064227.1	7774971	4.465
NC_064227.1_8029233	NC_064227.1	8029233	-4.306
NC_064227.1_8042550	NC_064227.1	8042550	-4.091
NC_064227.1_8166866	NC_064227.1	8166866	-4.383
NC_064227.1_8314948	NC_064227.1	8314948	4.008
NC_064227.1_8363616	NC_064227.1	8363616	-4.338
NC_064227.1_8427177	NC_064227.1	8427177	-4.152
NC_064227.1_8589117	NC_064227.1	8589117	4.045
NC_064227.1_8681614	NC_064227.1	8681614	-4.528
NC_064227.1_8792295	NC_064227.1	8792295	-4.213
NC_064227.1_8854241	NC_064227.1	8854241	4.039
NC_064227.1_8859894	NC_064227.1	8859894	-4.274
NC_064227.1_8899521	NC_064227.1	8899521	-5.113
NC_064227.1_8899522	NC_064227.1	8899522	-5.053
NC_064227.1_8918848	NC_064227.1	8918848	4.463
NC_064228.1_87263	NC_064228.1	87263	-4.255
NC_064228.1_106540	NC_064228.1	106540	4.140
NC_064228.1_106546	NC_064228.1	106546	4.689
NC_064228.1_141597	NC_064228.1	141597	-4.418
NC_064228.1_370217	NC_064228.1	370217	4.029
NC_064228.1_371470	NC_064228.1	371470	4.371
NC_064228.1_478341	NC_064228.1	478341	4.148
NC_064228.1_540636	NC_064228.1	540636	-4.030
NC_064228.1_610627	NC_064228.1	610627	-4.046
NC_064228.1_677931	NC_064228.1	677931	-4.045
NC_064228.1_756579	NC_064228.1	756579	-4.093
NC_064228.1_845864	NC_064228.1	845864	4.166
NC_064228.1_1039941	NC_064228.1	1039941	4.005
NC_064228.1_1412234	NC_064228.1	1412234	-4.009
NC_064228.1_1456333	NC_064228.1	1456333	4.557
NC_064228.1_1733066	NC_064228.1	1733066	-4.082
NC_064228.1_1835161	NC_064228.1	1835161	4.245
NC_064228.1_1850690	NC_064228.1	1850690	-4.066
NC_064228.1_1927720	NC_064228.1	1927720	4.245
NC_064228.1_2001343	NC_064228.1	2001343	-4.536
NC_064228.1_2362485	NC_064228.1	2362485	-4.142
NC_064228.1_2485313	NC_064228.1	2485313	4.136
NC_064228.1_2485331	NC_064228.1	2485331	4.174
NC_064228.1_2532367	NC_064228.1	2532367	-4.071
NC_064228.1_2596284	NC_064228.1	2596284	4.235
NC_064228.1_2845968	NC_064228.1	2845968	4.394
NC_064228.1_2854371	NC_064228.1	2854371	5.064
NC_064228.1_2935795	NC_064228.1	2935795	-4.417
NC_064228.1_3109780	NC_064228.1	3109780	4.774
NC_064228.1_3201304	NC_064228.1	3201304	-4.044
NC_064228.1_3231797	NC_064228.1	3231797	-4.082
NC_064228.1_3231801	NC_064228.1	3231801	-4.281
NC_064228.1_3277679	NC_064228.1	3277679	-4.165
NC_064228.1_3386592	NC_064228.1	3386592	-5.644
NC_064228.1_3555895	NC_064228.1	3555895	-4.103
NC_064228.1_3861177	NC_064228.1	3861177	4.028
NC_064228.1_4044259	NC_064228.1	4044259	4.101
NC_064228.1_4051631	NC_064228.1	4051631	4.840
NC_064228.1_4182490	NC_064228.1	4182490	-4.650
NC_064228.1_4229006	NC_064228.1	4229006	-4.016
NC_064228.1_4229052	NC_064228.1	4229052	-5.018
NC_064228.1_4571953	NC_064228.1	4571953	-4.309
NC_064228.1_4850790	NC_064228.1	4850790	-4.041
NC_064228.1_5050869	NC_064228.1	5050869	-4.449
NC_064228.1_5174543	NC_064228.1	5174543	4.060
NC_064228.1_5387147	NC_064228.1	5387147	-4.577
NC_064228.1_5395471	NC_064228.1	5395471	-4.298
NC_064228.1_5455147	NC_064228.1	5455147	4.979
NC_064228.1_5521211	NC_064228.1	5521211	4.104
NC_064228.1_5521212	NC_064228.1	5521212	4.031
NC_064228.1_5561936	NC_064228.1	5561936	-4.017
NC_064228.1_5717080	NC_064228.1	5717080	4.153
NC_064228.1_5921936	NC_064228.1	5921936	4.035
NC_064228.1_5953162	NC_064228.1	5953162	4.280
NC_064228.1_6300851	NC_064228.1	6300851	-4.272
NC_064228.1_6439818	NC_064228.1	6439818	-4.439
NC_064228.1_6668606	NC_064228.1	6668606	-4.143
NC_064228.1_6883444	NC_064228.1	6883444	4.203
NC_064228.1_6888870	NC_064228.1	6888870	4.369
NC_064228.1_6898289	NC_064228.1	6898289	-4.347
NC_064228.1_6956130	NC_064228.1	6956130	4.085
NC_064228.1_7014512	NC_064228.1	7014512	-4.024
NC_064228.1_7061926	NC_064228.1	7061926	-4.052
NC_064228.1_7319547	NC_064228.1	7319547	-4.175
NC_064228.1_7466536	NC_064228.1	7466536	-4.718
NC_064228.1_7471104	NC_064228.1	7471104	4.075
NC_064228.1_7650467	NC_064228.1	7650467	-4.208
NC_064228.1_7713148	NC_064228.1	7713148	4.178
NC_064228.1_7816698	NC_064228.1	7816698	4.374
NC_064228.1_8004903	NC_064228.1	8004903	4.047
NC_064228.1_8004905	NC_064228.1	8004905	4.409
NC_064228.1_8005085	NC_064228.1	8005085	4.023
NC_064228.1_8030514	NC_064228.1	8030514	4.157
NC_064228.1_8237442	NC_064228.1	8237442	4.945
NC_064228.1_8237489	NC_064228.1	8237489	-4.304
NC_064228.1_8237500	NC_064228.1	8237500	-4.204
NC_064228.1_8255184	NC_064228.1	8255184	-4.005
NC_064228.1_8345393	NC_064228.1	8345393	-4.321
NC_064228.1_8495771	NC_064228.1	8495771	4.337
NC_064228.1_8574514	NC_064228.1	8574514	4.278
NC_064228.1_8671006	NC_064228.1	8671006	-4.698
NC_064228.1_8738961	NC_064228.1	8738961	-4.044
NC_064228.1_8840285	NC_064228.1	8840285	4.273
NC_064228.1_8924145	NC_064228.1	8924145	4.422
NC_064228.1_8941173	NC_064228.1	8941173	-4.854
NC_064228.1_8961229	NC_064228.1	8961229	4.349
NC_064229.1_80309	NC_064229.1	80309	4.875
NC_064229.1_100208	NC_064229.1	100208	-4.398
NC_064229.1_101111	NC_064229.1	101111	-4.433
NC_064229.1_101138	NC_064229.1	101138	-4.598
NC_064229.1_101149	NC_064229.1	101149	-4.180
NC_064229.1_104202	NC_064229.1	104202	-4.250
NC_064229.1_111236	NC_064229.1	111236	-4.001
NC_064229.1_113597	NC_064229.1	113597	-4.293
NC_064229.1_116716	NC_064229.1	116716	-4.014
NC_064229.1_116815	NC_064229.1	116815	4.036
NC_064229.1_118954	NC_064229.1	118954	-4.550
NC_064229.1_119387	NC_064229.1	119387	-4.116
NC_064229.1_120938	NC_064229.1	120938	-4.542
NC_064229.1_131880	NC_064229.1	131880	-4.100
NC_064229.1_135257	NC_064229.1	135257	-4.476
NC_064229.1_236420	NC_064229.1	236420	-4.173
NC_064229.1_243603	NC_064229.1	243603	4.299
NC_064229.1_244418	NC_064229.1	244418	-4.455
NC_064229.1_283809	NC_064229.1	283809	4.183
NC_064229.1_312241	NC_064229.1	312241	-4.425
NC_064229.1_333027	NC_064229.1	333027	-4.486
NC_064229.1_361224	NC_064229.1	361224	-4.035
NC_064229.1_379901	NC_064229.1	379901	-4.271
NC_064229.1_522466	NC_064229.1	522466	-4.298
NC_064229.1_609010	NC_064229.1	609010	4.128
NC_064229.1_727220	NC_064229.1	727220	-4.330
NC_064229.1_795568	NC_064229.1	795568	4.151
NC_064229.1_989829	NC_064229.1	989829	-4.291
NC_064229.1_989834	NC_064229.1	989834	-4.007
NC_064229.1_1257156	NC_064229.1	1257156	4.717
NC_064229.1_1324471	NC_064229.1	1324471	4.481
NC_064229.1_1373815	NC_064229.1	1373815	4.126
NC_064229.1_1388431	NC_064229.1	1388431	-5.045
NC_064229.1_1394040	NC_064229.1	1394040	4.196
NC_064229.1_1434212	NC_064229.1	1434212	-4.834
NC_064229.1_1699779	NC_064229.1	1699779	-4.026
NC_064229.1_1745986	NC_064229.1	1745986	4.258
NC_064229.1_1757686	NC_064229.1	1757686	-4.200
NC_064229.1_1804390	NC_064229.1	1804390	4.565
NC_064229.1_1831315	NC_064229.1	1831315	4.106
NC_064229.1_1840597	NC_064229.1	1840597	4.038
NC_064229.1_1842005	NC_064229.1	1842005	-4.258
NC_064229.1_1873073	NC_064229.1	1873073	-4.291
NC_064229.1_1943424	NC_064229.1	1943424	4.109
NC_064229.1_1982641	NC_064229.1	1982641	-4.172
NC_064229.1_2041740	NC_064229.1	2041740	4.133
NC_064229.1_2258271	NC_064229.1	2258271	4.271
NC_064229.1_2268651	NC_064229.1	2268651	-4.073
NC_064229.1_2301606	NC_064229.1	2301606	4.050
NC_064229.1_2350723	NC_064229.1	2350723	-4.102
NC_064229.1_2406072	NC_064229.1	2406072	-4.309
NC_064229.1_2513145	NC_064229.1	2513145	-4.019
NC_064229.1_2527864	NC_064229.1	2527864	-4.233
NC_064229.1_2538218	NC_064229.1	2538218	4.596
NC_064229.1_2629419	NC_064229.1	2629419	4.351
NC_064229.1_2760135	NC_064229.1	2760135	4.172
NC_064229.1_2856135	NC_064229.1	2856135	-4.089
NC_064229.1_2949842	NC_064229.1	2949842	4.494
NC_064229.1_2964811	NC_064229.1	2964811	4.051
NC_064229.1_3080787	NC_064229.1	3080787	4.501
NC_064229.1_3080788	NC_064229.1	3080788	4.503
NC_064229.1_3081410	NC_064229.1	3081410	-4.014
NC_064229.1_3081817	NC_064229.1	3081817	4.152
NC_064229.1_3081845	NC_064229.1	3081845	4.291
NC_064229.1_3103999	NC_064229.1	3103999	-4.367
NC_064229.1_3104003	NC_064229.1	3104003	-4.171
NC_064229.1_3129310	NC_064229.1	3129310	-4.097
NC_064229.1_3129331	NC_064229.1	3129331	-4.091
NC_064229.1_3129431	NC_064229.1	3129431	-4.529
NC_064229.1_3132130	NC_064229.1	3132130	4.630
NC_064229.1_3137086	NC_064229.1	3137086	-4.735
NC_064229.1_3137091	NC_064229.1	3137091	4.128
NC_064229.1_3144377	NC_064229.1	3144377	-4.185
NC_064229.1_3147418	NC_064229.1	3147418	4.019
NC_064229.1_3154189	NC_064229.1	3154189	-4.120
NC_064229.1_3169478	NC_064229.1	3169478	4.669
NC_064229.1_3169480	NC_064229.1	3169480	4.286
NC_064229.1_3169481	NC_064229.1	3169481	4.512
NC_064229.1_3170183	NC_064229.1	3170183	-4.639
NC_064229.1_3170228	NC_064229.1	3170228	-4.005
NC_064229.1_3183392	NC_064229.1	3183392	-4.252
NC_064229.1_3184287	NC_064229.1	3184287	-4.008
NC_064229.1_3205380	NC_064229.1	3205380	-4.082
NC_064229.1_3287788	NC_064229.1	3287788	-4.349
NC_064229.1_3326160	NC_064229.1	3326160	-4.318
NC_064229.1_3331278	NC_064229.1	3331278	-4.062
NC_064229.1_3337555	NC_064229.1	3337555	4.044
NC_064229.1_3348967	NC_064229.1	3348967	4.412
NC_064229.1_3351504	NC_064229.1	3351504	-4.204
NC_064229.1_3408167	NC_064229.1	3408167	-4.655
NC_064229.1_3514877	NC_064229.1	3514877	-4.867
NC_064229.1_3562255	NC_064229.1	3562255	4.821
NC_064229.1_3616433	NC_064229.1	3616433	4.038
NC_064229.1_3644366	NC_064229.1	3644366	-4.244
NC_064229.1_3671083	NC_064229.1	3671083	4.016
NC_064229.1_3687053	NC_064229.1	3687053	4.100
NC_064229.1_3690778	NC_064229.1	3690778	-4.454
NC_064229.1_3695196	NC_064229.1	3695196	-4.163
NC_064229.1_3695202	NC_064229.1	3695202	-4.771
NC_064229.1_3695204	NC_064229.1	3695204	-4.645
NC_064229.1_3695208	NC_064229.1	3695208	-4.517
NC_064229.1_3753937	NC_064229.1	3753937	-4.200
NC_064229.1_3853978	NC_064229.1	3853978	-4.445
NC_064229.1_3860907	NC_064229.1	3860907	-4.387
NC_064229.1_3870200	NC_064229.1	3870200	-4.113
NC_064229.1_3879794	NC_064229.1	3879794	4.363
NC_064229.1_3902349	NC_064229.1	3902349	-4.164
NC_064229.1_3902350	NC_064229.1	3902350	-4.608
NC_064229.1_3909424	NC_064229.1	3909424	-4.471
NC_064229.1_3958158	NC_064229.1	3958158	4.114
NC_064229.1_4099404	NC_064229.1	4099404	-4.228
NC_064229.1_4112579	NC_064229.1	4112579	-4.182
NC_064229.1_4150514	NC_064229.1	4150514	-4.069
NC_064229.1_4157702	NC_064229.1	4157702	-4.274
NC_064229.1_4173087	NC_064229.1	4173087	4.257
NC_064229.1_4173098	NC_064229.1	4173098	4.050
NC_064229.1_4174766	NC_064229.1	4174766	-4.321
NC_064229.1_4271024	NC_064229.1	4271024	-4.173
NC_064229.1_4365175	NC_064229.1	4365175	-4.661
NC_064229.1_4369014	NC_064229.1	4369014	4.410
NC_064229.1_4370734	NC_064229.1	4370734	-4.065
NC_064229.1_4371223	NC_064229.1	4371223	-4.046
NC_064229.1_4382261	NC_064229.1	4382261	-4.755
NC_064229.1_4382266	NC_064229.1	4382266	-4.123
NC_064229.1_4382750	NC_064229.1	4382750	-4.045
NC_064229.1_4496049	NC_064229.1	4496049	4.087
NC_064229.1_4934517	NC_064229.1	4934517	-4.025
NC_064229.1_4955531	NC_064229.1	4955531	-4.525
NC_064229.1_4955534	NC_064229.1	4955534	-4.578
NC_064229.1_4955556	NC_064229.1	4955556	-4.901
NC_064229.1_5134791	NC_064229.1	5134791	-4.249
NC_064229.1_5157272	NC_064229.1	5157272	-4.036
NC_064229.1_5182117	NC_064229.1	5182117	-4.116
NC_064229.1_5186450	NC_064229.1	5186450	-4.081
NC_064229.1_5261510	NC_064229.1	5261510	-4.102
NC_064229.1_5276861	NC_064229.1	5276861	-4.144
NC_064229.1_5276863	NC_064229.1	5276863	-4.748
NC_064229.1_5412024	NC_064229.1	5412024	4.115
NC_064229.1_5543287	NC_064229.1	5543287	-4.277
NC_064229.1_5587237	NC_064229.1	5587237	-4.173
NC_064229.1_5607395	NC_064229.1	5607395	-4.057
NC_064229.1_6194524	NC_064229.1	6194524	4.878
NC_064229.1_6533149	NC_064229.1	6533149	-4.272
NC_064229.1_6728157	NC_064229.1	6728157	-4.035
NC_064229.1_6728414	NC_064229.1	6728414	-4.007
NC_064229.1_6916152	NC_064229.1	6916152	4.348
NC_064229.1_7080437	NC_064229.1	7080437	4.292
NC_064229.1_7093782	NC_064229.1	7093782	4.775
NC_064229.1_7209293	NC_064229.1	7209293	4.205
NC_064229.1_7378289	NC_064229.1	7378289	-4.044
NC_064229.1_7473112	NC_064229.1	7473112	4.057
NC_064229.1_7632341	NC_064229.1	7632341	-4.260
NC_064229.1_7633450	NC_064229.1	7633450	-4.193
NC_064229.1_7700019	NC_064229.1	7700019	-4.019
NC_064229.1_7724918	NC_064229.1	7724918	5.237
NC_064229.1_7813296	NC_064229.1	7813296	-4.121
NC_064229.1_7835428	NC_064229.1	7835428	-4.218
NC_064229.1_8096156	NC_064229.1	8096156	4.320
NC_064229.1_8242301	NC_064229.1	8242301	-4.073
NC_064229.1_8449672	NC_064229.1	8449672	4.201
NC_064229.1_8958174	NC_064229.1	8958174	4.101
NC_064229.1_9291349	NC_064229.1	9291349	4.058
NC_064229.1_9362177	NC_064229.1	9362177	4.403
NC_064229.1_9646314	NC_064229.1	9646314	4.509
NC_064229.1_9659077	NC_064229.1	9659077	4.038
NC_064229.1_10120348	NC_064229.1	10120348	-4.166
NC_064229.1_10120526	NC_064229.1	10120526	4.293
NC_064229.1_10337873	NC_064229.1	10337873	4.384
NC_064229.1_10414970	NC_064229.1	10414970	4.055
NC_064229.1_10564553	NC_064229.1	10564553	-4.072
NC_064229.1_10566531	NC_064229.1	10566531	-4.341
NC_064229.1_10567721	NC_064229.1	10567721	-4.223
NC_064229.1_10606637	NC_064229.1	10606637	-4.553
NC_064229.1_10726210	NC_064229.1	10726210	4.204
NC_064229.1_10929050	NC_064229.1	10929050	-4.391
NC_064229.1_10979733	NC_064229.1	10979733	-5.288
NC_064229.1_10982448	NC_064229.1	10982448	-4.030
NC_064229.1_11138086	NC_064229.1	11138086	-4.141
NC_064229.1_11139327	NC_064229.1	11139327	-4.511
NC_064229.1_11159472	NC_064229.1	11159472	-4.222
NC_064229.1_11319043	NC_064229.1	11319043	-4.537
NC_064229.1_11423732	NC_064229.1	11423732	4.042
NC_064229.1_11427963	NC_064229.1	11427963	-4.221
NC_064229.1_11428411	NC_064229.1	11428411	-4.093
NC_064229.1_11436367	NC_064229.1	11436367	-4.980
NC_064229.1_11497183	NC_064229.1	11497183	4.313
NC_064230.1_222417	NC_064230.1	222417	4.233
NC_064230.1_303624	NC_064230.1	303624	4.580
NC_064230.1_416289	NC_064230.1	416289	4.199
NC_064230.1_419656	NC_064230.1	419656	-4.818
NC_064230.1_445998	NC_064230.1	445998	4.235
NC_064230.1_488346	NC_064230.1	488346	-4.137
NC_064230.1_687801	NC_064230.1	687801	-4.245
NC_064230.1_740880	NC_064230.1	740880	-4.435
NC_064230.1_851525	NC_064230.1	851525	-5.024
NC_064230.1_927753	NC_064230.1	927753	4.258
NC_064230.1_1048152	NC_064230.1	1048152	-5.480
NC_064230.1_1048155	NC_064230.1	1048155	-4.923
NC_064230.1_1199963	NC_064230.1	1199963	-4.841
NC_064230.1_1381661	NC_064230.1	1381661	4.180
NC_064230.1_1434368	NC_064230.1	1434368	-4.161
NC_064230.1_1701942	NC_064230.1	1701942	-4.143
NC_064230.1_1712690	NC_064230.1	1712690	4.140
NC_064230.1_1963833	NC_064230.1	1963833	-4.463
NC_064230.1_2049530	NC_064230.1	2049530	4.212
NC_064230.1_2206206	NC_064230.1	2206206	4.145
NC_064230.1_2246772	NC_064230.1	2246772	4.108
NC_064230.1_2369610	NC_064230.1	2369610	-4.303
NC_064230.1_2468430	NC_064230.1	2468430	-5.473
NC_064230.1_2529173	NC_064230.1	2529173	4.164
NC_064230.1_2562881	NC_064230.1	2562881	4.106
NC_064230.1_2582384	NC_064230.1	2582384	-4.195
NC_064230.1_2598226	NC_064230.1	2598226	4.132
NC_064230.1_2806151	NC_064230.1	2806151	-4.439
NC_064230.1_2911098	NC_064230.1	2911098	-4.111
NC_064230.1_2919193	NC_064230.1	2919193	-4.055
NC_064230.1_2975641	NC_064230.1	2975641	-4.775
NC_064230.1_2975656	NC_064230.1	2975656	-4.028
NC_064230.1_3091223	NC_064230.1	3091223	-4.249
NC_064230.1_3263427	NC_064230.1	3263427	-4.265
NC_064230.1_3263754	NC_064230.1	3263754	4.076
NC_064230.1_3293143	NC_064230.1	3293143	4.340
NC_064230.1_3339644	NC_064230.1	3339644	-4.074
NC_064230.1_3369742	NC_064230.1	3369742	-4.287
NC_064230.1_3457399	NC_064230.1	3457399	-4.022
NC_064230.1_3471482	NC_064230.1	3471482	4.054
NC_064230.1_3634195	NC_064230.1	3634195	4.381
NC_064230.1_3687553	NC_064230.1	3687553	-4.143
NC_064230.1_3758963	NC_064230.1	3758963	4.795
NC_064230.1_4099723	NC_064230.1	4099723	4.094
NC_064230.1_5378517	NC_064230.1	5378517	-4.044
NC_064230.1_6543978	NC_064230.1	6543978	4.021
NC_064230.1_6636394	NC_064230.1	6636394	-4.100
NC_064230.1_6652906	NC_064230.1	6652906	-4.359
NC_064230.1_6667621	NC_064230.1	6667621	4.064
NC_064230.1_6762996	NC_064230.1	6762996	-4.096
NC_064230.1_6763200	NC_064230.1	6763200	4.287
NC_064230.1_6792621	NC_064230.1	6792621	-4.067
NC_064230.1_6907772	NC_064230.1	6907772	-4.325
NC_064230.1_6939010	NC_064230.1	6939010	-4.567
NC_064230.1_7214824	NC_064230.1	7214824	4.399
NC_064231.1_8286	NC_064231.1	8286	-4.077
NC_064231.1_377947	NC_064231.1	377947	4.012
NC_064231.1_764148	NC_064231.1	764148	-4.554
NC_064231.1_803018	NC_064231.1	803018	-4.026
NC_064231.1_1024358	NC_064231.1	1024358	4.736
NC_064231.1_1024359	NC_064231.1	1024359	4.005
NC_064231.1_1047880	NC_064231.1	1047880	4.012
NC_064231.1_1535438	NC_064231.1	1535438	4.169
NC_064231.1_1852642	NC_064231.1	1852642	4.068
NC_064231.1_1973109	NC_064231.1	1973109	4.191
NC_064231.1_1979490	NC_064231.1	1979490	-4.164
NC_064231.1_2003775	NC_064231.1	2003775	-4.367
NC_064231.1_2193580	NC_064231.1	2193580	4.617
NC_064231.1_2212811	NC_064231.1	2212811	4.771
NC_064231.1_2317296	NC_064231.1	2317296	5.229
NC_064231.1_2317312	NC_064231.1	2317312	4.693
NC_064231.1_2444371	NC_064231.1	2444371	-4.098
NC_064231.1_2658370	NC_064231.1	2658370	-4.056
NC_064231.1_2671691	NC_064231.1	2671691	4.191
NC_064231.1_2695290	NC_064231.1	2695290	-4.176
NC_064231.1_2730940	NC_064231.1	2730940	-4.237
NC_064231.1_2892676	NC_064231.1	2892676	-4.038
NC_064231.1_3062153	NC_064231.1	3062153	-4.314
NC_064231.1_3177728	NC_064231.1	3177728	5.272
NC_064231.1_3518904	NC_064231.1	3518904	4.231
NC_064231.1_3916295	NC_064231.1	3916295	4.045
NC_064231.1_4032505	NC_064231.1	4032505	-4.130
NC_064231.1_4218757	NC_064231.1	4218757	-4.120
NC_064231.1_4305018	NC_064231.1	4305018	4.196
NC_064231.1_4306555	NC_064231.1	4306555	4.135
NC_064231.1_4363047	NC_064231.1	4363047	4.323
NC_064231.1_4447279	NC_064231.1	4447279	4.029
NC_064231.1_4775523	NC_064231.1	4775523	-4.118
NC_064231.1_4958678	NC_064231.1	4958678	-4.230
NC_064231.1_4993618	NC_064231.1	4993618	4.678
NC_064231.1_5005280	NC_064231.1	5005280	-4.000
NC_064231.1_5067084	NC_064231.1	5067084	-4.044
NC_064231.1_5081204	NC_064231.1	5081204	4.206
NC_064231.1_5502643	NC_064231.1	5502643	4.484
NC_064231.1_5547250	NC_064231.1	5547250	-4.116
NC_064231.1_5573503	NC_064231.1	5573503	-4.527
NC_064231.1_5607670	NC_064231.1	5607670	-4.041
NC_064231.1_5626827	NC_064231.1	5626827	4.405
NC_064231.1_5628659	NC_064231.1	5628659	-4.131
NC_064231.1_5632576	NC_064231.1	5632576	-4.984
NC_064231.1_5673997	NC_064231.1	5673997	-4.376
NC_064231.1_5693757	NC_064231.1	5693757	-4.069
NC_064231.1_5702345	NC_064231.1	5702345	-5.512
NC_064231.1_6091737	NC_064231.1	6091737	-4.134
NC_064231.1_6173529	NC_064231.1	6173529	4.278
NC_064231.1_6242679	NC_064231.1	6242679	-4.684
NC_064231.1_6242683	NC_064231.1	6242683	-4.814
NC_064231.1_6242687	NC_064231.1	6242687	4.155
NC_064231.1_6331194	NC_064231.1	6331194	-4.402
NC_064231.1_6371934	NC_064231.1	6371934	-4.166
NC_064231.1_6811990	NC_064231.1	6811990	4.307
NC_064231.1_6950317	NC_064231.1	6950317	-4.346
NC_064231.1_6968791	NC_064231.1	6968791	-4.035
NC_064231.1_7540238	NC_064231.1	7540238	-4.022
NC_064231.1_7547473	NC_064231.1	7547473	-4.253
NC_064231.1_7561730	NC_064231.1	7561730	-4.230
NC_064231.1_7583856	NC_064231.1	7583856	-4.412
NC_064231.1_7727426	NC_064231.1	7727426	-4.551
NC_064231.1_7775577	NC_064231.1	7775577	-4.069
NC_064231.1_7795943	NC_064231.1	7795943	-4.177
NC_064231.1_7870771	NC_064231.1	7870771	-4.378
NC_064231.1_7873184	NC_064231.1	7873184	-4.053
NC_064231.1_7918075	NC_064231.1	7918075	-4.368
NC_064231.1_7971439	NC_064231.1	7971439	-4.090
NC_064231.1_7974468	NC_064231.1	7974468	-4.458
NC_064231.1_7974485	NC_064231.1	7974485	-4.327
NC_064231.1_8032134	NC_064231.1	8032134	4.142
NC_064231.1_8149057	NC_064231.1	8149057	-4.110
NC_064231.1_8650434	NC_064231.1	8650434	-4.020
NC_064231.1_8743971	NC_064231.1	8743971	-4.435
NC_064231.1_8759356	NC_064231.1	8759356	-4.063
NC_064231.1_8924275	NC_064231.1	8924275	4.044
NC_064231.1_8950706	NC_064231.1	8950706	4.287
NC_064231.1_9010078	NC_064231.1	9010078	4.935
NC_064231.1_9161002	NC_064231.1	9161002	4.085
NC_064231.1_9360252	NC_064231.1	9360252	4.234
NC_064231.1_9381613	NC_064231.1	9381613	4.116
NC_064231.1_9460312	NC_064231.1	9460312	-4.163
NC_064231.1_9507512	NC_064231.1	9507512	4.041
NC_064231.1_9576004	NC_064231.1	9576004	4.218
NC_064231.1_9611225	NC_064231.1	9611225	4.043
NC_064231.1_9750350	NC_064231.1	9750350	-4.016
NC_064231.1_9860206	NC_064231.1	9860206	-4.266
NC_064231.1_9896531	NC_064231.1	9896531	-4.044
NC_064231.1_9986058	NC_064231.1	9986058	-4.050
NC_064231.1_10027728	NC_064231.1	10027728	-4.280
NC_064231.1_10196850	NC_064231.1	10196850	-4.211
NC_064231.1_10202566	NC_064231.1	10202566	-4.677
NC_064231.1_10210968	NC_064231.1	10210968	-4.189
NC_064231.1_10215788	NC_064231.1	10215788	-4.278
NC_064231.1_10215874	NC_064231.1	10215874	-4.232
NC_064231.1_10249040	NC_064231.1	10249040	-4.273
NC_064231.1_10280384	NC_064231.1	10280384	-4.728
NC_064231.1_10368839	NC_064231.1	10368839	4.109
NC_064231.1_10428340	NC_064231.1	10428340	-4.057
NC_064231.1_10460980	NC_064231.1	10460980	4.062
NC_064231.1_10512410	NC_064231.1	10512410	4.175
NC_064231.1_10525975	NC_064231.1	10525975	4.060
NC_064231.1_10609678	NC_064231.1	10609678	-4.298
NC_064231.1_10620172	NC_064231.1	10620172	4.539
NC_064231.1_10621476	NC_064231.1	10621476	4.914
NC_064231.1_10663062	NC_064231.1	10663062	-4.207
NC_064231.1_11659478	NC_064231.1	11659478	4.794
NC_064231.1_11858049	NC_064231.1	11858049	-4.011
NC_064231.1_11921833	NC_064231.1	11921833	4.041
NC_064231.1_12022278	NC_064231.1	12022278	-4.911
NC_064231.1_12064137	NC_064231.1	12064137	-4.506
NC_064231.1_12095712	NC_064231.1	12095712	-4.103
NC_064231.1_12095713	NC_064231.1	12095713	-4.234
NC_064231.1_12144562	NC_064231.1	12144562	-4.478
NC_064231.1_12272907	NC_064231.1	12272907	4.054
NC_064231.1_12547042	NC_064231.1	12547042	4.051
NC_064231.1_12780402	NC_064231.1	12780402	4.176
NC_064231.1_12876814	NC_064231.1	12876814	4.147
NC_064231.1_13380228	NC_064231.1	13380228	-4.111
NC_064231.1_13431860	NC_064231.1	13431860	-4.110
NC_064231.1_13516665	NC_064231.1	13516665	4.193
NC_064231.1_13541520	NC_064231.1	13541520	-4.320
NC_064231.1_13541522	NC_064231.1	13541522	-4.680
NC_064231.1_13574457	NC_064231.1	13574457	4.342
NC_064231.1_13574459	NC_064231.1	13574459	4.146
NC_064231.1_13637533	NC_064231.1	13637533	4.002
NC_064231.1_13637534	NC_064231.1	13637534	4.461
NC_064231.1_13865151	NC_064231.1	13865151	4.607
NC_064231.1_13899380	NC_064231.1	13899380	-4.440
NC_064231.1_14161046	NC_064231.1	14161046	-4.595
NC_064231.1_14195551	NC_064231.1	14195551	-4.377
NC_064232.1_454061	NC_064232.1	454061	4.110
NC_064232.1_511772	NC_064232.1	511772	-4.292
NC_064232.1_520858	NC_064232.1	520858	-4.216
NC_064232.1_537106	NC_064232.1	537106	-4.207
NC_064232.1_747725	NC_064232.1	747725	4.070
NC_064232.1_901360	NC_064232.1	901360	4.106
NC_064232.1_966994	NC_064232.1	966994	-4.054
NC_064232.1_1073915	NC_064232.1	1073915	-4.138
NC_064232.1_1147083	NC_064232.1	1147083	-4.947
NC_064232.1_1167883	NC_064232.1	1167883	4.077
NC_064232.1_1256478	NC_064232.1	1256478	4.276
NC_064232.1_1285169	NC_064232.1	1285169	-4.119
NC_064232.1_1289526	NC_064232.1	1289526	4.830
NC_064232.1_1610703	NC_064232.1	1610703	4.090
NC_064232.1_1646568	NC_064232.1	1646568	-4.226
NC_064232.1_1696371	NC_064232.1	1696371	4.471
NC_064232.1_1702663	NC_064232.1	1702663	4.089
NC_064232.1_2246581	NC_064232.1	2246581	4.275
NC_064232.1_2561701	NC_064232.1	2561701	4.073
NC_064232.1_2696637	NC_064232.1	2696637	4.048
NC_064232.1_2758576	NC_064232.1	2758576	4.480
NC_064232.1_2758578	NC_064232.1	2758578	4.537
NC_064232.1_2758588	NC_064232.1	2758588	4.024
NC_064232.1_2758616	NC_064232.1	2758616	4.108
NC_064232.1_3344029	NC_064232.1	3344029	4.307
NC_064232.1_5160187	NC_064232.1	5160187	-4.177
NC_064232.1_5162189	NC_064232.1	5162189	-4.392
NC_064232.1_5162193	NC_064232.1	5162193	-4.462
NC_064232.1_5173901	NC_064232.1	5173901	4.580
NC_064232.1_5173904	NC_064232.1	5173904	4.283
NC_064232.1_5173912	NC_064232.1	5173912	-4.471
NC_064232.1_5175839	NC_064232.1	5175839	-4.282
NC_064232.1_5202379	NC_064232.1	5202379	-4.579
NC_064232.1_5350105	NC_064232.1	5350105	-4.308
NC_064232.1_5498575	NC_064232.1	5498575	4.326
NC_064232.1_5498576	NC_064232.1	5498576	-4.068
NC_064232.1_5562707	NC_064232.1	5562707	-4.199
NC_064232.1_5918856	NC_064232.1	5918856	-4.111
NC_064232.1_6046535	NC_064232.1	6046535	-4.051
NC_064232.1_6318714	NC_064232.1	6318714	4.143
NC_064232.1_6346953	NC_064232.1	6346953	4.519
NC_064232.1_6397164	NC_064232.1	6397164	-4.454
NC_064232.1_6534001	NC_064232.1	6534001	4.591
NC_064232.1_6542117	NC_064232.1	6542117	4.025
NC_064232.1_6556062	NC_064232.1	6556062	-4.153
NC_064232.1_6711168	NC_064232.1	6711168	5.495
NC_064232.1_6802498	NC_064232.1	6802498	-4.091
NC_064232.1_6853340	NC_064232.1	6853340	4.537
NC_064232.1_6920105	NC_064232.1	6920105	-4.177
NC_064232.1_7014969	NC_064232.1	7014969	4.056
NC_064232.1_7098527	NC_064232.1	7098527	-4.086
NC_064232.1_7183217	NC_064232.1	7183217	-4.150
NC_064232.1_7201416	NC_064232.1	7201416	-4.512
NC_064232.1_7298705	NC_064232.1	7298705	-4.492
NC_064232.1_7302455	NC_064232.1	7302455	4.527
NC_064232.1_7487320	NC_064232.1	7487320	-4.325
NC_064232.1_7628471	NC_064232.1	7628471	-4.078
NC_064232.1_7678560	NC_064232.1	7678560	4.518
NC_064232.1_7693374	NC_064232.1	7693374	-4.071
NC_064232.1_7769725	NC_064232.1	7769725	-4.317
NC_064233.1_224851	NC_064233.1	224851	-5.048
NC_064233.1_291956	NC_064233.1	291956	-4.119
NC_064233.1_381407	NC_064233.1	381407	4.118
NC_064233.1_548537	NC_064233.1	548537	4.202
NC_064233.1_680408	NC_064233.1	680408	-4.152
NC_064233.1_698700	NC_064233.1	698700	4.256
NC_064233.1_755694	NC_064233.1	755694	4.023
NC_064233.1_875148	NC_064233.1	875148	4.030
NC_064233.1_929236	NC_064233.1	929236	-4.324
NC_064233.1_1060036	NC_064233.1	1060036	4.373
NC_064233.1_1090963	NC_064233.1	1090963	-4.019
NC_064233.1_1337043	NC_064233.1	1337043	-4.206
NC_064233.1_1390927	NC_064233.1	1390927	-4.146
NC_064233.1_1439942	NC_064233.1	1439942	-4.084
NC_064233.1_1499611	NC_064233.1	1499611	-4.451
NC_064233.1_1509749	NC_064233.1	1509749	-4.525
NC_064233.1_1778277	NC_064233.1	1778277	-4.049
NC_064233.1_1784065	NC_064233.1	1784065	-4.089
NC_064233.1_1798840	NC_064233.1	1798840	4.165
NC_064233.1_1950637	NC_064233.1	1950637	-4.029
NC_064233.1_2045243	NC_064233.1	2045243	4.035
NC_064233.1_2324181	NC_064233.1	2324181	4.176
NC_064233.1_2409587	NC_064233.1	2409587	4.012
NC_064233.1_2511136	NC_064233.1	2511136	4.417
NC_064233.1_2673818	NC_064233.1	2673818	4.077
NC_064233.1_2674977	NC_064233.1	2674977	4.355
NC_064233.1_2694447	NC_064233.1	2694447	4.201
NC_064233.1_2736103	NC_064233.1	2736103	-4.311
NC_064233.1_2937197	NC_064233.1	2937197	-4.245
NC_064233.1_2946044	NC_064233.1	2946044	4.046
NC_064233.1_3040172	NC_064233.1	3040172	4.006
NC_064233.1_3090516	NC_064233.1	3090516	4.296
NC_064233.1_3095458	NC_064233.1	3095458	4.205
NC_064233.1_3231774	NC_064233.1	3231774	-4.465
NC_064233.1_3234083	NC_064233.1	3234083	-4.940
NC_064233.1_3234093	NC_064233.1	3234093	-5.377
NC_064233.1_3234096	NC_064233.1	3234096	-4.705
NC_064233.1_3234110	NC_064233.1	3234110	4.665
NC_064233.1_3505184	NC_064233.1	3505184	4.053
NC_064233.1_3795152	NC_064233.1	3795152	-4.224
NC_064233.1_3795335	NC_064233.1	3795335	4.441
NC_064233.1_3856099	NC_064233.1	3856099	4.402
NC_064233.1_4064643	NC_064233.1	4064643	4.043
NC_064233.1_4147803	NC_064233.1	4147803	-4.177
NC_064233.1_4166073	NC_064233.1	4166073	-4.057
NC_064233.1_4340056	NC_064233.1	4340056	4.271
NC_064233.1_4387575	NC_064233.1	4387575	-4.193
NC_064233.1_4456111	NC_064233.1	4456111	5.430
NC_064233.1_4462448	NC_064233.1	4462448	4.050
NC_064233.1_4812368	NC_064233.1	4812368	-5.199
NC_064233.1_5077680	NC_064233.1	5077680	-4.191
NC_064233.1_5288026	NC_064233.1	5288026	4.415
NC_064233.1_5353064	NC_064233.1	5353064	4.824
NC_064233.1_5511876	NC_064233.1	5511876	4.160
NC_064233.1_5635455	NC_064233.1	5635455	-4.001
NC_064233.1_5651764	NC_064233.1	5651764	-4.973
NC_064233.1_5741944	NC_064233.1	5741944	4.018
NC_064233.1_5769281	NC_064233.1	5769281	-4.100
NC_064233.1_5849556	NC_064233.1	5849556	4.096
NC_064233.1_5888837	NC_064233.1	5888837	4.038
NC_064233.1_5902246	NC_064233.1	5902246	4.415
NC_064233.1_5989869	NC_064233.1	5989869	4.684
NC_064233.1_6074584	NC_064233.1	6074584	-4.027
NC_064233.1_6217099	NC_064233.1	6217099	-4.012
NC_064233.1_6220919	NC_064233.1	6220919	-4.627
NC_064233.1_6259993	NC_064233.1	6259993	4.714
NC_064233.1_6281945	NC_064233.1	6281945	4.126
NC_064233.1_6456909	NC_064233.1	6456909	4.246
NC_064233.1_6478669	NC_064233.1	6478669	-4.186
NC_064233.1_6492822	NC_064233.1	6492822	4.012
NC_064233.1_6502649	NC_064233.1	6502649	-4.206
NC_064233.1_6626076	NC_064233.1	6626076	-4.301
NC_064233.1_6676982	NC_064233.1	6676982	-4.066
NC_064233.1_6942854	NC_064233.1	6942854	4.350
NC_064233.1_7117615	NC_064233.1	7117615	4.329
NC_064233.1_7223122	NC_064233.1	7223122	4.257
NC_064233.1_7231705	NC_064233.1	7231705	4.112
NC_064233.1_7333201	NC_064233.1	7333201	-4.162
NC_064233.1_7377040	NC_064233.1	7377040	4.393
NC_064233.1_7414471	NC_064233.1	7414471	-4.662
NC_064233.1_7452803	NC_064233.1	7452803	-4.452
NC_064233.1_7650061	NC_064233.1	7650061	-4.470
NC_064234.1_95121	NC_064234.1	95121	-4.104
NC_064234.1_290419	NC_064234.1	290419	4.301
NC_064234.1_423367	NC_064234.1	423367	4.322
NC_064234.1_1138359	NC_064234.1	1138359	-5.000
NC_064234.1_1321466	NC_064234.1	1321466	-4.413
NC_064234.1_1607413	NC_064234.1	1607413	-4.173
NC_064234.1_1686631	NC_064234.1	1686631	-4.250
NC_064234.1_1698536	NC_064234.1	1698536	-4.295
NC_064234.1_1698545	NC_064234.1	1698545	-4.439
NC_064234.1_2080170	NC_064234.1	2080170	4.206
NC_064234.1_2255845	NC_064234.1	2255845	-4.265
NC_064234.1_2263236	NC_064234.1	2263236	-4.029
NC_064234.1_2341465	NC_064234.1	2341465	-4.406
NC_064234.1_2511988	NC_064234.1	2511988	4.170
NC_064234.1_2638357	NC_064234.1	2638357	-4.017
NC_064234.1_2645519	NC_064234.1	2645519	-4.119
NC_064234.1_3250156	NC_064234.1	3250156	-4.101
NC_064234.1_3338866	NC_064234.1	3338866	-4.163
NC_064234.1_3421254	NC_064234.1	3421254	4.473
NC_064234.1_3442428	NC_064234.1	3442428	-4.037
NC_064234.1_3519374	NC_064234.1	3519374	-4.305
NC_064234.1_3543544	NC_064234.1	3543544	4.384
NC_064234.1_3564306	NC_064234.1	3564306	-4.066
NC_064234.1_3587587	NC_064234.1	3587587	4.245
NC_064234.1_3588589	NC_064234.1	3588589	-4.386
NC_064234.1_3593703	NC_064234.1	3593703	-4.206
NC_064234.1_3594226	NC_064234.1	3594226	-4.129
NC_064234.1_4208045	NC_064234.1	4208045	-4.230
NC_064234.1_4276108	NC_064234.1	4276108	-4.083
NC_064234.1_4368135	NC_064234.1	4368135	-4.212
NC_064234.1_4380899	NC_064234.1	4380899	4.047
NC_064234.1_4486048	NC_064234.1	4486048	-4.090
NC_064234.1_4735242	NC_064234.1	4735242	-4.424
NC_064234.1_4760509	NC_064234.1	4760509	-4.297
NC_064234.1_5117040	NC_064234.1	5117040	4.047
NC_064234.1_5117044	NC_064234.1	5117044	4.011
NC_064234.1_5169092	NC_064234.1	5169092	-4.062
NC_064234.1_5173910	NC_064234.1	5173910	-4.324
NC_064234.1_5201627	NC_064234.1	5201627	-4.167
NC_064234.1_5201630	NC_064234.1	5201630	-4.040
NC_064234.1_5235373	NC_064234.1	5235373	-4.005
NC_064234.1_5414572	NC_064234.1	5414572	-4.039
NC_064234.1_5744174	NC_064234.1	5744174	-4.074
NC_064234.1_5751124	NC_064234.1	5751124	4.595
NC_064234.1_5807162	NC_064234.1	5807162	4.076
NC_064234.1_5914622	NC_064234.1	5914622	-4.625
NC_064234.1_6139781	NC_064234.1	6139781	-4.451
NC_064234.1_6218960	NC_064234.1	6218960	-4.072
NC_064234.1_6268951	NC_064234.1	6268951	4.499
NC_064234.1_6588038	NC_064234.1	6588038	-4.032
NC_064234.1_6591446	NC_064234.1	6591446	-4.599
NC_064234.1_6708609	NC_064234.1	6708609	-4.287
NC_064234.1_6730775	NC_064234.1	6730775	-4.706
NC_064234.1_6737622	NC_064234.1	6737622	4.075
NC_064234.1_6747004	NC_064234.1	6747004	4.196
NC_064234.1_6764864	NC_064234.1	6764864	-4.091
NC_064234.1_6789225	NC_064234.1	6789225	-4.011
NC_064234.1_6797041	NC_064234.1	6797041	-4.781
NC_064234.1_6832817	NC_064234.1	6832817	-4.117
NC_064234.1_6835981	NC_064234.1	6835981	-4.280
NC_064234.1_6856441	NC_064234.1	6856441	-4.647
NC_064234.1_6866489	NC_064234.1	6866489	-4.156
NC_064234.1_6986468	NC_064234.1	6986468	-4.306
NC_064234.1_7010041	NC_064234.1	7010041	4.202
NC_064234.1_7039949	NC_064234.1	7039949	-4.250
NC_064234.1_7072507	NC_064234.1	7072507	-4.166
NC_064234.1_7103514	NC_064234.1	7103514	-4.468
NC_064234.1_7114296	NC_064234.1	7114296	-4.612
NC_064234.1_7114972	NC_064234.1	7114972	-4.290
NC_064234.1_7220651	NC_064234.1	7220651	-4.400
NC_064234.1_7220673	NC_064234.1	7220673	-4.778
NC_064234.1_7220678	NC_064234.1	7220678	-4.742
NC_064234.1_7220690	NC_064234.1	7220690	-4.479
NC_064234.1_7485796	NC_064234.1	7485796	4.794
NC_064234.1_7495902	NC_064234.1	7495902	-4.321
NC_064234.1_7495904	NC_064234.1	7495904	-4.233
NC_064234.1_7534052	NC_064234.1	7534052	-4.002
NC_064234.1_7546857	NC_064234.1	7546857	-4.025
NC_064234.1_7553902	NC_064234.1	7553902	4.128
NC_064234.1_7610777	NC_064234.1	7610777	4.231
NC_064234.1_7778657	NC_064234.1	7778657	4.406
NC_064234.1_7830399	NC_064234.1	7830399	4.201
NC_064234.1_7834149	NC_064234.1	7834149	4.055
NC_064234.1_7845895	NC_064234.1	7845895	-4.172
NC_064234.1_7914033	NC_064234.1	7914033	-4.079
NC_064234.1_7944087	NC_064234.1	7944087	-4.108
NC_064234.1_8021515	NC_064234.1	8021515	-4.487
NC_064234.1_8103179	NC_064234.1	8103179	4.495
NC_064234.1_8285693	NC_064234.1	8285693	-4.783
NC_064234.1_8285694	NC_064234.1	8285694	-4.132
NC_064234.1_8301447	NC_064234.1	8301447	4.145
NC_064234.1_8494317	NC_064234.1	8494317	4.208
NC_064234.1_8496781	NC_064234.1	8496781	-4.133
NC_064234.1_8875266	NC_064234.1	8875266	-4.409
NC_064234.1_8942500	NC_064234.1	8942500	-5.531
NC_064234.1_8943392	NC_064234.1	8943392	-4.799
NC_064234.1_8948249	NC_064234.1	8948249	4.077
NC_064234.1_9043294	NC_064234.1	9043294	-4.235
NC_064234.1_9097139	NC_064234.1	9097139	-4.059
NC_064234.1_9105402	NC_064234.1	9105402	-4.045
NC_064234.1_9116536	NC_064234.1	9116536	4.005
NC_064234.1_9116537	NC_064234.1	9116537	5.045
NC_064234.1_9231409	NC_064234.1	9231409	-4.942
NC_064234.1_9710604	NC_064234.1	9710604	-4.020
NC_064234.1_9715915	NC_064234.1	9715915	-4.041
NC_064234.1_9749406	NC_064234.1	9749406	-4.116
NC_064234.1_10333791	NC_064234.1	10333791	-4.506
NC_064234.1_10365741	NC_064234.1	10365741	-4.161
NC_064234.1_10722684	NC_064234.1	10722684	4.088
NC_064234.1_10996790	NC_064234.1	10996790	4.980
NC_064234.1_10996797	NC_064234.1	10996797	4.056
NC_064234.1_11021435	NC_064234.1	11021435	-4.220
NC_064234.1_11113861	NC_064234.1	11113861	-4.491
NC_064234.1_11170769	NC_064234.1	11170769	-4.084
NC_064234.1_11345051	NC_064234.1	11345051	-4.232
NC_064234.1_11467707	NC_064234.1	11467707	4.049
NC_064234.1_11617901	NC_064234.1	11617901	-4.048
NC_064234.1_11620462	NC_064234.1	11620462	-4.913
NC_064234.1_11700364	NC_064234.1	11700364	-4.236
NC_064234.1_11728956	NC_064234.1	11728956	4.425
NC_064234.1_11733027	NC_064234.1	11733027	-4.010
NC_064234.1_12044535	NC_064234.1	12044535	-4.277
NC_064234.1_12062209	NC_064234.1	12062209	-4.617
NC_064234.1_12114218	NC_064234.1	12114218	-4.522
NC_064234.1_12238559	NC_064234.1	12238559	-4.117
NC_064234.1_12603836	NC_064234.1	12603836	4.055
NC_064234.1_12603837	NC_064234.1	12603837	4.068
NC_064234.1_12770239	NC_064234.1	12770239	4.845
NC_064234.1_13008392	NC_064234.1	13008392	-4.195
NC_064234.1_13046481	NC_064234.1	13046481	4.794
NC_064234.1_13100381	NC_064234.1	13100381	-4.061
NC_064234.1_13245710	NC_064234.1	13245710	4.197
NC_064234.1_13424846	NC_064234.1	13424846	4.239
NC_064234.1_13710267	NC_064234.1	13710267	-4.744
NC_064234.1_13927255	NC_064234.1	13927255	-4.059
NC_064234.1_14036357	NC_064234.1	14036357	4.126
NC_064234.1_14186273	NC_064234.1	14186273	4.005
NC_064234.1_14275861	NC_064234.1	14275861	-4.570
NC_064234.1_14379556	NC_064234.1	14379556	-4.364
NC_064234.1_14406806	NC_064234.1	14406806	-4.069
NC_064235.1_75455	NC_064235.1	75455	-4.441
NC_064235.1_81172	NC_064235.1	81172	4.290
NC_064235.1_158146	NC_064235.1	158146	-4.777
NC_064235.1_158149	NC_064235.1	158149	4.133
NC_064235.1_280027	NC_064235.1	280027	4.618
NC_064235.1_292771	NC_064235.1	292771	4.060
NC_064235.1_451048	NC_064235.1	451048	4.072
NC_064235.1_485133	NC_064235.1	485133	4.115
NC_064235.1_713583	NC_064235.1	713583	-4.505
NC_064235.1_811139	NC_064235.1	811139	4.431
NC_064235.1_835145	NC_064235.1	835145	-4.075
NC_064235.1_915820	NC_064235.1	915820	4.821
NC_064235.1_941584	NC_064235.1	941584	-4.083
NC_064235.1_1052876	NC_064235.1	1052876	4.163
NC_064235.1_1218732	NC_064235.1	1218732	-4.041
NC_064235.1_1218739	NC_064235.1	1218739	-4.308
NC_064235.1_1239538	NC_064235.1	1239538	-4.508
NC_064235.1_1315675	NC_064235.1	1315675	4.106
NC_064235.1_1494004	NC_064235.1	1494004	4.475
NC_064235.1_1556370	NC_064235.1	1556370	-4.222
NC_064235.1_1564990	NC_064235.1	1564990	4.581
NC_064235.1_1759122	NC_064235.1	1759122	-4.323
NC_064235.1_1957869	NC_064235.1	1957869	4.145
NC_064235.1_2044588	NC_064235.1	2044588	-5.124
NC_064235.1_2045682	NC_064235.1	2045682	-4.978
NC_064235.1_2079589	NC_064235.1	2079589	-4.612
NC_064235.1_2269271	NC_064235.1	2269271	-4.295
NC_064235.1_2275442	NC_064235.1	2275442	-4.527
NC_064235.1_2608704	NC_064235.1	2608704	4.042
NC_064235.1_2674640	NC_064235.1	2674640	-4.018
NC_064235.1_2729407	NC_064235.1	2729407	4.394
NC_064235.1_2971019	NC_064235.1	2971019	-4.763
NC_064235.1_2971023	NC_064235.1	2971023	-4.051
NC_064235.1_2975158	NC_064235.1	2975158	4.908
NC_064235.1_3155654	NC_064235.1	3155654	4.279
NC_064235.1_3203841	NC_064235.1	3203841	4.394
NC_064235.1_3204665	NC_064235.1	3204665	4.517
NC_064235.1_3205016	NC_064235.1	3205016	-4.110
NC_064235.1_3410207	NC_064235.1	3410207	-4.244
NC_064235.1_3429976	NC_064235.1	3429976	4.710
NC_064235.1_3430036	NC_064235.1	3430036	4.586
NC_064235.1_3495586	NC_064235.1	3495586	-4.942
NC_064235.1_3495592	NC_064235.1	3495592	-4.389
NC_064235.1_3584655	NC_064235.1	3584655	-5.091
NC_064235.1_3650083	NC_064235.1	3650083	-4.269
NC_064235.1_3722196	NC_064235.1	3722196	4.346
NC_064235.1_3728590	NC_064235.1	3728590	-5.530
NC_064235.1_3946456	NC_064235.1	3946456	-4.865
NC_064235.1_3973445	NC_064235.1	3973445	-4.113
NC_064235.1_3990738	NC_064235.1	3990738	4.381
NC_064235.1_4001115	NC_064235.1	4001115	-4.042
NC_064235.1_4012121	NC_064235.1	4012121	4.131
NC_064235.1_4016211	NC_064235.1	4016211	-4.380
NC_064235.1_4017472	NC_064235.1	4017472	4.142
NC_064235.1_4019283	NC_064235.1	4019283	4.114
NC_064235.1_4021352	NC_064235.1	4021352	-4.093
NC_064235.1_4047161	NC_064235.1	4047161	4.114
NC_064235.1_4208974	NC_064235.1	4208974	-4.024
NC_064235.1_4241808	NC_064235.1	4241808	4.882
NC_064235.1_4381663	NC_064235.1	4381663	-4.070
NC_064235.1_4535295	NC_064235.1	4535295	-4.229
NC_064235.1_4582996	NC_064235.1	4582996	-4.003
NC_064235.1_4987210	NC_064235.1	4987210	4.012
NC_064235.1_5031787	NC_064235.1	5031787	-4.013
NC_064235.1_5178386	NC_064235.1	5178386	-5.226
NC_064235.1_5205164	NC_064235.1	5205164	4.008
NC_064235.1_5320426	NC_064235.1	5320426	-4.226
NC_064235.1_5391678	NC_064235.1	5391678	4.041
NC_064235.1_5408788	NC_064235.1	5408788	-4.168
NC_064235.1_5593965	NC_064235.1	5593965	-4.084
NC_064235.1_5636777	NC_064235.1	5636777	4.164
NC_064235.1_5682637	NC_064235.1	5682637	4.249
NC_064235.1_5685060	NC_064235.1	5685060	-4.123
NC_064235.1_5757482	NC_064235.1	5757482	-4.024
NC_064235.1_5884706	NC_064235.1	5884706	4.702
NC_064235.1_6068376	NC_064235.1	6068376	-4.480
NC_064235.1_6098110	NC_064235.1	6098110	-4.309
NC_064235.1_6107761	NC_064235.1	6107761	-4.349
NC_064235.1_6168336	NC_064235.1	6168336	-4.166
NC_064235.1_6263782	NC_064235.1	6263782	4.199
NC_064235.1_6304476	NC_064235.1	6304476	-5.274
NC_064235.1_6327821	NC_064235.1	6327821	-4.013
NC_064235.1_6339664	NC_064235.1	6339664	-4.142
NC_064235.1_6357197	NC_064235.1	6357197	-5.343
NC_064235.1_6450018	NC_064235.1	6450018	-4.068
NC_064235.1_6580775	NC_064235.1	6580775	4.541
NC_064236.1_349907	NC_064236.1	349907	-4.165
NC_064236.1_351730	NC_064236.1	351730	-4.039
NC_064236.1_529372	NC_064236.1	529372	4.371
NC_064236.1_590032	NC_064236.1	590032	-5.087
NC_064236.1_590523	NC_064236.1	590523	-4.030
NC_064236.1_883407	NC_064236.1	883407	-5.185
NC_064236.1_1042109	NC_064236.1	1042109	4.189
NC_064236.1_1228875	NC_064236.1	1228875	4.029
NC_064236.1_1269292	NC_064236.1	1269292	4.387
NC_064236.1_1647114	NC_064236.1	1647114	4.307
NC_064236.1_1647135	NC_064236.1	1647135	4.152
NC_064236.1_3099378	NC_064236.1	3099378	4.186
NC_064236.1_3099414	NC_064236.1	3099414	4.141
NC_064236.1_3268522	NC_064236.1	3268522	4.220
NC_064236.1_3417858	NC_064236.1	3417858	-4.037
NC_064236.1_3478485	NC_064236.1	3478485	4.005
NC_064236.1_4332106	NC_064236.1	4332106	-4.168
NC_064236.1_5094859	NC_064236.1	5094859	4.158
NC_064236.1_6069559	NC_064236.1	6069559	5.143
NC_064236.1_6069661	NC_064236.1	6069661	-5.144
NC_064236.1_6069670	NC_064236.1	6069670	-5.976
NC_064236.1_6070700	NC_064236.1	6070700	-4.191
NC_064236.1_6070905	NC_064236.1	6070905	-4.256
NC_064236.1_6070920	NC_064236.1	6070920	4.292
NC_064236.1_6073230	NC_064236.1	6073230	-4.520
NC_064236.1_6131488	NC_064236.1	6131488	4.532
NC_064236.1_6223454	NC_064236.1	6223454	-4.406
NC_064236.1_6223455	NC_064236.1	6223455	-4.087
NC_064236.1_6433794	NC_064236.1	6433794	4.169
NC_064236.1_6434193	NC_064236.1	6434193	-4.387
NC_064236.1_6443260	NC_064236.1	6443260	4.118
NC_064236.1_6451227	NC_064236.1	6451227	-4.852
NC_064236.1_6499947	NC_064236.1	6499947	-4.014
NC_064236.1_6500026	NC_064236.1	6500026	-4.343
NC_064236.1_6500761	NC_064236.1	6500761	-4.183
NC_064236.1_6500782	NC_064236.1	6500782	-4.684
NC_064236.1_6500786	NC_064236.1	6500786	4.581
NC_064236.1_6504780	NC_064236.1	6504780	-4.697
NC_064236.1_6504792	NC_064236.1	6504792	-4.591
NC_064236.1_6504793	NC_064236.1	6504793	-4.668
NC_064236.1_6509338	NC_064236.1	6509338	4.535
NC_064236.1_6509339	NC_064236.1	6509339	4.536
NC_064236.1_6533564	NC_064236.1	6533564	-4.140
NC_064236.1_6738489	NC_064236.1	6738489	-4.164
NC_064236.1_7141070	NC_064236.1	7141070	-4.092
NC_064236.1_7141278	NC_064236.1	7141278	4.724
NC_064236.1_7141291	NC_064236.1	7141291	5.072
NC_064236.1_7141296	NC_064236.1	7141296	4.437
NC_064236.1_7163178	NC_064236.1	7163178	4.497
NC_064236.1_7264092	NC_064236.1	7264092	4.538
NC_064236.1_7264102	NC_064236.1	7264102	4.287
NC_064236.1_7544685	NC_064236.1	7544685	4.482
NC_064236.1_7636256	NC_064236.1	7636256	-4.222
NC_064236.1_7873147	NC_064236.1	7873147	4.280
NC_064236.1_8009056	NC_064236.1	8009056	-4.533
NC_064236.1_8823503	NC_064236.1	8823503	4.219
NC_064236.1_8836102	NC_064236.1	8836102	-4.270
NC_064236.1_8988226	NC_064236.1	8988226	-4.109
NC_064236.1_9780242	NC_064236.1	9780242	4.316
NC_064236.1_9780339	NC_064236.1	9780339	4.595
NC_064236.1_9780349	NC_064236.1	9780349	4.760
NC_064236.1_9780369	NC_064236.1	9780369	4.830
NC_064236.1_9808981	NC_064236.1	9808981	-4.094
NC_064236.1_9840645	NC_064236.1	9840645	4.123
NC_064236.1_9840648	NC_064236.1	9840648	-4.098
NC_064236.1_9841389	NC_064236.1	9841389	-4.008
NC_064236.1_9842161	NC_064236.1	9842161	4.091
NC_064236.1_9912554	NC_064236.1	9912554	4.069
NC_064236.1_10308752	NC_064236.1	10308752	4.232
NC_064236.1_10341690	NC_064236.1	10341690	-4.222
NC_064236.1_10434041	NC_064236.1	10434041	-4.664
NC_064236.1_10464684	NC_064236.1	10464684	4.197
NC_064236.1_10539195	NC_064236.1	10539195	-4.041
NC_064236.1_10547280	NC_064236.1	10547280	4.696
NC_064236.1_10547370	NC_064236.1	10547370	-4.930
NC_064236.1_10547497	NC_064236.1	10547497	4.084
NC_064236.1_10547620	NC_064236.1	10547620	4.394
NC_064236.1_10547622	NC_064236.1	10547622	4.571
NC_064236.1_10547627	NC_064236.1	10547627	4.335
NC_064236.1_10547823	NC_064236.1	10547823	4.794
NC_064236.1_10547835	NC_064236.1	10547835	4.947
NC_064236.1_10547842	NC_064236.1	10547842	4.839
NC_064236.1_10548425	NC_064236.1	10548425	4.079
NC_064236.1_10722341	NC_064236.1	10722341	-4.133
NC_064236.1_11970086	NC_064236.1	11970086	-4.035
NC_064236.1_12763847	NC_064236.1	12763847	-4.035
NC_064236.1_13509875	NC_064236.1	13509875	4.405
NC_064236.1_13723446	NC_064236.1	13723446	-4.565
NC_064236.1_13806653	NC_064236.1	13806653	4.107
NC_064236.1_14139805	NC_064236.1	14139805	-4.236
NC_064236.1_14300986	NC_064236.1	14300986	4.153
NC_064236.1_14300995	NC_064236.1	14300995	4.258
NC_064236.1_14301019	NC_064236.1	14301019	4.183
NC_064236.1_14301028	NC_064236.1	14301028	4.170
NC_064236.1_14683952	NC_064236.1	14683952	4.563
NC_064236.1_14684248	NC_064236.1	14684248	4.850
NC_064236.1_14684261	NC_064236.1	14684261	4.837
NC_064236.1_14684302	NC_064236.1	14684302	4.194
NC_064236.1_14685687	NC_064236.1	14685687	4.898
NC_064236.1_14685756	NC_064236.1	14685756	4.480
NC_064236.1_14725386	NC_064236.1	14725386	-4.379
NC_064236.1_14739908	NC_064236.1	14739908	4.009
NC_064236.1_14779499	NC_064236.1	14779499	4.876
NC_064236.1_14780912	NC_064236.1	14780912	4.304
NC_064236.1_14782462	NC_064236.1	14782462	4.423
NC_064236.1_14782651	NC_064236.1	14782651	4.525
NC_064236.1_14783421	NC_064236.1	14783421	4.380
NC_064236.1_14785533	NC_064236.1	14785533	4.956
NC_064236.1_14788142	NC_064236.1	14788142	4.368
NC_064236.1_14788150	NC_064236.1	14788150	4.077
NC_064236.1_14794720	NC_064236.1	14794720	-4.220
NC_064236.1_14936048	NC_064236.1	14936048	4.131
NC_064236.1_15280879	NC_064236.1	15280879	4.025
NC_064236.1_15722781	NC_064236.1	15722781	-4.976
NC_064236.1_15733805	NC_064236.1	15733805	-4.003
NC_064236.1_16425760	NC_064236.1	16425760	4.124
NC_064236.1_16464410	NC_064236.1	16464410	-4.038
NC_064236.1_16479432	NC_064236.1	16479432	-4.106
NC_064236.1_16480051	NC_064236.1	16480051	4.286
NC_064236.1_16480084	NC_064236.1	16480084	-4.137
NC_064236.1_16487796	NC_064236.1	16487796	4.283
NC_064236.1_16487799	NC_064236.1	16487799	4.465
NC_064236.1_16487833	NC_064236.1	16487833	4.389
NC_064236.1_16487874	NC_064236.1	16487874	4.460
NC_064236.1_16488018	NC_064236.1	16488018	4.324
NC_064236.1_16488053	NC_064236.1	16488053	4.081
NC_064236.1_16494646	NC_064236.1	16494646	4.124
NC_064236.1_16495049	NC_064236.1	16495049	4.709
NC_064236.1_16495064	NC_064236.1	16495064	4.450
NC_064236.1_16499043	NC_064236.1	16499043	4.059
NC_064236.1_16502569	NC_064236.1	16502569	-4.146
NC_064236.1_17610243	NC_064236.1	17610243	4.045
NC_064236.1_17619750	NC_064236.1	17619750	4.068
NC_064236.1_17619768	NC_064236.1	17619768	4.508
NC_064236.1_17642131	NC_064236.1	17642131	4.028
NC_064236.1_17642152	NC_064236.1	17642152	4.412
NC_064236.1_17642165	NC_064236.1	17642165	-4.482
NC_064236.1_17642171	NC_064236.1	17642171	-4.971
NC_064236.1_17642212	NC_064236.1	17642212	4.394
NC_064236.1_17642508	NC_064236.1	17642508	-4.082
NC_064236.1_17645030	NC_064236.1	17645030	5.100
NC_064236.1_18245392	NC_064236.1	18245392	-4.602
NC_064236.1_19060155	NC_064236.1	19060155	4.164
NC_064236.1_19175096	NC_064236.1	19175096	-4.227
NC_064236.1_19720841	NC_064236.1	19720841	4.312
NC_064236.1_19720842	NC_064236.1	19720842	4.197
NC_064236.1_19720843	NC_064236.1	19720843	4.248
NC_064236.1_21717806	NC_064236.1	21717806	4.044
NC_064236.1_21720269	NC_064236.1	21720269	4.340
NC_064236.1_21720442	NC_064236.1	21720442	4.544
NC_064236.1_21720453	NC_064236.1	21720453	4.380
NC_064236.1_21720460	NC_064236.1	21720460	4.478
NC_064236.1_21720462	NC_064236.1	21720462	4.349
NC_064236.1_21720471	NC_064236.1	21720471	4.039
NC_064236.1_21720501	NC_064236.1	21720501	4.328
NC_064236.1_21767408	NC_064236.1	21767408	-4.075
NC_064236.1_21768157	NC_064236.1	21768157	4.670
NC_064236.1_21769033	NC_064236.1	21769033	-4.006
NC_064236.1_21769060	NC_064236.1	21769060	-4.407
NC_064236.1_21769065	NC_064236.1	21769065	-4.217
NC_064236.1_21769067	NC_064236.1	21769067	-4.212
NC_064236.1_21773425	NC_064236.1	21773425	-4.929
NC_064236.1_21773724	NC_064236.1	21773724	-4.177
NC_064236.1_21773745	NC_064236.1	21773745	-4.001
NC_064236.1_21774081	NC_064236.1	21774081	4.133
NC_064236.1_21774084	NC_064236.1	21774084	4.092
NC_064236.1_21774095	NC_064236.1	21774095	4.206
NC_064236.1_21774104	NC_064236.1	21774104	-4.243
NC_064236.1_21774129	NC_064236.1	21774129	-4.298
NC_064236.1_21774387	NC_064236.1	21774387	-4.548
NC_064236.1_21774388	NC_064236.1	21774388	-4.647
NC_064236.1_21774406	NC_064236.1	21774406	-4.251
NC_064236.1_21774428	NC_064236.1	21774428	-4.828
NC_064236.1_21774456	NC_064236.1	21774456	-4.087
NC_064236.1_21774468	NC_064236.1	21774468	-4.173
NC_064236.1_21774974	NC_064236.1	21774974	-4.000
NC_064236.1_21775154	NC_064236.1	21775154	-4.159
NC_064236.1_21775165	NC_064236.1	21775165	-4.347
NC_064236.1_21775166	NC_064236.1	21775166	-4.235
NC_064236.1_21778244	NC_064236.1	21778244	-4.116
NC_064236.1_21779552	NC_064236.1	21779552	-4.013
NC_064236.1_21779654	NC_064236.1	21779654	-4.170
NC_064236.1_21780148	NC_064236.1	21780148	4.050
NC_064236.1_21780192	NC_064236.1	21780192	4.100
NC_064236.1_21780928	NC_064236.1	21780928	4.309
NC_064236.1_21780991	NC_064236.1	21780991	4.574
NC_064236.1_21781012	NC_064236.1	21781012	4.759
NC_064236.1_21781013	NC_064236.1	21781013	4.717
NC_064236.1_21781033	NC_064236.1	21781033	4.075
NC_064236.1_21781042	NC_064236.1	21781042	4.366
NC_064236.1_21783599	NC_064236.1	21783599	-4.225
NC_064236.1_21783608	NC_064236.1	21783608	-4.117
NC_064236.1_21783661	NC_064236.1	21783661	-4.254
NC_064236.1_21783682	NC_064236.1	21783682	-4.241
NC_064236.1_21783733	NC_064236.1	21783733	-4.110
NC_064236.1_21783826	NC_064236.1	21783826	-4.110
NC_064236.1_21783830	NC_064236.1	21783830	-4.348
NC_064236.1_21784132	NC_064236.1	21784132	-4.217
NC_064236.1_21784225	NC_064236.1	21784225	-4.111
NC_064236.1_21784249	NC_064236.1	21784249	-4.595
NC_064236.1_21784299	NC_064236.1	21784299	-4.247
NC_064236.1_21784388	NC_064236.1	21784388	-4.234
NC_064236.1_21784411	NC_064236.1	21784411	-4.184
NC_064236.1_21784718	NC_064236.1	21784718	-4.272
NC_064236.1_21784747	NC_064236.1	21784747	-4.397
NC_064236.1_21784840	NC_064236.1	21784840	-4.115
NC_064236.1_21784910	NC_064236.1	21784910	-5.069
NC_064236.1_21786664	NC_064236.1	21786664	-4.044
NC_064236.1_21786679	NC_064236.1	21786679	-4.355
NC_064236.1_21786693	NC_064236.1	21786693	-4.321
NC_064236.1_21786717	NC_064236.1	21786717	-4.619
NC_064236.1_21786719	NC_064236.1	21786719	-4.641
NC_064236.1_21786738	NC_064236.1	21786738	-4.516
NC_064236.1_21787432	NC_064236.1	21787432	-4.118
NC_064236.1_21787639	NC_064236.1	21787639	-4.405
NC_064236.1_21787705	NC_064236.1	21787705	-4.546
NC_064236.1_21787791	NC_064236.1	21787791	-4.330
NC_064236.1_21787800	NC_064236.1	21787800	-4.268
NC_064236.1_21787801	NC_064236.1	21787801	-4.286
NC_064236.1_21788680	NC_064236.1	21788680	-4.016
NC_064236.1_21788942	NC_064236.1	21788942	-4.602
NC_064236.1_21793600	NC_064236.1	21793600	-4.236
NC_064236.1_21793624	NC_064236.1	21793624	-4.174
NC_064236.1_21793679	NC_064236.1	21793679	-4.292
NC_064236.1_21793680	NC_064236.1	21793680	-4.297
NC_064236.1_21793691	NC_064236.1	21793691	-4.081
NC_064236.1_21794202	NC_064236.1	21794202	-4.340
NC_064236.1_21794222	NC_064236.1	21794222	-4.103
NC_064236.1_21794230	NC_064236.1	21794230	-4.467
NC_064236.1_21794246	NC_064236.1	21794246	-4.506
NC_064236.1_21794251	NC_064236.1	21794251	-4.043
NC_064236.1_21794262	NC_064236.1	21794262	-4.328
NC_064236.1_21794272	NC_064236.1	21794272	-4.398
NC_064236.1_21794274	NC_064236.1	21794274	-4.775
NC_064236.1_21794293	NC_064236.1	21794293	-4.270
NC_064236.1_21794347	NC_064236.1	21794347	-4.127
NC_064236.1_21794515	NC_064236.1	21794515	-4.027
NC_064236.1_21794561	NC_064236.1	21794561	-4.532
NC_064236.1_21795653	NC_064236.1	21795653	-4.344
NC_064236.1_21795773	NC_064236.1	21795773	-4.456
NC_064236.1_21795798	NC_064236.1	21795798	-4.291
NC_064236.1_21795832	NC_064236.1	21795832	-4.209
NC_064236.1_21797579	NC_064236.1	21797579	-4.605
NC_064236.1_21797584	NC_064236.1	21797584	-4.357
NC_064236.1_21797616	NC_064236.1	21797616	-4.312
NC_064236.1_21797640	NC_064236.1	21797640	-4.299
NC_064236.1_21805356	NC_064236.1	21805356	-4.307
NC_064236.1_21805358	NC_064236.1	21805358	-4.246
NC_064236.1_21806480	NC_064236.1	21806480	-4.291
NC_064236.1_21806944	NC_064236.1	21806944	-4.202
NC_064236.1_21806950	NC_064236.1	21806950	-4.178
NC_064236.1_21806967	NC_064236.1	21806967	-4.027
NC_064236.1_21806990	NC_064236.1	21806990	-4.159
NC_064236.1_21807018	NC_064236.1	21807018	-4.311
NC_064236.1_21807452	NC_064236.1	21807452	-4.045
NC_064236.1_21808967	NC_064236.1	21808967	-4.149
NC_064236.1_21810205	NC_064236.1	21810205	4.104
NC_064236.1_21826133	NC_064236.1	21826133	-4.224
NC_064236.1_21826159	NC_064236.1	21826159	-4.058
NC_064236.1_21826238	NC_064236.1	21826238	-4.187
NC_064236.1_21826243	NC_064236.1	21826243	-4.463
NC_064236.1_21826251	NC_064236.1	21826251	-4.343
NC_064236.1_21830903	NC_064236.1	21830903	-4.280
NC_064236.1_21830969	NC_064236.1	21830969	-4.181
NC_064236.1_21831507	NC_064236.1	21831507	-4.161
NC_064237.1_68172	NC_064237.1	68172	4.145
NC_064237.1_68178	NC_064237.1	68178	4.185
NC_064237.1_208225	NC_064237.1	208225	-4.042
NC_064237.1_278540	NC_064237.1	278540	-4.164
NC_064237.1_334616	NC_064237.1	334616	-4.119
NC_064237.1_371712	NC_064237.1	371712	4.091
NC_064237.1_403768	NC_064237.1	403768	4.297
NC_064237.1_413056	NC_064237.1	413056	4.174
NC_064237.1_413060	NC_064237.1	413060	4.561
NC_064237.1_418731	NC_064237.1	418731	4.406
NC_064237.1_555038	NC_064237.1	555038	4.225
NC_064237.1_556715	NC_064237.1	556715	4.074
NC_064237.1_558459	NC_064237.1	558459	-4.341
NC_064237.1_561115	NC_064237.1	561115	-4.064
NC_064237.1_576752	NC_064237.1	576752	-4.035
NC_064237.1_584097	NC_064237.1	584097	-4.528
NC_064237.1_810565	NC_064237.1	810565	-4.051
NC_064237.1_844509	NC_064237.1	844509	-4.468
NC_064237.1_895988	NC_064237.1	895988	-4.091
NC_064237.1_895998	NC_064237.1	895998	-4.319
NC_064237.1_906290	NC_064237.1	906290	4.074
NC_064237.1_943914	NC_064237.1	943914	-4.738
NC_064237.1_944727	NC_064237.1	944727	-4.087
NC_064237.1_998970	NC_064237.1	998970	-4.323
NC_064237.1_1062815	NC_064237.1	1062815	4.014
NC_064237.1_1074938	NC_064237.1	1074938	-4.403
NC_064237.1_1081109	NC_064237.1	1081109	-4.818
NC_064237.1_1117514	NC_064237.1	1117514	4.016
NC_064237.1_1126129	NC_064237.1	1126129	-4.166
NC_064237.1_1126382	NC_064237.1	1126382	-4.717
NC_064237.1_1126393	NC_064237.1	1126393	-4.892
NC_064237.1_1153873	NC_064237.1	1153873	4.293
NC_064237.1_1228911	NC_064237.1	1228911	4.255
NC_064237.1_1289156	NC_064237.1	1289156	-4.206
NC_064237.1_1302131	NC_064237.1	1302131	-4.095
NC_064237.1_1303772	NC_064237.1	1303772	4.244
NC_064237.1_1389918	NC_064237.1	1389918	-4.417
NC_064237.1_1427833	NC_064237.1	1427833	4.432
NC_064237.1_1438626	NC_064237.1	1438626	4.281
NC_064237.1_1440471	NC_064237.1	1440471	-4.021
NC_064237.1_1585197	NC_064237.1	1585197	4.212
NC_064237.1_1654030	NC_064237.1	1654030	4.254
NC_064237.1_1654703	NC_064237.1	1654703	-4.051
NC_064237.1_1656374	NC_064237.1	1656374	4.224
NC_064237.1_1656434	NC_064237.1	1656434	4.125
NC_064237.1_1656435	NC_064237.1	1656435	4.156
NC_064237.1_1790127	NC_064237.1	1790127	-4.142
NC_064237.1_1822245	NC_064237.1	1822245	-4.148
NC_064237.1_1941147	NC_064237.1	1941147	-4.519
NC_064237.1_2013423	NC_064237.1	2013423	-4.657
NC_064237.1_2071542	NC_064237.1	2071542	-4.552
NC_064237.1_2129223	NC_064237.1	2129223	-4.359
NC_064237.1_2136326	NC_064237.1	2136326	-4.460
NC_064237.1_2151765	NC_064237.1	2151765	-4.163
NC_064237.1_2203690	NC_064237.1	2203690	-4.319
NC_064237.1_2203696	NC_064237.1	2203696	-4.081
NC_064237.1_2205669	NC_064237.1	2205669	-4.169
NC_064237.1_2213561	NC_064237.1	2213561	4.057
NC_064237.1_2225078	NC_064237.1	2225078	-4.958
NC_064237.1_2253025	NC_064237.1	2253025	4.742
NC_064237.1_2343945	NC_064237.1	2343945	-4.655
NC_064237.1_2366041	NC_064237.1	2366041	-4.237
NC_064237.1_2375624	NC_064237.1	2375624	-4.191
NC_064237.1_2390515	NC_064237.1	2390515	-4.194
NC_064237.1_2396847	NC_064237.1	2396847	-4.010
NC_064237.1_2413667	NC_064237.1	2413667	-4.325
NC_064237.1_2422629	NC_064237.1	2422629	-4.020
NC_064237.1_2431888	NC_064237.1	2431888	-4.034
NC_064237.1_2487252	NC_064237.1	2487252	-4.272
NC_064237.1_2489240	NC_064237.1	2489240	4.338
NC_064237.1_2501055	NC_064237.1	2501055	-4.101
NC_064237.1_2506335	NC_064237.1	2506335	4.417
NC_064237.1_2546304	NC_064237.1	2546304	-4.137
NC_064237.1_2549864	NC_064237.1	2549864	-4.132
NC_064237.1_2554805	NC_064237.1	2554805	-4.096
NC_064237.1_2554839	NC_064237.1	2554839	-5.039
NC_064237.1_2556451	NC_064237.1	2556451	-4.089
NC_064237.1_2589468	NC_064237.1	2589468	-4.080
NC_064237.1_2589470	NC_064237.1	2589470	-4.071
NC_064237.1_2596417	NC_064237.1	2596417	-4.633
NC_064237.1_2600128	NC_064237.1	2600128	4.579
NC_064237.1_2640669	NC_064237.1	2640669	-4.546
NC_064237.1_2657510	NC_064237.1	2657510	4.067
NC_064237.1_2672982	NC_064237.1	2672982	-4.426
NC_064237.1_2826620	NC_064237.1	2826620	-4.056
NC_064237.1_2854124	NC_064237.1	2854124	-4.330
NC_064237.1_2946140	NC_064237.1	2946140	4.061
NC_064237.1_3111094	NC_064237.1	3111094	4.141
NC_064237.1_3129687	NC_064237.1	3129687	4.352
NC_064237.1_3202396	NC_064237.1	3202396	4.748
NC_064237.1_3645523	NC_064237.1	3645523	4.571
NC_064237.1_3658873	NC_064237.1	3658873	-4.519
NC_064237.1_3759681	NC_064237.1	3759681	4.084
NC_064237.1_3835128	NC_064237.1	3835128	4.225
NC_064237.1_3929083	NC_064237.1	3929083	-4.313
NC_064237.1_3936005	NC_064237.1	3936005	-4.035
NC_064237.1_3941652	NC_064237.1	3941652	4.136
NC_064237.1_3953473	NC_064237.1	3953473	4.117
NC_064237.1_3964967	NC_064237.1	3964967	5.079
NC_064237.1_4045840	NC_064237.1	4045840	4.445
NC_064237.1_4155987	NC_064237.1	4155987	4.487
NC_064237.1_4172172	NC_064237.1	4172172	4.620
NC_064237.1_4823291	NC_064237.1	4823291	-4.058
NC_064237.1_4889944	NC_064237.1	4889944	4.662
NC_064237.1_4915952	NC_064237.1	4915952	4.115
NC_064237.1_4962282	NC_064237.1	4962282	-4.218
NC_064237.1_4964435	NC_064237.1	4964435	4.982
NC_064237.1_4997984	NC_064237.1	4997984	-4.023
NC_064237.1_5318565	NC_064237.1	5318565	-4.032
NC_064237.1_5748003	NC_064237.1	5748003	4.334
NC_064237.1_5762840	NC_064237.1	5762840	4.179
NC_064237.1_5882074	NC_064237.1	5882074	-4.391
NC_064237.1_5949772	NC_064237.1	5949772	4.155
NC_064237.1_6137593	NC_064237.1	6137593	-4.200
NC_064237.1_6283909	NC_064237.1	6283909	4.758
NC_064237.1_6283924	NC_064237.1	6283924	4.118
NC_064237.1_6283933	NC_064237.1	6283933	4.041
NC_064237.1_6525108	NC_064237.1	6525108	-4.471
NC_064237.1_6550774	NC_064237.1	6550774	4.433
NC_064237.1_7105975	NC_064237.1	7105975	4.474
NC_064237.1_7111750	NC_064237.1	7111750	-4.150
NC_064237.1_7288301	NC_064237.1	7288301	4.039
NC_064237.1_7764716	NC_064237.1	7764716	4.372
NC_064237.1_7958492	NC_064237.1	7958492	-4.209
NC_064237.1_7967584	NC_064237.1	7967584	4.459
NC_064237.1_8050947	NC_064237.1	8050947	-4.136
NC_064237.1_8111526	NC_064237.1	8111526	-4.017
NC_064237.1_8358369	NC_064237.1	8358369	-4.238
NC_064237.1_8763749	NC_064237.1	8763749	-4.488
NC_064237.1_9021548	NC_064237.1	9021548	-4.417
NC_064237.1_9132933	NC_064237.1	9132933	4.125
NC_064237.1_9344752	NC_064237.1	9344752	4.129
NC_064237.1_9424485	NC_064237.1	9424485	4.647
NC_064237.1_9647546	NC_064237.1	9647546	4.012
NC_064237.1_9677788	NC_064237.1	9677788	4.353
NC_064237.1_9725573	NC_064237.1	9725573	-4.307
NC_064237.1_9786683	NC_064237.1	9786683	-4.516
NC_064237.1_9858684	NC_064237.1	9858684	4.056
NC_064237.1_10195320	NC_064237.1	10195320	-4.249
NC_064237.1_10272947	NC_064237.1	10272947	4.240
NC_064237.1_10318749	NC_064237.1	10318749	4.398
NC_064237.1_10415561	NC_064237.1	10415561	-4.138
NC_064237.1_10416996	NC_064237.1	10416996	-4.282
NC_064237.1_10417042	NC_064237.1	10417042	-4.874
NC_064237.1_10419260	NC_064237.1	10419260	-5.181
NC_064237.1_10428196	NC_064237.1	10428196	4.435
NC_064237.1_10516756	NC_064237.1	10516756	4.339
NC_064237.1_10529099	NC_064237.1	10529099	-4.587
NC_064237.1_10540878	NC_064237.1	10540878	-4.040
NC_064237.1_10799343	NC_064237.1	10799343	-4.173
NC_064237.1_10989931	NC_064237.1	10989931	-4.279
NC_064237.1_11045166	NC_064237.1	11045166	-4.124
NC_064237.1_11148250	NC_064237.1	11148250	-4.042
NC_064237.1_11148251	NC_064237.1	11148251	-5.189
NC_064237.1_11210655	NC_064237.1	11210655	4.420
NC_064237.1_11210761	NC_064237.1	11210761	-4.765
NC_064237.1_11353749	NC_064237.1	11353749	4.251
NC_064237.1_11356225	NC_064237.1	11356225	-4.623
NC_064237.1_11358218	NC_064237.1	11358218	-4.147
NC_064237.1_11380206	NC_064237.1	11380206	-4.124
NC_064237.1_11578769	NC_064237.1	11578769	4.298
NC_064237.1_11926686	NC_064237.1	11926686	-4.525
NC_064237.1_11939655	NC_064237.1	11939655	4.095
NC_064237.1_11944900	NC_064237.1	11944900	4.033
NC_064237.1_11968414	NC_064237.1	11968414	4.746
NC_064237.1_12042742	NC_064237.1	12042742	4.153
NC_064237.1_12047438	NC_064237.1	12047438	-4.428
NC_064237.1_12047441	NC_064237.1	12047441	-4.307
NC_064237.1_12306871	NC_064237.1	12306871	-4.209
NC_064237.1_12338863	NC_064237.1	12338863	4.331
NC_064237.1_12374111	NC_064237.1	12374111	4.011
NC_064237.1_12376370	NC_064237.1	12376370	-4.241
NC_064237.1_12503728	NC_064237.1	12503728	-4.604
NC_064237.1_13044124	NC_064237.1	13044124	4.372
NC_064237.1_13342325	NC_064237.1	13342325	-4.208
NC_064237.1_13348949	NC_064237.1	13348949	4.077
NC_064237.1_13380179	NC_064237.1	13380179	4.103
NC_064237.1_13385975	NC_064237.1	13385975	-4.102
NC_064237.1_13462863	NC_064237.1	13462863	-5.033
NC_064237.1_13482181	NC_064237.1	13482181	4.008
NC_064237.1_13599125	NC_064237.1	13599125	4.231
NC_064237.1_13612080	NC_064237.1	13612080	-4.533
NC_064237.1_13619010	NC_064237.1	13619010	4.210
NC_064237.1_13619015	NC_064237.1	13619015	4.457
NC_064237.1_13620372	NC_064237.1	13620372	-4.067
NC_064237.1_13669307	NC_064237.1	13669307	-4.065
NC_064237.1_13776514	NC_064237.1	13776514	-4.044
NC_064237.1_13785807	NC_064237.1	13785807	-4.213
NC_064237.1_13800309	NC_064237.1	13800309	-4.167
NC_064238.1_26969	NC_064238.1	26969	-4.193
NC_064238.1_331762	NC_064238.1	331762	-4.220
NC_064238.1_349525	NC_064238.1	349525	-4.126
NC_064238.1_366312	NC_064238.1	366312	-4.227
NC_064238.1_375297	NC_064238.1	375297	4.197
NC_064238.1_395905	NC_064238.1	395905	-4.265
NC_064238.1_452846	NC_064238.1	452846	-4.050
NC_064238.1_510814	NC_064238.1	510814	-4.392
NC_064238.1_512790	NC_064238.1	512790	-4.068
NC_064238.1_533983	NC_064238.1	533983	-4.460
NC_064238.1_631713	NC_064238.1	631713	4.228
NC_064238.1_819828	NC_064238.1	819828	-4.041
NC_064238.1_843367	NC_064238.1	843367	4.168
NC_064238.1_874633	NC_064238.1	874633	4.545
NC_064238.1_951409	NC_064238.1	951409	4.574
NC_064238.1_1414681	NC_064238.1	1414681	-4.505
NC_064238.1_1802701	NC_064238.1	1802701	-4.294
NC_064238.1_1939685	NC_064238.1	1939685	-4.074
NC_064238.1_2288416	NC_064238.1	2288416	-5.094
NC_064238.1_2474052	NC_064238.1	2474052	4.353
NC_064238.1_2480021	NC_064238.1	2480021	4.087
NC_064238.1_2593293	NC_064238.1	2593293	4.128
NC_064238.1_2684615	NC_064238.1	2684615	4.019
NC_064238.1_2809058	NC_064238.1	2809058	-4.151
NC_064238.1_2936814	NC_064238.1	2936814	4.198
NC_064238.1_2949418	NC_064238.1	2949418	4.011
NC_064238.1_3179732	NC_064238.1	3179732	4.034
NC_064238.1_3179733	NC_064238.1	3179733	4.380
NC_064238.1_3226217	NC_064238.1	3226217	4.028
NC_064238.1_3294882	NC_064238.1	3294882	-4.514
NC_064238.1_3294892	NC_064238.1	3294892	4.114
NC_064238.1_3367483	NC_064238.1	3367483	4.067
NC_064238.1_4011037	NC_064238.1	4011037	4.328
NC_064238.1_4013973	NC_064238.1	4013973	-4.363
NC_064238.1_4039946	NC_064238.1	4039946	4.183
NC_064238.1_4203055	NC_064238.1	4203055	-4.218
NC_064238.1_4277710	NC_064238.1	4277710	-4.125
NC_064238.1_4717711	NC_064238.1	4717711	-4.423
NC_064238.1_4731172	NC_064238.1	4731172	-4.149
NC_064238.1_4731173	NC_064238.1	4731173	-4.456
NC_064238.1_4762779	NC_064238.1	4762779	4.117
NC_064238.1_4787416	NC_064238.1	4787416	-4.010
NC_064238.1_4790680	NC_064238.1	4790680	-5.522
NC_064238.1_4842496	NC_064238.1	4842496	-4.319
NC_064238.1_4849855	NC_064238.1	4849855	4.003
NC_064238.1_5012738	NC_064238.1	5012738	-4.449
NC_064238.1_5128048	NC_064238.1	5128048	4.101
NC_064238.1_5386645	NC_064238.1	5386645	-4.135
NC_064238.1_5498435	NC_064238.1	5498435	-4.033
NC_064238.1_5505482	NC_064238.1	5505482	-4.109
NC_064238.1_5678325	NC_064238.1	5678325	-4.235
NC_064238.1_5688914	NC_064238.1	5688914	-4.131
NC_064238.1_5812116	NC_064238.1	5812116	4.138
NC_064238.1_5839795	NC_064238.1	5839795	-4.021
NC_064238.1_5916937	NC_064238.1	5916937	-4.275
NC_064238.1_5953614	NC_064238.1	5953614	4.001
NC_064238.1_5974661	NC_064238.1	5974661	-4.353
NC_064238.1_5974667	NC_064238.1	5974667	-4.489
NC_064238.1_6175234	NC_064238.1	6175234	-4.286
NC_064238.1_6231309	NC_064238.1	6231309	4.011
NC_064238.1_6316120	NC_064238.1	6316120	-4.891
NC_064238.1_6316129	NC_064238.1	6316129	-4.780
NC_064238.1_6521530	NC_064238.1	6521530	4.983
NC_064238.1_6527291	NC_064238.1	6527291	-4.357
NC_064238.1_6741484	NC_064238.1	6741484	-4.034
NC_064238.1_6863063	NC_064238.1	6863063	-4.144
NC_064238.1_6872606	NC_064238.1	6872606	-4.214
NC_064238.1_6882098	NC_064238.1	6882098	-4.244
NC_064238.1_6892967	NC_064238.1	6892967	-4.300
NC_064238.1_7042615	NC_064238.1	7042615	4.090
NC_064238.1_7078388	NC_064238.1	7078388	4.424
NC_064238.1_7333856	NC_064238.1	7333856	4.102
NC_064238.1_7336442	NC_064238.1	7336442	4.320
NC_064238.1_7697006	NC_064238.1	7697006	-4.270
NC_064238.1_7818406	NC_064238.1	7818406	-4.033
NC_064238.1_7953344	NC_064238.1	7953344	-4.388
NC_064238.1_8029866	NC_064238.1	8029866	4.023
NC_064238.1_8158394	NC_064238.1	8158394	-4.550
NC_064238.1_8159444	NC_064238.1	8159444	-4.019
NC_064238.1_8258690	NC_064238.1	8258690	-4.018
NC_064238.1_8552852	NC_064238.1	8552852	-4.259
NC_064238.1_8723133	NC_064238.1	8723133	-5.500
NC_064238.1_9337197	NC_064238.1	9337197	-4.216
NC_064238.1_9361062	NC_064238.1	9361062	-4.359
NC_064238.1_9377221	NC_064238.1	9377221	-4.800
NC_064238.1_9429325	NC_064238.1	9429325	4.040
NC_064238.1_9473578	NC_064238.1	9473578	-4.220
NC_064238.1_9521302	NC_064238.1	9521302	-4.030
NC_064238.1_9744814	NC_064238.1	9744814	4.661
NC_064238.1_9957056	NC_064238.1	9957056	4.011
NC_064238.1_10013627	NC_064238.1	10013627	4.971
NC_064238.1_10013628	NC_064238.1	10013628	4.754
NC_064238.1_10013633	NC_064238.1	10013633	4.969
NC_064238.1_10063561	NC_064238.1	10063561	4.044
NC_064238.1_10086881	NC_064238.1	10086881	-4.221
NC_064238.1_10153240	NC_064238.1	10153240	-4.082
NC_064238.1_10228390	NC_064238.1	10228390	4.368
NC_064238.1_10229631	NC_064238.1	10229631	4.302
NC_064238.1_10237887	NC_064238.1	10237887	-4.061
NC_064238.1_10260359	NC_064238.1	10260359	-4.143
NC_064238.1_10316881	NC_064238.1	10316881	4.545
NC_064238.1_10333379	NC_064238.1	10333379	4.012
NC_064238.1_10337290	NC_064238.1	10337290	4.836
NC_064238.1_10413893	NC_064238.1	10413893	4.038
NC_064238.1_10782275	NC_064238.1	10782275	-4.668
NC_064238.1_11148962	NC_064238.1	11148962	4.375
NC_064238.1_11170171	NC_064238.1	11170171	4.477
NC_064238.1_11208742	NC_064238.1	11208742	4.568
NC_064238.1_11253950	NC_064238.1	11253950	-4.124
NC_064238.1_11364203	NC_064238.1	11364203	4.073
NC_064238.1_11404662	NC_064238.1	11404662	4.421
NC_064238.1_11514325	NC_064238.1	11514325	4.226
NC_064238.1_11605009	NC_064238.1	11605009	-4.032
NC_064238.1_11901160	NC_064238.1	11901160	4.611
NC_064238.1_11901170	NC_064238.1	11901170	4.600
NC_064238.1_12080425	NC_064238.1	12080425	-4.150
NC_064238.1_12122121	NC_064238.1	12122121	-4.187
NC_064238.1_12163097	NC_064238.1	12163097	-4.260
NC_064238.1_12280882	NC_064238.1	12280882	-4.951
NC_064238.1_12282688	NC_064238.1	12282688	4.980
NC_064238.1_12465838	NC_064238.1	12465838	-4.147
NC_064238.1_12640178	NC_064238.1	12640178	-4.070
NC_064238.1_12746263	NC_064238.1	12746263	4.158
NC_064238.1_12770659	NC_064238.1	12770659	4.535
NC_064238.1_13278347	NC_064238.1	13278347	4.314
NC_064238.1_13290377	NC_064238.1	13290377	-4.251
NC_064238.1_13470128	NC_064238.1	13470128	-4.419
NC_064238.1_13669155	NC_064238.1	13669155	-4.366
NC_064238.1_13718671	NC_064238.1	13718671	4.409
NC_064238.1_13732285	NC_064238.1	13732285	4.205
NC_064238.1_13797638	NC_064238.1	13797638	-4.031
NC_064238.1_13841681	NC_064238.1	13841681	-4.100
NC_064238.1_13868195	NC_064238.1	13868195	-4.092
NC_064238.1_13871792	NC_064238.1	13871792	-4.630
NC_064239.1_97775	NC_064239.1	97775	-4.480
NC_064239.1_133635	NC_064239.1	133635	4.055
NC_064239.1_336750	NC_064239.1	336750	-4.311
NC_064239.1_512128	NC_064239.1	512128	-4.120
NC_064239.1_635937	NC_064239.1	635937	-4.063
NC_064239.1_668854	NC_064239.1	668854	-4.230
NC_064239.1_1153083	NC_064239.1	1153083	-4.322
NC_064239.1_1311730	NC_064239.1	1311730	4.767
NC_064239.1_1541051	NC_064239.1	1541051	4.448
NC_064239.1_1603514	NC_064239.1	1603514	4.115
NC_064239.1_1616348	NC_064239.1	1616348	-4.024
NC_064239.1_1752366	NC_064239.1	1752366	-4.749
NC_064239.1_1809530	NC_064239.1	1809530	4.017
NC_064239.1_1879383	NC_064239.1	1879383	-4.121
NC_064239.1_2005114	NC_064239.1	2005114	4.144
NC_064239.1_2131331	NC_064239.1	2131331	4.591
NC_064239.1_2447671	NC_064239.1	2447671	4.029
NC_064239.1_2453223	NC_064239.1	2453223	-4.180
NC_064239.1_2658753	NC_064239.1	2658753	-4.650
NC_064239.1_2681580	NC_064239.1	2681580	-4.024
NC_064239.1_2682516	NC_064239.1	2682516	-4.184
NC_064239.1_2858557	NC_064239.1	2858557	-4.010
NC_064239.1_2981808	NC_064239.1	2981808	4.125
NC_064239.1_3023814	NC_064239.1	3023814	4.400
NC_064239.1_3475550	NC_064239.1	3475550	-4.199
NC_064239.1_3483247	NC_064239.1	3483247	-4.110
NC_064239.1_3503437	NC_064239.1	3503437	-4.054
NC_064239.1_3606687	NC_064239.1	3606687	-4.214
NC_064239.1_3678654	NC_064239.1	3678654	4.703
NC_064239.1_3998670	NC_064239.1	3998670	4.532
NC_064239.1_4067154	NC_064239.1	4067154	-4.189
NC_064239.1_4073002	NC_064239.1	4073002	4.202
NC_064239.1_4257690	NC_064239.1	4257690	-4.149
NC_064239.1_4286846	NC_064239.1	4286846	-4.124
NC_064239.1_4286894	NC_064239.1	4286894	-4.556
NC_064239.1_4286919	NC_064239.1	4286919	-4.773
NC_064239.1_4336172	NC_064239.1	4336172	-4.013
NC_064239.1_4338569	NC_064239.1	4338569	-4.084
NC_064239.1_4351768	NC_064239.1	4351768	4.434
NC_064239.1_4644465	NC_064239.1	4644465	4.093
NC_064239.1_4809870	NC_064239.1	4809870	4.147
NC_064239.1_4814255	NC_064239.1	4814255	-4.241
NC_064239.1_4872630	NC_064239.1	4872630	-4.555
NC_064239.1_4919018	NC_064239.1	4919018	-4.041
NC_064239.1_5007644	NC_064239.1	5007644	-4.069
NC_064239.1_5063496	NC_064239.1	5063496	-4.340
NC_064239.1_5076767	NC_064239.1	5076767	4.050
NC_064239.1_5188496	NC_064239.1	5188496	4.233
NC_064239.1_5188503	NC_064239.1	5188503	4.265
NC_064239.1_5222126	NC_064239.1	5222126	-4.786
NC_064239.1_5223084	NC_064239.1	5223084	-4.042
NC_064239.1_5276718	NC_064239.1	5276718	-4.430
NC_064239.1_5598036	NC_064239.1	5598036	4.350
NC_064239.1_5622516	NC_064239.1	5622516	-4.028
NC_064239.1_6142146	NC_064239.1	6142146	4.566
NC_064239.1_6828024	NC_064239.1	6828024	-4.192
NC_064239.1_7252340	NC_064239.1	7252340	-4.046
NC_064239.1_7260385	NC_064239.1	7260385	-4.156
NC_064239.1_7829706	NC_064239.1	7829706	-4.125
NC_064239.1_7850177	NC_064239.1	7850177	-4.166
NC_064239.1_8301247	NC_064239.1	8301247	4.174
NC_064239.1_8301249	NC_064239.1	8301249	4.061
NC_064239.1_8404725	NC_064239.1	8404725	4.429
NC_064239.1_8536083	NC_064239.1	8536083	-4.135
NC_064239.1_8645429	NC_064239.1	8645429	-4.356
NC_064239.1_8743235	NC_064239.1	8743235	4.151
NC_064239.1_8775163	NC_064239.1	8775163	4.174
NC_064239.1_8951947	NC_064239.1	8951947	4.212
NC_064239.1_8958283	NC_064239.1	8958283	-4.590
NC_064239.1_8973692	NC_064239.1	8973692	4.184
NC_064239.1_9109186	NC_064239.1	9109186	-4.150
NC_064239.1_9188934	NC_064239.1	9188934	4.440
NC_064239.1_9396205	NC_064239.1	9396205	-4.224
NC_064239.1_9515388	NC_064239.1	9515388	4.280
NC_064239.1_9847819	NC_064239.1	9847819	4.052
NC_064239.1_10317570	NC_064239.1	10317570	-4.168
NC_064239.1_10327763	NC_064239.1	10327763	4.092
NC_064239.1_10388333	NC_064239.1	10388333	4.043
NC_064239.1_10515136	NC_064239.1	10515136	4.029
NC_064239.1_10568582	NC_064239.1	10568582	4.088
NC_064239.1_10680059	NC_064239.1	10680059	-4.075
NC_064239.1_10745175	NC_064239.1	10745175	4.240
NC_064239.1_11150191	NC_064239.1	11150191	4.004
NC_064239.1_11163508	NC_064239.1	11163508	4.105
NC_064239.1_11615797	NC_064239.1	11615797	4.161
NC_064239.1_11681172	NC_064239.1	11681172	4.315
NC_064239.1_11721189	NC_064239.1	11721189	4.452
NC_064239.1_11726905	NC_064239.1	11726905	-4.293
NC_064239.1_11762366	NC_064239.1	11762366	4.149
NC_064239.1_11865294	NC_064239.1	11865294	-4.341
NC_064239.1_12235744	NC_064239.1	12235744	4.451
NC_064239.1_12375794	NC_064239.1	12375794	4.412
NC_064239.1_12476390	NC_064239.1	12476390	-4.088
NC_064239.1_12520063	NC_064239.1	12520063	-4.018
NC_064239.1_12534182	NC_064239.1	12534182	4.531
NC_064239.1_12566477	NC_064239.1	12566477	-4.062
NC_064239.1_12578094	NC_064239.1	12578094	4.224
NC_064239.1_12597780	NC_064239.1	12597780	-4.569
NC_064239.1_12599745	NC_064239.1	12599745	-4.370
NC_064239.1_12759821	NC_064239.1	12759821	4.098
NC_064239.1_12884606	NC_064239.1	12884606	-4.454
NC_064239.1_13151425	NC_064239.1	13151425	-4.023
NC_064239.1_13190495	NC_064239.1	13190495	5.206
NC_064239.1_13230385	NC_064239.1	13230385	4.114
NC_064239.1_13243341	NC_064239.1	13243341	4.185
NC_064239.1_13285225	NC_064239.1	13285225	-5.117
NC_064239.1_13344564	NC_064239.1	13344564	-4.424
NC_064239.1_13635189	NC_064239.1	13635189	4.611
NC_064239.1_13641791	NC_064239.1	13641791	4.405
NC_064239.1_13712628	NC_064239.1	13712628	4.320
NC_064239.1_13726046	NC_064239.1	13726046	-4.107
NC_064239.1_13728098	NC_064239.1	13728098	4.218
NC_064239.1_13741982	NC_064239.1	13741982	-5.130
NC_064239.1_13770575	NC_064239.1	13770575	4.402
NC_064239.1_13789767	NC_064239.1	13789767	-4.443
NC_064239.1_13826850	NC_064239.1	13826850	-4.471
NC_064239.1_13832004	NC_064239.1	13832004	-4.233
NC_064239.1_13869333	NC_064239.1	13869333	-4.839
NC_064239.1_13878757	NC_064239.1	13878757	-4.102
NC_064239.1_13889534	NC_064239.1	13889534	-4.512
NC_064239.1_13889912	NC_064239.1	13889912	-4.052
NC_064239.1_13908591	NC_064239.1	13908591	-4.179
NC_064239.1_13909250	NC_064239.1	13909250	-4.102
NC_064239.1_13918024	NC_064239.1	13918024	-4.013
NC_064239.1_13919002	NC_064239.1	13919002	-4.083
NC_064239.1_13930880	NC_064239.1	13930880	-4.350
NC_064239.1_13958946	NC_064239.1	13958946	-4.065
NC_064239.1_13992441	NC_064239.1	13992441	4.012
NC_064240.1_131383	NC_064240.1	131383	-4.060
NC_064240.1_169580	NC_064240.1	169580	-4.105
NC_064240.1_218182	NC_064240.1	218182	-4.109
NC_064240.1_321321	NC_064240.1	321321	-4.046
NC_064240.1_451962	NC_064240.1	451962	4.231
NC_064240.1_529507	NC_064240.1	529507	-4.354
NC_064240.1_553144	NC_064240.1	553144	-4.170
NC_064240.1_582808	NC_064240.1	582808	-4.154
NC_064240.1_584122	NC_064240.1	584122	4.122
NC_064240.1_586604	NC_064240.1	586604	-4.406
NC_064240.1_587786	NC_064240.1	587786	-4.113
NC_064240.1_763503	NC_064240.1	763503	-4.354
NC_064240.1_876000	NC_064240.1	876000	4.961
NC_064240.1_986605	NC_064240.1	986605	4.276
NC_064240.1_1042921	NC_064240.1	1042921	-4.071
NC_064240.1_1042923	NC_064240.1	1042923	-4.427
NC_064240.1_1332051	NC_064240.1	1332051	4.017
NC_064240.1_1332054	NC_064240.1	1332054	-4.067
NC_064240.1_1438842	NC_064240.1	1438842	-4.018
NC_064240.1_1458686	NC_064240.1	1458686	4.626
NC_064240.1_1759975	NC_064240.1	1759975	-4.238
NC_064240.1_1885430	NC_064240.1	1885430	-4.168
NC_064240.1_2004004	NC_064240.1	2004004	4.384
NC_064240.1_2033215	NC_064240.1	2033215	-4.390
NC_064240.1_2478894	NC_064240.1	2478894	-4.122
NC_064240.1_2519868	NC_064240.1	2519868	4.518
NC_064240.1_2992931	NC_064240.1	2992931	4.038
NC_064240.1_3229896	NC_064240.1	3229896	-4.056
NC_064240.1_3303099	NC_064240.1	3303099	-4.256
NC_064240.1_3305612	NC_064240.1	3305612	-4.370
NC_064240.1_3319502	NC_064240.1	3319502	-4.210
NC_064240.1_3344644	NC_064240.1	3344644	4.347
NC_064240.1_3506607	NC_064240.1	3506607	4.863
NC_064240.1_3573664	NC_064240.1	3573664	4.088
NC_064240.1_3583028	NC_064240.1	3583028	4.254
NC_064240.1_3783954	NC_064240.1	3783954	-4.694
NC_064240.1_3946245	NC_064240.1	3946245	4.802
NC_064240.1_4081940	NC_064240.1	4081940	-4.002
NC_064240.1_4107222	NC_064240.1	4107222	-4.012
NC_064240.1_4120464	NC_064240.1	4120464	4.239
NC_064240.1_4179276	NC_064240.1	4179276	4.052
NC_064240.1_4593066	NC_064240.1	4593066	4.419
NC_064240.1_4791144	NC_064240.1	4791144	4.026
NC_064240.1_5069937	NC_064240.1	5069937	-4.042
NC_064240.1_5355349	NC_064240.1	5355349	-4.152
NC_064240.1_5449613	NC_064240.1	5449613	-4.179
NC_064240.1_5490518	NC_064240.1	5490518	4.419
NC_064240.1_5495318	NC_064240.1	5495318	-4.314
NC_064240.1_5507738	NC_064240.1	5507738	4.433
NC_064240.1_5526196	NC_064240.1	5526196	4.013
NC_064240.1_5658676	NC_064240.1	5658676	4.016
NC_064240.1_5663771	NC_064240.1	5663771	4.385
NC_064240.1_5719553	NC_064240.1	5719553	-4.248
NC_064240.1_5783993	NC_064240.1	5783993	-4.490
NC_064240.1_6080939	NC_064240.1	6080939	4.372
NC_064240.1_6103772	NC_064240.1	6103772	4.129
NC_064240.1_6130660	NC_064240.1	6130660	-4.884
NC_064240.1_6357455	NC_064240.1	6357455	4.355
NC_064240.1_6363597	NC_064240.1	6363597	4.575
NC_064240.1_6363602	NC_064240.1	6363602	5.116
NC_064240.1_6363603	NC_064240.1	6363603	4.994
NC_064240.1_6363625	NC_064240.1	6363625	4.150
NC_064240.1_6385223	NC_064240.1	6385223	-4.063
NC_064240.1_6604037	NC_064240.1	6604037	4.030
NC_064240.1_6728779	NC_064240.1	6728779	-4.027
NC_064240.1_7088126	NC_064240.1	7088126	4.369
NC_064240.1_7199460	NC_064240.1	7199460	4.422
NC_064240.1_7219007	NC_064240.1	7219007	4.040
NC_064240.1_7456874	NC_064240.1	7456874	4.361
NC_064240.1_7536751	NC_064240.1	7536751	4.118
NC_064240.1_7853463	NC_064240.1	7853463	-4.101
NC_064240.1_7853512	NC_064240.1	7853512	-4.892
NC_064240.1_7853566	NC_064240.1	7853566	-4.369
NC_064240.1_7854204	NC_064240.1	7854204	-4.586
NC_064240.1_7854322	NC_064240.1	7854322	4.368
NC_064240.1_7854333	NC_064240.1	7854333	-4.674
NC_064240.1_7854412	NC_064240.1	7854412	-4.801
NC_064240.1_7854526	NC_064240.1	7854526	4.997
NC_064240.1_7854530	NC_064240.1	7854530	4.097
NC_064240.1_7854541	NC_064240.1	7854541	-5.406
NC_064240.1_7854544	NC_064240.1	7854544	4.232
NC_064240.1_7854550	NC_064240.1	7854550	-4.378
NC_064240.1_7854555	NC_064240.1	7854555	-4.080
NC_064240.1_7854611	NC_064240.1	7854611	4.146
NC_064240.1_8029297	NC_064240.1	8029297	-4.059
NC_064240.1_8208697	NC_064240.1	8208697	-4.022
NC_064240.1_8453179	NC_064240.1	8453179	4.395
NC_064240.1_8462439	NC_064240.1	8462439	4.312
NC_064240.1_8564785	NC_064240.1	8564785	-4.022
NC_064240.1_8634580	NC_064240.1	8634580	4.308
NC_064240.1_8650327	NC_064240.1	8650327	-4.051
NC_064240.1_8989029	NC_064240.1	8989029	-4.421
NC_064240.1_8989037	NC_064240.1	8989037	-4.052
NC_064240.1_8989045	NC_064240.1	8989045	-4.047
NC_064240.1_9042622	NC_064240.1	9042622	-4.277
NC_064240.1_9044522	NC_064240.1	9044522	-4.124
NC_064240.1_9160601	NC_064240.1	9160601	4.018
NC_064240.1_9219621	NC_064240.1	9219621	-4.310
NC_064240.1_9219641	NC_064240.1	9219641	-4.006
NC_064240.1_9219648	NC_064240.1	9219648	-4.110
NC_064240.1_9292816	NC_064240.1	9292816	-4.380
NC_064240.1_9340121	NC_064240.1	9340121	-4.115
NC_064240.1_9366305	NC_064240.1	9366305	-5.138
NC_064240.1_9491523	NC_064240.1	9491523	-4.322
NC_064240.1_9609177	NC_064240.1	9609177	4.088
NC_064240.1_9666907	NC_064240.1	9666907	4.031
NC_064240.1_9764465	NC_064240.1	9764465	4.085
NC_064240.1_10073350	NC_064240.1	10073350	-4.083
NC_064240.1_10116394	NC_064240.1	10116394	-4.146
NC_064240.1_10251638	NC_064240.1	10251638	4.139
NC_064240.1_10251639	NC_064240.1	10251639	4.034
NC_064240.1_10300558	NC_064240.1	10300558	4.041
NC_064240.1_10500780	NC_064240.1	10500780	-4.106
NC_064240.1_10515883	NC_064240.1	10515883	4.032
NC_064240.1_10590684	NC_064240.1	10590684	-4.164
NC_064240.1_10635109	NC_064240.1	10635109	4.863
NC_064240.1_10743363	NC_064240.1	10743363	-4.156
NC_064240.1_10843386	NC_064240.1	10843386	-4.030
NC_064240.1_11031948	NC_064240.1	11031948	4.258
NC_064240.1_11125749	NC_064240.1	11125749	-4.901
NC_064240.1_11125750	NC_064240.1	11125750	-4.464
NC_064240.1_11268424	NC_064240.1	11268424	-4.028
NC_064240.1_11377715	NC_064240.1	11377715	4.348
NC_064240.1_11513331	NC_064240.1	11513331	4.088
NC_064240.1_11545044	NC_064240.1	11545044	-5.227
NC_064240.1_11545061	NC_064240.1	11545061	-4.076
NC_064240.1_11556742	NC_064240.1	11556742	-4.085
NC_064240.1_11660377	NC_064240.1	11660377	-4.234
NC_064240.1_11702225	NC_064240.1	11702225	-4.089
NC_064240.1_11785521	NC_064240.1	11785521	-4.182
NC_064240.1_12003368	NC_064240.1	12003368	-4.125
NC_064240.1_12003369	NC_064240.1	12003369	-4.543
NC_064240.1_12006454	NC_064240.1	12006454	4.272
NC_064240.1_12101933	NC_064240.1	12101933	4.591
NC_064240.1_12256334	NC_064240.1	12256334	4.256
NC_064240.1_12297235	NC_064240.1	12297235	-4.094
NC_064240.1_12347902	NC_064240.1	12347902	4.200
NC_064240.1_12365682	NC_064240.1	12365682	4.710
NC_064240.1_12393651	NC_064240.1	12393651	-4.159
NC_064240.1_12717102	NC_064240.1	12717102	4.260
NC_064240.1_12837528	NC_064240.1	12837528	4.116
NC_064240.1_12842113	NC_064240.1	12842113	4.505
NC_064240.1_12842117	NC_064240.1	12842117	4.376
NC_064240.1_12842118	NC_064240.1	12842118	4.430
NC_064240.1_12845033	NC_064240.1	12845033	4.412
NC_064240.1_13157085	NC_064240.1	13157085	4.233
NC_064240.1_13251925	NC_064240.1	13251925	-4.488
NC_064240.1_13372153	NC_064240.1	13372153	-4.050
NC_064240.1_13551692	NC_064240.1	13551692	-4.067
NC_064240.1_13552095	NC_064240.1	13552095	4.084
NC_064240.1_13583673	NC_064240.1	13583673	-4.317
NC_064241.1_101531	NC_064241.1	101531	-4.180
NC_064241.1_101630	NC_064241.1	101630	-4.051
NC_064241.1_101647	NC_064241.1	101647	-4.206
NC_064241.1_102144	NC_064241.1	102144	-4.242
NC_064241.1_146064	NC_064241.1	146064	-4.285
NC_064241.1_148733	NC_064241.1	148733	-4.662
NC_064241.1_387818	NC_064241.1	387818	4.268
NC_064241.1_387824	NC_064241.1	387824	4.406
NC_064241.1_517036	NC_064241.1	517036	-4.170
NC_064241.1_658522	NC_064241.1	658522	4.074
NC_064241.1_671194	NC_064241.1	671194	-4.033
NC_064241.1_698243	NC_064241.1	698243	-4.554
NC_064241.1_768952	NC_064241.1	768952	-4.391
NC_064241.1_773559	NC_064241.1	773559	4.420
NC_064241.1_821428	NC_064241.1	821428	-4.202
NC_064241.1_1090454	NC_064241.1	1090454	4.138
NC_064241.1_1960621	NC_064241.1	1960621	-4.704
NC_064241.1_2087989	NC_064241.1	2087989	-4.260
NC_064241.1_2129336	NC_064241.1	2129336	-4.230
NC_064241.1_2181811	NC_064241.1	2181811	-4.076
NC_064241.1_2206818	NC_064241.1	2206818	-4.125
NC_064241.1_2261431	NC_064241.1	2261431	4.089
NC_064241.1_2262066	NC_064241.1	2262066	-4.474
NC_064241.1_2278640	NC_064241.1	2278640	-4.228
NC_064241.1_2331316	NC_064241.1	2331316	4.105
NC_064241.1_3241420	NC_064241.1	3241420	4.276
NC_064241.1_3434172	NC_064241.1	3434172	-4.173
NC_064241.1_3530431	NC_064241.1	3530431	4.005
NC_064241.1_3601103	NC_064241.1	3601103	-4.349
NC_064241.1_3733589	NC_064241.1	3733589	4.193
NC_064241.1_3764871	NC_064241.1	3764871	4.462
NC_064241.1_3943541	NC_064241.1	3943541	-5.040
NC_064241.1_3947073	NC_064241.1	3947073	-4.193
NC_064241.1_3948777	NC_064241.1	3948777	-4.814
NC_064241.1_4057283	NC_064241.1	4057283	4.087
NC_064241.1_4129071	NC_064241.1	4129071	-4.223
NC_064241.1_4397473	NC_064241.1	4397473	-4.673
NC_064241.1_4445042	NC_064241.1	4445042	4.049
NC_064241.1_5081505	NC_064241.1	5081505	4.132
NC_064241.1_5249382	NC_064241.1	5249382	4.024
NC_064241.1_5249385	NC_064241.1	5249385	4.411
NC_064241.1_5301722	NC_064241.1	5301722	-4.340
NC_064241.1_5314530	NC_064241.1	5314530	4.090
NC_064241.1_5456834	NC_064241.1	5456834	4.067
NC_064241.1_5532653	NC_064241.1	5532653	4.303
NC_064241.1_5638488	NC_064241.1	5638488	4.825
NC_064241.1_5852269	NC_064241.1	5852269	-4.421
NC_064241.1_6119933	NC_064241.1	6119933	4.632
NC_064241.1_6225383	NC_064241.1	6225383	4.491
NC_064241.1_6835805	NC_064241.1	6835805	4.218
NC_064241.1_6940486	NC_064241.1	6940486	4.500
NC_064241.1_6987832	NC_064241.1	6987832	-4.474
NC_064241.1_7046643	NC_064241.1	7046643	-4.396
NC_064241.1_7049344	NC_064241.1	7049344	-4.119
NC_064241.1_7225303	NC_064241.1	7225303	-4.152
NC_064241.1_7228398	NC_064241.1	7228398	-4.223
NC_064241.1_7265854	NC_064241.1	7265854	4.425
NC_064241.1_7271444	NC_064241.1	7271444	-4.089
NC_064241.1_7330087	NC_064241.1	7330087	-4.736
NC_064241.1_7449299	NC_064241.1	7449299	-4.078
NC_064241.1_7483579	NC_064241.1	7483579	4.078
NC_064241.1_7720369	NC_064241.1	7720369	4.207
NC_064241.1_8153930	NC_064241.1	8153930	4.274
NC_064241.1_8162281	NC_064241.1	8162281	-4.309
NC_064241.1_8431670	NC_064241.1	8431670	4.047
NC_064241.1_8529972	NC_064241.1	8529972	4.311
NC_064241.1_8548593	NC_064241.1	8548593	4.027
NC_064241.1_8583449	NC_064241.1	8583449	4.010
NC_064241.1_8591333	NC_064241.1	8591333	-4.180
NC_064241.1_8974727	NC_064241.1	8974727	4.054
NC_064241.1_9698846	NC_064241.1	9698846	4.647
NC_064241.1_9721175	NC_064241.1	9721175	4.569
NC_064241.1_9755901	NC_064241.1	9755901	-4.422
NC_064241.1_9760584	NC_064241.1	9760584	4.003
NC_064241.1_10025647	NC_064241.1	10025647	4.107
NC_064241.1_10237069	NC_064241.1	10237069	4.376
NC_064241.1_10237070	NC_064241.1	10237070	4.720
NC_064241.1_10444141	NC_064241.1	10444141	4.111
NC_064241.1_10649642	NC_064241.1	10649642	-4.176
NC_064241.1_10649867	NC_064241.1	10649867	-4.018
NC_064241.1_10792438	NC_064241.1	10792438	4.032
NC_064241.1_10855083	NC_064241.1	10855083	4.046
NC_064241.1_10905486	NC_064241.1	10905486	4.824
NC_064241.1_10969834	NC_064241.1	10969834	4.070
NC_064241.1_11080438	NC_064241.1	11080438	4.026
NC_064241.1_11524946	NC_064241.1	11524946	-4.094
NC_064241.1_11660004	NC_064241.1	11660004	4.406
NC_064241.1_11674893	NC_064241.1	11674893	-4.144
NC_064241.1_11713900	NC_064241.1	11713900	-4.172
NC_064241.1_11742009	NC_064241.1	11742009	4.049
NC_064241.1_11752774	NC_064241.1	11752774	-4.061
NC_064241.1_11853203	NC_064241.1	11853203	4.111
NC_064241.1_11875602	NC_064241.1	11875602	4.009
NC_064241.1_11999330	NC_064241.1	11999330	-4.466
NC_064241.1_12078276	NC_064241.1	12078276	4.097
NC_064241.1_12161068	NC_064241.1	12161068	-4.371
NC_064241.1_12251737	NC_064241.1	12251737	-4.103
NC_064241.1_12426980	NC_064241.1	12426980	-4.336
NC_064241.1_12590615	NC_064241.1	12590615	-4.319
NC_064241.1_12716844	NC_064241.1	12716844	-4.433
NC_064241.1_12717689	NC_064241.1	12717689	-4.119
NC_064241.1_12746487	NC_064241.1	12746487	4.183
NC_064241.1_12749656	NC_064241.1	12749656	4.201
NC_064241.1_12831368	NC_064241.1	12831368	4.138
NC_064241.1_12879171	NC_064241.1	12879171	-4.054
NC_064241.1_12891403	NC_064241.1	12891403	-4.180
NC_064241.1_12935436	NC_064241.1	12935436	-4.363
NC_064241.1_12935437	NC_064241.1	12935437	-4.448
NC_064241.1_12939368	NC_064241.1	12939368	-4.051
NC_064241.1_13192607	NC_064241.1	13192607	-4.476
NC_064241.1_13227510	NC_064241.1	13227510	4.157
NC_064241.1_13227549	NC_064241.1	13227549	4.470
NC_064241.1_13227555	NC_064241.1	13227555	4.021
NC_064241.1_13348847	NC_064241.1	13348847	4.451
NC_064241.1_13361888	NC_064241.1	13361888	-4.527
NC_064241.1_13422138	NC_064241.1	13422138	4.251
NC_064241.1_13439866	NC_064241.1	13439866	4.259
NC_064242.1_62914	NC_064242.1	62914	-4.004
NC_064242.1_64388	NC_064242.1	64388	-5.708
NC_064242.1_90159	NC_064242.1	90159	-4.292
NC_064242.1_90163	NC_064242.1	90163	4.042
NC_064242.1_145974	NC_064242.1	145974	-4.179
NC_064242.1_157166	NC_064242.1	157166	4.008
NC_064242.1_158196	NC_064242.1	158196	-4.129
NC_064242.1_175123	NC_064242.1	175123	-4.033
NC_064242.1_251714	NC_064242.1	251714	4.072
NC_064242.1_279460	NC_064242.1	279460	4.382
NC_064242.1_312930	NC_064242.1	312930	-4.161
NC_064242.1_312931	NC_064242.1	312931	-4.086
NC_064242.1_437594	NC_064242.1	437594	-4.190
NC_064242.1_539666	NC_064242.1	539666	-5.135
NC_064242.1_673026	NC_064242.1	673026	-4.333
NC_064242.1_779496	NC_064242.1	779496	-4.250
NC_064242.1_835212	NC_064242.1	835212	4.070
NC_064242.1_1031462	NC_064242.1	1031462	-4.032
NC_064242.1_1191281	NC_064242.1	1191281	-4.070
NC_064242.1_1211317	NC_064242.1	1211317	4.544
NC_064242.1_1788359	NC_064242.1	1788359	4.608
NC_064242.1_2155695	NC_064242.1	2155695	4.201
NC_064242.1_2233887	NC_064242.1	2233887	-4.149
NC_064242.1_2242386	NC_064242.1	2242386	-4.087
NC_064242.1_2756751	NC_064242.1	2756751	4.106
NC_064242.1_2844463	NC_064242.1	2844463	-4.064
NC_064242.1_2898460	NC_064242.1	2898460	4.062
NC_064242.1_3308784	NC_064242.1	3308784	4.457
NC_064242.1_3349191	NC_064242.1	3349191	-4.697
NC_064242.1_3381922	NC_064242.1	3381922	-4.045
NC_064242.1_3430225	NC_064242.1	3430225	4.108
NC_064242.1_3504588	NC_064242.1	3504588	-4.066
NC_064242.1_3504590	NC_064242.1	3504590	-4.032
NC_064242.1_3504591	NC_064242.1	3504591	-4.366
NC_064242.1_4066085	NC_064242.1	4066085	4.043
NC_064242.1_4311089	NC_064242.1	4311089	4.162
NC_064242.1_4332859	NC_064242.1	4332859	-4.032
NC_064242.1_4444068	NC_064242.1	4444068	-4.207
NC_064242.1_4447313	NC_064242.1	4447313	-4.198
NC_064242.1_4600415	NC_064242.1	4600415	4.021
NC_064242.1_4987001	NC_064242.1	4987001	-4.231
NC_064242.1_5111220	NC_064242.1	5111220	4.546
NC_064242.1_5301496	NC_064242.1	5301496	4.057
NC_064242.1_5308827	NC_064242.1	5308827	4.447
NC_064242.1_5576980	NC_064242.1	5576980	4.715
NC_064242.1_5829904	NC_064242.1	5829904	-4.276
NC_064242.1_6003039	NC_064242.1	6003039	4.526
NC_064242.1_6003758	NC_064242.1	6003758	-4.031
NC_064242.1_6171986	NC_064242.1	6171986	4.483
NC_064242.1_6180523	NC_064242.1	6180523	4.563
NC_064242.1_6401041	NC_064242.1	6401041	-4.127
NC_064242.1_6412476	NC_064242.1	6412476	5.056
NC_064242.1_6530557	NC_064242.1	6530557	-4.291
NC_064242.1_6561781	NC_064242.1	6561781	-4.231
NC_064242.1_6621099	NC_064242.1	6621099	4.177
NC_064242.1_6654424	NC_064242.1	6654424	-4.528
NC_064242.1_6742917	NC_064242.1	6742917	-4.554
NC_064242.1_7370991	NC_064242.1	7370991	-4.459
NC_064242.1_7463656	NC_064242.1	7463656	4.126
NC_064242.1_7510198	NC_064242.1	7510198	-4.239
NC_064242.1_7536854	NC_064242.1	7536854	-4.437
NC_064242.1_7536883	NC_064242.1	7536883	-4.472
NC_064242.1_7710264	NC_064242.1	7710264	-4.549
NC_064242.1_7947384	NC_064242.1	7947384	4.095
NC_064242.1_7947388	NC_064242.1	7947388	4.310
NC_064242.1_8104730	NC_064242.1	8104730	4.509
NC_064242.1_8760905	NC_064242.1	8760905	-4.415
NC_064242.1_8760909	NC_064242.1	8760909	-4.387
NC_064242.1_8847560	NC_064242.1	8847560	4.013
NC_064242.1_9050651	NC_064242.1	9050651	-4.004
NC_064242.1_9355863	NC_064242.1	9355863	4.034
NC_064242.1_9390076	NC_064242.1	9390076	4.134
NC_064242.1_9669997	NC_064242.1	9669997	-4.194
NC_064242.1_9670536	NC_064242.1	9670536	-4.067
NC_064242.1_9739697	NC_064242.1	9739697	-4.050
NC_064242.1_9739753	NC_064242.1	9739753	-4.779
NC_064242.1_9836431	NC_064242.1	9836431	4.460
NC_064242.1_9902270	NC_064242.1	9902270	-4.635
NC_064242.1_10047381	NC_064242.1	10047381	-4.840
NC_064242.1_10350071	NC_064242.1	10350071	-4.230
NC_064242.1_10622511	NC_064242.1	10622511	4.116
NC_064242.1_10870642	NC_064242.1	10870642	4.157
NC_064242.1_10942788	NC_064242.1	10942788	-4.068
NC_064242.1_10983484	NC_064242.1	10983484	4.109
NC_064242.1_10994978	NC_064242.1	10994978	-4.055
NC_064242.1_11047363	NC_064242.1	11047363	4.204
NC_064242.1_11054066	NC_064242.1	11054066	4.968
NC_064242.1_11158196	NC_064242.1	11158196	4.359
NC_064242.1_11459170	NC_064242.1	11459170	4.071
NC_064242.1_11558869	NC_064242.1	11558869	-4.036
NC_064242.1_11997734	NC_064242.1	11997734	4.181
NC_064242.1_12128044	NC_064242.1	12128044	-4.322
NC_064242.1_12258328	NC_064242.1	12258328	-4.128
NC_064242.1_12267884	NC_064242.1	12267884	4.022
NC_064242.1_12285634	NC_064242.1	12285634	-4.733
NC_064242.1_12308872	NC_064242.1	12308872	4.040
NC_064242.1_12576978	NC_064242.1	12576978	4.073
NC_064242.1_12722132	NC_064242.1	12722132	4.191
NC_064242.1_12722183	NC_064242.1	12722183	-4.525
NC_064242.1_13012717	NC_064242.1	13012717	-4.026
NC_064242.1_13023717	NC_064242.1	13023717	4.108
NC_064242.1_13029165	NC_064242.1	13029165	4.064
NC_064242.1_13063697	NC_064242.1	13063697	4.098
NC_064242.1_13304583	NC_064242.1	13304583	-5.510
NC_064242.1_13475268	NC_064242.1	13475268	-4.982
NC_064242.1_13516042	NC_064242.1	13516042	-4.528
NC_064242.1_13522092	NC_064242.1	13522092	-4.087
NC_064242.1_13522126	NC_064242.1	13522126	4.831
NC_064242.1_13528658	NC_064242.1	13528658	-4.336
NC_064242.1_13529833	NC_064242.1	13529833	-4.018
NC_064242.1_13541270	NC_064242.1	13541270	-4.400
NC_064242.1_13594584	NC_064242.1	13594584	4.946
NC_064242.1_13594587	NC_064242.1	13594587	4.921
NC_064242.1_13609038	NC_064242.1	13609038	-4.022
