marker	chrom	pos	loading	z	maf	gene	desc	dist	gstart	gend	module_hit
NC_064212.1_92427	NC_064212.1	92427		-4.437		LOC126910974	cell surface glycoprotein 1-like	4793	85977	89290	
NC_064212.1_94667	NC_064212.1	94667		-4.709		LOC126910974	cell surface glycoprotein 1-like	7033	85977	89290	
NC_064212.1_107985	NC_064212.1	107985		-4.893		LOC126910974	cell surface glycoprotein 1-like	20351	85977	89290	
NC_064212.1_124615	NC_064212.1	124615		4.059		LOC118273142	neuroligin-4, X-linked	12537	110363	163941	
NC_064212.1_200726	NC_064212.1	200726		-5.32		LOC126910980	uncharacterized LOC126910980	8047	202694	214852	
NC_064212.1_218981	NC_064212.1	218981		-4.265		LOC126910980	uncharacterized LOC126910980	10208	202694	214852	
NC_064212.1_315743	NC_064212.1	315743		4.157		Trnat-ugu	transfer RNA threonine (anticodon UGU)	19726	335433	335505	
NC_064212.1_387676	NC_064212.1	387676		-4.729		LOC118273490	MARVEL domain-containing protein 1	2320	380186	390525	
NC_064212.1_425720	NC_064212.1	425720		-4.586		LOC118273445	uncharacterized LOC118273445	4183	422593	437214	
NC_064212.1_434334	NC_064212.1	434334		-4.289		LOC118273445	uncharacterized LOC118273445	4430	422593	437214	
NC_064212.1_465790	NC_064212.1	465790		-4.288		LOC118273027	maltase A1-like	3697	458734	465452	
NC_064212.1_478785	NC_064212.1	478785		-4.212		LOC126910870	uncharacterized LOC126910870	32	476350	481155	
NC_064212.1_536474	NC_064212.1	536474		4.035		LOC118273144	peptidyl-prolyl cis-trans isomerase G-like	3033	533988	545026	
NC_064212.1_631913	NC_064212.1	631913		-4.268		LOC118273223	lysosome-associated membrane glycoprotein 2	15960	637590	658157	
NC_064212.1_649609	NC_064212.1	649609		4.069		LOC118273223	lysosome-associated membrane glycoprotein 2	1735	637590	658157	
NC_064212.1_693675	NC_064212.1	693675		4.04		LOC118273625	sodium/potassium-transporting ATPase subunit beta-2	2148	689174	693880	离子/渗透
NC_064212.1_900251	NC_064212.1	900251		4.582		LOC118273581	calcium channel flower	6999	887442	899061	离子/渗透
NC_064212.1_919490	NC_064212.1	919490		-4.183		LOC118273284	enhancer of mRNA-decapping protein 4-like	6476	923450	928483	
NC_064212.1_1108477	NC_064212.1	1108477		-4.036		LOC118273237	chromobox protein homolog 5	9326	1097431	1100871	
NC_064212.1_1111417	NC_064212.1	1111417		-4.016		LOC118273235	dedicator of cytokinesis protein 7	10290	1102788	1140626	
NC_064212.1_1293356	NC_064212.1	1293356		4.004		LOC118273540	eEF1A lysine and N-terminal methyltransferase homolog	18370	1269986	1279986	解毒/代谢
NC_064212.1_1416989	NC_064212.1	1416989		-4.012		LOC118273287	adenylate kinase isoenzyme 5	12499	1412427	1446550	
NC_064212.1_1681121	NC_064212.1	1681121		-4.427		LOC118273222	zinc finger protein ush	70536	1512157	1709012	
NC_064212.1_1805481	NC_064212.1	1805481		4.251		Trnai-aau	transfer RNA isoleucine (anticodon AAU)	4618	1800826	1800899	
NC_064212.1_1870182	NC_064212.1	1870182		4.13		LOC118273120	uncharacterized LOC118273120	21284	1889895	1893038	
NC_064212.1_1900297	NC_064212.1	1900297		-4.291		LOC118273119	uncharacterized LOC118273119	4820	1893742	1897211	
NC_064212.1_2401869	NC_064212.1	2401869		4.121		LOC118273278	pseudouridylate synthase RPUSD2-like	89319	2079829	2545271	
NC_064212.1_2497537	NC_064212.1	2497537		4.5		LOC126911148	uncharacterized LOC126911148	13010	2483613	2485440	
NC_064212.1_2516356	NC_064212.1	2516356		-4.324		LOC118273278	pseudouridylate synthase RPUSD2-like	203806	2079829	2545271	
NC_064212.1_3008209	NC_064212.1	3008209		-4.44		LOC118273271	uncharacterized LOC118273271	33009	2902535	3047865	
NC_064212.1_3125701	NC_064212.1	3125701		-4.164		LOC118281850	tribbles homolog 2	6646	3102024	3136086	
NC_064212.1_3181886	NC_064212.1	3181886		-4.282		LOC118281849	carboxy-terminal domain RNA polymerase II polypeptide A small phosphatase 1	4158	3164386	3191070	
NC_064212.1_3308831	NC_064212.1	3308831		4.696		LOC118273532	homeobox protein aristaless-like	23601	3245437	3325023	
NC_064212.1_3589415	NC_064212.1	3589415		-4.046		LOC118273509	protein Wnt-4	7824	3596150	3598329	
NC_064212.1_3816997	NC_064212.1	3816997		4.492		LOC118273707	integrin beta-PS-like	3297	3817720	3822868	
NC_064212.1_4201417	NC_064212.1	4201417		-4.396		LOC118273559	transcription factor Sox-14	1179	4199264	4201212	
NC_064212.1_4546460	NC_064212.1	4546460		-4.036		LOC118273592	sodium-coupled monocarboxylate transporter 2	34725	4563854	4598516	离子/渗透
NC_064212.1_4703405	NC_064212.1	4703405		-4.452		LOC118273043	abhydrolase domain-containing protein 2	5921	4693954	4724698	
NC_064212.1_4755353	NC_064212.1	4755353		-4.57		LOC118273040	transcription-associated protein 1	7927	4732343	4762509	
NC_064212.1_4768498	NC_064212.1	4768498		-4.549		LOC118273040	transcription-associated protein 1	21072	4732343	4762509	
NC_064212.1_4900485	NC_064212.1	4900485		-4.039		LOC118273713	zinc finger protein Xfin	17281	4865228	4901180	
NC_064212.1_4955113	NC_064212.1	4955113		4.507		LOC118273320	NHL repeat-containing protein 2	10667	4961938	4969622	
NC_064212.1_4999154	NC_064212.1	4999154		5.208		LOC118272983	venom acid phosphatase Acph-1-like	4681	4999964	5007706	
NC_064212.1_5016147	NC_064212.1	5016147		-4.07		LOC118272982	venom acid phosphatase Acph-1	1868	5010531	5018027	
NC_064212.1_5059179	NC_064212.1	5059179		-4.332		LOC118273413	tyrosine-protein kinase transmembrane receptor Ror	4621	5043180	5084421	
NC_064212.1_5272446	NC_064212.1	5272446		-4.072		LOC118273661	inactive dipeptidyl peptidase 10	30555	5179992	5303790	
NC_064212.1_5338319	NC_064212.1	5338319		4.003		LOC118273192	transcription factor glial cells missing 2	11420	5347162	5352316	
NC_064212.1_5400399	NC_064212.1	5400399		4.287		LOC118273518	protein ultraspiracle homolog	9462	5384594	5435128	
NC_064212.1_5404525	NC_064212.1	5404525		4.246		LOC118273518	protein ultraspiracle homolog	5336	5384594	5435128	
NC_064212.1_5480113	NC_064212.1	5480113		-4.179		LOC118273519	long-chain fatty acid transport protein 4	4111	5460634	5507814	
NC_064212.1_5576034	NC_064212.1	5576034		4.083		LOC118273397	golgin subfamily A member 1	5734	5557905	5582695	
NC_064212.1_5692014	NC_064212.1	5692014		-5.208		LOC118273257	protein muscleblind	12033	5585429	5822665	
NC_064212.1_5891118	NC_064212.1	5891118		-4.309		(基因间区)		-1			
NC_064212.1_6169487	NC_064212.1	6169487		4.034		LOC118273483	glycerophosphocholine phosphodiesterase GPCPD1	592	6163808	6173981	解毒/代谢
NC_064212.1_6712297	NC_064212.1	6712297		-4.021		LOC118273261	adenylate cyclase type 8	4849	6695679	6719217	
NC_064212.1_6787695	NC_064212.1	6787695		-4.019		LOC118273680	probable NADH dehydrogenase [ubiquinone] iron-sulfur protein 6, mitochondrial	1059	6788130	6789379	
NC_064212.1_6805636	NC_064212.1	6805636		4.192		LOC118273677	carnitine O-acetyltransferase	1160	6801949	6811644	解毒/代谢
NC_064212.1_6905591	NC_064212.1	6905591		-4.083		LOC118273455	WD repeat-containing protein 55 homolog	3110	6900903	6904059	
NC_064212.1_6922138	NC_064212.1	6922138		4.135		LOC126911286	uncharacterized LOC126911286	1026	6920380	6921843	
NC_064212.1_6977670	NC_064212.1	6977670		-4.189		Trnai-uau	transfer RNA isoleucine (anticodon UAU)	2269	6975355	6975446	
NC_064212.1_6977691	NC_064212.1	6977691		4.33		Trnai-uau	transfer RNA isoleucine (anticodon UAU)	2290	6975355	6975446	
NC_064212.1_7006977	NC_064212.1	7006977		4.331		LOC118273623	zinc finger protein SNAI2	3500	7009444	7011510	
NC_064212.1_7338799	NC_064212.1	7338799		-4.264		LOC118273048	uncharacterized LOC118273048	6710	7331543	7332634	
NC_064212.1_7338803	NC_064212.1	7338803		-4.077		LOC118273048	uncharacterized LOC118273048	6714	7331543	7332634	
NC_064212.1_7355633	NC_064212.1	7355633		-4.497		LOC126911260	uncharacterized LOC126911260	26609	7334904	7429581	
NC_064212.1_7405356	NC_064212.1	7405356		-4.063		LOC118273356	trissin receptor	5153	7346511	7453895	
NC_064212.1_7407536	NC_064212.1	7407536		-4.742		LOC118273356	trissin receptor	7333	7346511	7453895	
NC_064212.1_7407551	NC_064212.1	7407551		-4.613		LOC118273356	trissin receptor	7348	7346511	7453895	
NC_064212.1_7407553	NC_064212.1	7407553		-4.52		LOC118273356	trissin receptor	7350	7346511	7453895	
NC_064212.1_7408315	NC_064212.1	7408315		4.442		LOC118273356	trissin receptor	8112	7346511	7453895	
NC_064212.1_7494454	NC_064212.1	7494454		4.776		LOC118271120	uncharacterized LOC118271120	20303	7513000	7516514	
NC_064212.1_7736254	NC_064212.1	7736254		-4.192		LOC118278387	tensin-1	1154	7687016	7783184	
NC_064212.1_7802332	NC_064212.1	7802332		4.753		LOC118278831	thioester-containing protein 1 allele R1	3949	7790331	7806434	
NC_064212.1_7835183	NC_064212.1	7835183		-4.195		LOC118278829	multiple epidermal growth factor-like domains protein 8	12938	7814747	7829743	
NC_064212.1_7837553	NC_064212.1	7837553		-4.555		LOC118278829	multiple epidermal growth factor-like domains protein 8	15308	7814747	7829743	
NC_064212.1_7901627	NC_064212.1	7901627		4.173		LOC118273129	RNA 5'-monophosphate methyltransferase-like	90	7901193	7902242	解毒/代谢
NC_064212.1_7909228	NC_064212.1	7909228		-4.143		LOC118273711	uncharacterized LOC118273711	3364	7905113	7906614	
NC_064212.1_8105273	NC_064212.1	8105273		-4.11		(基因间区)		-1			
NC_064212.1_8208612	NC_064212.1	8208612		-4.185		LOC118273138	neural-cadherin	118507	8186422	8467817	
NC_064212.1_8289403	NC_064212.1	8289403		-4.134		LOC118273139	uncharacterized LOC118273139	5811	8282422	8284761	
NC_064212.1_8357507	NC_064212.1	8357507		-4.013		LOC118273138	neural-cadherin	30387	8186422	8467817	
NC_064212.1_8507718	NC_064212.1	8507718		4.684		LOC118273194	uncharacterized LOC118273194	1174	8502522	8510565	
NC_064212.1_8529646	NC_064212.1	8529646		-4.362		LOC118273659	cysteine-rich venom protein DIS2	3833	8519645	8531980	
NC_064212.1_8547282	NC_064212.1	8547282		-4.042		LOC118273515	protein phosphatase PHLPP-like protein	5364	8534307	8549529	
NC_064212.1_8588690	NC_064212.1	8588690		-4.075		LOC118273715	cilia- and flagella-associated protein 47-like	4015	8589783	8595627	
NC_064212.1_8596830	NC_064212.1	8596830		-4.064		LOC118273715	cilia- and flagella-associated protein 47-like	4125	8589783	8595627	
NC_064212.1_8665409	NC_064212.1	8665409		4.061		LOC118273151	COP9 signalosome complex subunit 8	4333	8668745	8670739	
NC_064212.1_8669171	NC_064212.1	8669171		-4.13		LOC118273151	COP9 signalosome complex subunit 8	571	8668745	8670739	
NC_064212.1_8689107	NC_064212.1	8689107		4.174		LOC118273151	COP9 signalosome complex subunit 8	19365	8668745	8670739	
NC_064212.1_8689208	NC_064212.1	8689208		-4.639		LOC118273151	COP9 signalosome complex subunit 8	19466	8668745	8670739	
NC_064212.1_8689216	NC_064212.1	8689216		-4.698		LOC118273151	COP9 signalosome complex subunit 8	19474	8668745	8670739	
NC_064212.1_8822950	NC_064212.1	8822950		4.258		LOC118273692	uncharacterized LOC118273692	908	8818882	8828835	
NC_064212.1_8869057	NC_064212.1	8869057		4.12		LOC118273065	trifunctional enzyme subunit alpha, mitochondrial	865	8864874	8871510	
NC_064212.1_8869201	NC_064212.1	8869201		-4.244		LOC118273065	trifunctional enzyme subunit alpha, mitochondrial	1009	8864874	8871510	
NC_064212.1_8869206	NC_064212.1	8869206		-4.443		LOC118273065	trifunctional enzyme subunit alpha, mitochondrial	1014	8864874	8871510	
NC_064212.1_8869228	NC_064212.1	8869228		4.419		LOC118273065	trifunctional enzyme subunit alpha, mitochondrial	1036	8864874	8871510	
NC_064212.1_8869444	NC_064212.1	8869444		4.446		LOC118273065	trifunctional enzyme subunit alpha, mitochondrial	1252	8864874	8871510	
NC_064212.1_9008704	NC_064212.1	9008704		-4.239		LOC118273528	E3 ubiquitin-protein ligase mib1	23971	8968557	9096793	
NC_064212.1_9073418	NC_064212.1	9073418		4.156		LOC118273528	E3 ubiquitin-protein ligase mib1	40743	8968557	9096793	
NC_064212.1_9145398	NC_064212.1	9145398		4.261		LOC118273602	zinc finger protein with KRAB and SCAN domains 1	1176	9137022	9151422	
NC_064212.1_9147632	NC_064212.1	9147632		-4.356		LOC118273602	zinc finger protein with KRAB and SCAN domains 1	3410	9137022	9151422	
NC_064212.1_9147638	NC_064212.1	9147638		-4.112		LOC118273602	zinc finger protein with KRAB and SCAN domains 1	3416	9137022	9151422	
NC_064212.1_9168527	NC_064212.1	9168527		4.285		LOC118273602	zinc finger protein with KRAB and SCAN domains 1	24305	9137022	9151422	
NC_064212.1_9168528	NC_064212.1	9168528		4.534		LOC118273602	zinc finger protein with KRAB and SCAN domains 1	24306	9137022	9151422	
NC_064212.1_9180604	NC_064212.1	9180604		-4.796		LOC118273021	schwannomin-interacting protein 1 homolog	23505	9172414	9235804	
NC_064212.1_9265620	NC_064212.1	9265620		-4.095		LOC118273211	profilin	3850	9259512	9264028	
NC_064212.1_9274198	NC_064212.1	9274198		-4.4		LOC126910768	uncharacterized LOC126910768	3631	9269498	9271635	
NC_064212.1_9276811	NC_064212.1	9276811		-4.163		LOC126910768	uncharacterized LOC126910768	6244	9269498	9271635	
NC_064212.1_9751573	NC_064212.1	9751573		-4.259		LOC118273564	T-box transcription factor TBX20-like	5879	9722646	9792259	
NC_064212.1_9830151	NC_064212.1	9830151		-4.112		LOC118273452	hemocyte protein-glutamine gamma-glutamyltransferase	8345	9836292	9840700	解毒/代谢
NC_064212.1_10076488	NC_064212.1	10076488		4.116		LOC118273741	ATPase WRNIP1	574	10073978	10077849	
NC_064212.1_10147843	NC_064212.1	10147843		-4.0		LOC118273731	whirlin	8454	10117110	10195485	
NC_064212.1_10147895	NC_064212.1	10147895		-4.396		LOC118273731	whirlin	8402	10117110	10195485	
NC_064212.1_10208756	NC_064212.1	10208756		4.092		LOC118273757	uncharacterized LOC118273757	12925	10220377	10222986	
NC_064212.1_10214115	NC_064212.1	10214115		4.515		LOC118273757	uncharacterized LOC118273757	7566	10220377	10222986	
NC_064212.1_10262657	NC_064212.1	10262657		4.636		LOC118273736	uncharacterized LOC118273736	9200	10261401	10282314	
NC_064212.1_10422686	NC_064212.1	10422686		-4.466		Trnap-ugg	transfer RNA proline (anticodon UGG)	893	10421757	10421828	
NC_064212.1_10891698	NC_064212.1	10891698		4.18		LOC118273542	alpha-tocopherol transfer protein-like	7490	10877984	10920392	
NC_064212.1_10955234	NC_064212.1	10955234		-4.471		LOC118273143	clavesin-1	10073	10933891	10956430	
NC_064212.1_11122247	NC_064212.1	11122247		4.843		LOC118273480	dynein axonemal heavy chain 7	3038	11103466	11134952	
NC_064212.1_11311261	NC_064212.1	11311261		-4.002		LOC118273718	myosin-VIIa	9918	11278827	11323859	
NC_064212.1_11339198	NC_064212.1	11339198		4.469		LOC118273589	suppressor of hairless protein	2952	11331934	11340558	
NC_064212.1_11409670	NC_064212.1	11409670		-4.037		LOC118273497	cyclic nucleotide-gated cation channel beta-1-like	1243	11405110	11416716	离子/渗透
NC_064212.1_11453836	NC_064212.1	11453836		4.011		LOC118273619	glycerol-3-phosphate dehydrogenase, mitochondrial	2660	11445767	11467226	
NC_064212.1_11579158	NC_064212.1	11579158		4.198		LOC118273537	chymotrypsin-2	15979	11583755	11606520	
NC_064212.1_11652951	NC_064212.1	11652951		-4.054		LOC118273467	carbohydrate sulfotransferase 11	7305	11633314	11657978	解毒/代谢
NC_064212.1_11810044	NC_064212.1	11810044		4.243		LOC118273362	maltase 2-like	2472	11801402	11813742	
NC_064212.1_11823550	NC_064212.1	11823550		4.821		LOC118273364	maltase A1	2135	11821751	11829619	
NC_064212.1_12504079	NC_064212.1	12504079		-4.526		LOC118273551	protein spire	30965	12382151	12564076	
NC_064212.1_12604224	NC_064212.1	12604224		4.021		LOC118273164	serine/arginine-rich splicing factor 4	2763	12600394	12602527	
NC_064212.1_12633981	NC_064212.1	12633981		-5.211		LOC118273629	patronin-like	5707	12603041	12653506	
NC_064212.1_12815361	NC_064212.1	12815361		-4.07		LOC118273326	leucine-rich repeat neuronal protein 1-like	24911	12667526	12913373	
NC_064212.1_13018843	NC_064212.1	13018843		4.16		(基因间区)		-1			
NC_064212.1_13161138	NC_064212.1	13161138		4.12		Trnar-ucg	transfer RNA arginine (anticodon UCG)	13061	13174163	13174235	
NC_064212.1_13241120	NC_064212.1	13241120		4.259		LOC118273343	procathepsin L-like	17795	13257173	13260658	
NC_064212.1_13485409	NC_064212.1	13485409		4.92		LOC118273260	uncharacterized LOC118273260	1100	13479492	13489126	
NC_064212.1_13607500	NC_064212.1	13607500		4.059		LOC118273350	transmembrane protein KIAA1109 homolog	599	13588476	13627722	
NC_064212.1_13607501	NC_064212.1	13607501		4.122		LOC118273350	transmembrane protein KIAA1109 homolog	598	13588476	13627722	
NC_064212.1_13686253	NC_064212.1	13686253		-4.237		LOC118273212	voltage-dependent L-type calcium channel subunit beta-2	85814	13691136	13852999	离子/渗透
NC_064212.1_13694530	NC_064212.1	13694530		-4.009		LOC118273212	voltage-dependent L-type calcium channel subunit beta-2	77537	13691136	13852999	离子/渗透
NC_064212.1_13743256	NC_064212.1	13743256		-4.067		LOC118273212	voltage-dependent L-type calcium channel subunit beta-2	28811	13691136	13852999	离子/渗透
NC_064212.1_13839207	NC_064212.1	13839207		-4.099		LOC118273435	uncharacterized LOC118273435	43341	13853200	13911897	
NC_064212.1_13905767	NC_064212.1	13905767		4.047		Trnaq-cug	transfer RNA glutamine (anticodon CUG)	17247	13922979	13923050	
NC_064212.1_14032602	NC_064212.1	14032602		4.042		LOC118273717	cytoplasmic protein NCK1	2432	14023125	14037215	
NC_064212.1_14053917	NC_064212.1	14053917		-4.081		LOC126912209	uncharacterized LOC126912209	8359	14042667	14048448	
NC_064212.1_14066298	NC_064212.1	14066298		-4.237		LOC126912209	uncharacterized LOC126912209	20740	14042667	14048448	
NC_064212.1_14179224	NC_064212.1	14179224		4.19		Trnav-cac	transfer RNA valine (anticodon CAC)	105	14179293	14179365	
NC_064212.1_14211304	NC_064212.1	14211304		-4.344		LOC118273428	nephrin	110541	14213779	14429912	
NC_064212.1_14467749	NC_064212.1	14467749		-4.194		LOC118273352	glutathione hydrolase 7	3406	14462812	14479499	氧化应激
NC_064212.1_14467789	NC_064212.1	14467789		-4.398		LOC118273352	glutathione hydrolase 7	3366	14462812	14479499	氧化应激
NC_064213.1_51550	NC_064213.1	51550		4.304		LOC118269148	uncharacterized LOC118269148	1422	23669	76587	
NC_064213.1_85912	NC_064213.1	85912		4.034		LOC126911584	uncharacterized LOC126911584	3872	88658	90911	
NC_064213.1_98384	NC_064213.1	98384		4.135		LOC126911586	uncharacterized LOC126911586	2834	94421	96679	
NC_064213.1_142344	NC_064213.1	142344		-4.532		LOC118269312	putative inorganic phosphate cotransporter	9198	145770	157315	
NC_064213.1_166811	NC_064213.1	166811		-4.075		LOC118269312	putative inorganic phosphate cotransporter	15268	145770	157315	
NC_064213.1_167517	NC_064213.1	167517		-4.372		LOC118269312	putative inorganic phosphate cotransporter	15974	145770	157315	
NC_064213.1_201069	NC_064213.1	201069		4.308		LOC118269297	nose resistant to fluoxetine protein 6	18868	216544	223331	
NC_064213.1_222550	NC_064213.1	222550		-5.245		LOC118269297	nose resistant to fluoxetine protein 6	2612	216544	223331	
NC_064213.1_222552	NC_064213.1	222552		-5.304		LOC118269297	nose resistant to fluoxetine protein 6	2614	216544	223331	
NC_064213.1_231810	NC_064213.1	231810		4.469		LOC118269246	putative inorganic phosphate cotransporter	1955	226290	241240	
NC_064213.1_247232	NC_064213.1	247232		4.901		LOC118269245	putative inorganic phosphate cotransporter	1472	243076	254332	
NC_064213.1_310121	NC_064213.1	310121		4.395		LOC118268992	putative inorganic phosphate cotransporter	2627	308692	316804	
NC_064213.1_776044	NC_064213.1	776044		4.188		LOC118269306	lipase 1-like	1054	775951	778246	
NC_064213.1_807341	NC_064213.1	807341		-4.03		LOC118269231	unconventional myosin ID	14175	804276	838756	
NC_064213.1_868013	NC_064213.1	868013		-4.316		LOC118269000	uncharacterized LOC118269000	8172	868010	884360	
NC_064213.1_930456	NC_064213.1	930456		-4.002		LOC118269386	sodium-dependent serotonin transporter	6724	923411	950949	离子/渗透
NC_064213.1_1194164	NC_064213.1	1194164		4.311		LOC118268815	ankyrin repeat domain-containing protein 13D	8604	1196347	1209189	
NC_064213.1_1248923	NC_064213.1	1248923		4.005		LOC118269459	mRNA-decapping enzyme 1A	3942	1243534	1246428	
NC_064213.1_1263256	NC_064213.1	1263256		4.123		LOC118268890	beta-hexosaminidase subunit beta	1294	1261990	1267110	
NC_064213.1_1290067	NC_064213.1	1290067		-4.253		LOC118268893	AP-2 complex subunit mu	14807	1268154	1282365	
NC_064213.1_1381307	NC_064213.1	1381307		-5.0		LOC118269486	calmodulin-binding transcription activator 2	6669	1291410	1484542	
NC_064213.1_1381312	NC_064213.1	1381312		4.126		LOC118269486	calmodulin-binding transcription activator 2	6664	1291410	1484542	
NC_064213.1_2018812	NC_064213.1	2018812		4.206		(基因间区)		-1			
NC_064213.1_2292562	NC_064213.1	2292562		4.8		LOC118269477	protein kinase C, brain isozyme	33076	2153517	2365455	
NC_064213.1_2361314	NC_064213.1	2361314		-4.356		LOC118269478	tetratricopeptide repeat protein 36 homolog	6210	2365448	2369600	
NC_064213.1_2461915	NC_064213.1	2461915		-4.076		LOC126911582	uncharacterized LOC126911582	5411	2466818	2467834	
NC_064213.1_2622506	NC_064213.1	2622506		-4.114		LOC118268714	protein yippee-like	13085	2561837	2709346	
NC_064213.1_2702289	NC_064213.1	2702289		4.23		LOC118268739	COP9 signalosome complex subunit 7b	9214	2710028	2712979	
NC_064213.1_2740311	NC_064213.1	2740311		-4.0		LOC118268871	zinc finger protein 432	15053	2713431	2737085	
NC_064213.1_2740325	NC_064213.1	2740325		-4.054		LOC118268871	zinc finger protein 432	15067	2713431	2737085	
NC_064213.1_2815089	NC_064213.1	2815089		4.007		LOC118278366	uncharacterized LOC118278366	10002	2824529	2825653	
NC_064213.1_3130299	NC_064213.1	3130299		4.366		LOC118269176	4-hydroxyphenylpyruvate dioxygenase-like	17531	3108504	3117032	
NC_064213.1_3141114	NC_064213.1	3141114		4.64		LOC118269151	BMP and activin membrane-bound inhibitor homolog	16801	3119899	3195931	
NC_064213.1_3204850	NC_064213.1	3204850		-4.392		LOC118269151	BMP and activin membrane-bound inhibitor homolog	46935	3119899	3195931	
NC_064213.1_3417626	NC_064213.1	3417626		4.35		LOC118269175	tyrosine-protein phosphatase non-receptor type 4	2475	3402208	3428094	
NC_064213.1_3473185	NC_064213.1	3473185		-4.701		LOC118268866	POU domain, class 6, transcription factor 2	31352	3429770	3579305	
NC_064213.1_3488126	NC_064213.1	3488126		-4.413		LOC118268866	POU domain, class 6, transcription factor 2	16411	3429770	3579305	
NC_064213.1_4149537	NC_064213.1	4149537		4.155		LOC118269462	putative polypeptide N-acetylgalactosaminyltransferase 9	56179	4116438	4294995	解毒/代谢
NC_064213.1_4447995	NC_064213.1	4447995		4.036		LOC118269233	serine protease snake	372	4445197	4450048	
NC_064213.1_4531623	NC_064213.1	4531623		4.298		LOC118269237	uncharacterized LOC118269237	16338	4458614	4637308	
NC_064213.1_4576015	NC_064213.1	4576015		4.525		LOC118269237	uncharacterized LOC118269237	28054	4458614	4637308	
NC_064213.1_4763745	NC_064213.1	4763745		-4.093		(基因间区)		-1			
NC_064213.1_4763746	NC_064213.1	4763746		-4.044		(基因间区)		-1			
NC_064213.1_4871635	NC_064213.1	4871635		4.021		(基因间区)		-1			
NC_064213.1_5042397	NC_064213.1	5042397		4.521		LOC118268899	G-protein coupled receptor Mth2	26685	4965538	5065885	
NC_064213.1_5071772	NC_064213.1	5071772		4.258		LOC118269157	inositol polyphosphate 5-phosphatase K	7483	5069961	5088549	
NC_064213.1_5181752	NC_064213.1	5181752		4.452		LOC118268982	uncharacterized LOC118268982	1683	5169719	5190418	
NC_064213.1_5201379	NC_064213.1	5201379		-4.095		LOC118268860	proteasome activator complex subunit 3	1001	5199743	5205018	
NC_064213.1_5266276	NC_064213.1	5266276		-4.118		LOC126911492	uncharacterized LOC126911492	12687	5250248	5256930	
NC_064213.1_5275310	NC_064213.1	5275310		-4.24		LOC118269260	protein hairy	7241	5276869	5288234	
NC_064213.1_5286788	NC_064213.1	5286788		-4.155		LOC118269260	protein hairy	4236	5276869	5288234	
NC_064213.1_5340107	NC_064213.1	5340107		-4.435		LOC118269362	uncharacterized LOC118269362	2352	5339379	5345540	
NC_064213.1_5340501	NC_064213.1	5340501		-4.327		LOC118269362	uncharacterized LOC118269362	1958	5339379	5345540	
NC_064213.1_5636731	NC_064213.1	5636731		-4.11		LOC118268904	mediator of RNA polymerase II transcription subunit 1	1698	5628677	5641388	
NC_064213.1_5969490	NC_064213.1	5969490		-4.11		LOC118269252	uncharacterized LOC118269252	16386	5915857	5990350	
NC_064213.1_6183311	NC_064213.1	6183311		4.044		(基因间区)		-1			
NC_064213.1_6190718	NC_064213.1	6190718		-4.126		(基因间区)		-1			
NC_064213.1_6288164	NC_064213.1	6288164		-4.126		LOC118268844	N-terminal Xaa-Pro-Lys N-methyltransferase 1-like	9693	6297471	6298243	解毒/代谢
NC_064213.1_6579658	NC_064213.1	6579658		-4.721		LOC118268863	ovarian-specific serine/threonine-protein kinase Lok	4643	6582217	6586385	
NC_064213.1_6645229	NC_064213.1	6645229		-4.059		LOC118268848	acetyl-coenzyme A transporter 1	1771	6639348	6647567	
NC_064213.1_6704458	NC_064213.1	6704458		-4.391		LOC118269419	uncharacterized LOC118269419	1205	6702182	6704324	
NC_064213.1_6747307	NC_064213.1	6747307		-4.083		LOC118269164	protein alan shepard	28378	6717223	6834147	
NC_064213.1_6754340	NC_064213.1	6754340		-4.226		LOC118269164	protein alan shepard	21345	6717223	6834147	
NC_064213.1_6885640	NC_064213.1	6885640		-4.031		LOC118268817	tripartite motif-containing protein 2	274	6876973	6893759	
NC_064213.1_6981646	NC_064213.1	6981646		-4.71		LOC118269092	rho guanine nucleotide exchange factor 10-like protein	695	6959261	7002640	
NC_064213.1_6981649	NC_064213.1	6981649		-4.632		LOC118269092	rho guanine nucleotide exchange factor 10-like protein	698	6959261	7002640	
NC_064213.1_7119774	NC_064213.1	7119774		-4.036		(基因间区)		-1			
NC_064213.1_7317599	NC_064213.1	7317599		-4.783		LOC118269501	5S ribosomal RNA	9693	7307847	7307965	
NC_064213.1_7354225	NC_064213.1	7354225		4.092		LOC118269183	alanine--glyoxylate aminotransferase	6008	7353109	7367357	解毒/代谢
NC_064213.1_7396466	NC_064213.1	7396466		-4.015		LOC118269180	dorsal-ventral patterning protein Sog	6429	7367910	7437880	
NC_064213.1_7493305	NC_064213.1	7493305		-4.291		LOC118268967	calcium-binding protein E63-1	474	7478994	7506667	
NC_064213.1_7514127	NC_064213.1	7514127		4.223		LOC118268998	cytoplasmic phosphatidylinositol transfer protein 1	2438	7513852	7519278	
NC_064213.1_7542702	NC_064213.1	7542702		-4.637		LOC118269193	uncharacterized LOC118269193	18	7539415	7546026	
NC_064213.1_7720842	NC_064213.1	7720842		-4.15		LOC118268726	uncharacterized LOC118268726	10663	7725506	7737504	
NC_064213.1_7757806	NC_064213.1	7757806		-4.031		LOC126911642	uncharacterized LOC126911642	10406	7746947	7747852	
NC_064213.1_7822327	NC_064213.1	7822327		-4.104		LOC118269154	acyl-CoA Delta-9 desaturase	40026	7760300	7964407	
NC_064213.1_7942105	NC_064213.1	7942105		4.117		LOC118269136	kazrin	74755	7808542	7926157	
NC_064213.1_7957126	NC_064213.1	7957126		-4.703		LOC118269188	biogenesis of lysosome-related organelles complex 1 subunit 1	9512	7966035	7967242	
NC_064213.1_7957337	NC_064213.1	7957337		4.347		LOC118269188	biogenesis of lysosome-related organelles complex 1 subunit 1	9301	7966035	7967242	
NC_064213.1_8037173	NC_064213.1	8037173		4.001		LOC118268855	ATP-binding cassette sub-family B member 6	8131	8038680	8051928	
NC_064213.1_8039324	NC_064213.1	8039324		4.239		LOC118268855	ATP-binding cassette sub-family B member 6	5980	8038680	8051928	
NC_064213.1_8128415	NC_064213.1	8128415		4.585		LOC118268865	integrin alpha-PS1	19634	8110450	8185648	
NC_064213.1_8264913	NC_064213.1	8264913		-4.128		LOC118269230	dual oxidase maturation factor 1	20060	8260374	8309572	
NC_064213.1_8348522	NC_064213.1	8348522		4.057		LOC118268762	uncharacterized LOC118268762	2058	8341494	8351434	
NC_064213.1_8348525	NC_064213.1	8348525		4.329		LOC118268762	uncharacterized LOC118268762	2061	8341494	8351434	
NC_064213.1_8348578	NC_064213.1	8348578		4.181		LOC118268762	uncharacterized LOC118268762	2114	8341494	8351434	
NC_064213.1_8420812	NC_064213.1	8420812		-4.006		LOC118268791	superoxide dismutase [Cu-Zn]	835	8419591	8420362	氧化应激
NC_064213.1_8619181	NC_064213.1	8619181		-4.585		LOC118269321	matrix metalloproteinase-2	22456	8561199	8722076	
NC_064213.1_8664078	NC_064213.1	8664078		-4.143		Trnar-ccu	transfer RNA arginine (anticodon CCU)	1669	8662373	8662445	
NC_064213.1_8733760	NC_064213.1	8733760		-4.025		Trnak-cuu	transfer RNA lysine (anticodon CUU)	4179	8737903	8737975	
NC_064213.1_8830621	NC_064213.1	8830621		4.093		LOC118268857	sarcolemmal membrane-associated protein	25654	8846467	8866083	
NC_064213.1_8836284	NC_064213.1	8836284		-4.22		LOC118268857	sarcolemmal membrane-associated protein	19991	8846467	8866083	
NC_064213.1_8852151	NC_064213.1	8852151		4.284		LOC118268857	sarcolemmal membrane-associated protein	4124	8846467	8866083	
NC_064213.1_8938907	NC_064213.1	8938907		-4.865		LOC118269359	ATP-dependent translocase ABCB1-like	901	8932725	8943287	
NC_064213.1_8971514	NC_064213.1	8971514		-4.151		LOC118269177	G-protein coupled receptor Mth2	7313	8955242	9002413	
NC_064213.1_8982134	NC_064213.1	8982134		4.721		LOC118269177	G-protein coupled receptor Mth2	3306	8955242	9002413	
NC_064213.1_8994391	NC_064213.1	8994391		4.017		LOC118278794	bifunctional coenzyme A synthase	14682	9004336	9013810	
NC_064213.1_9000714	NC_064213.1	9000714		4.705		LOC118278794	bifunctional coenzyme A synthase	8359	9004336	9013810	
NC_064213.1_9045341	NC_064213.1	9045341		-4.302		LOC118269431	autophagy-related protein 101	2717	9018300	9077817	
NC_064213.1_9084231	NC_064213.1	9084231		4.324		LOC118269357	sec1 family domain-containing protein 2-like	748	9080615	9086350	
NC_064213.1_9228841	NC_064213.1	9228841		4.257		LOC118269369	uncharacterized LOC118269369	9364	9214624	9224329	
NC_064213.1_9629874	NC_064213.1	9629874		-4.683		LOC126911992	transcription elongation factor SPT6	2538	9619561	9635110	
NC_064213.1_9677729	NC_064213.1	9677729		-4.056		LOC118269122	UNC93-like protein	10991	9662869	9670606	
NC_064213.1_9955634	NC_064213.1	9955634		-4.006		LOC118269132	pre-mRNA-processing-splicing factor 8	7594	9954737	9971720	
NC_064213.1_9975717	NC_064213.1	9975717		4.38		LOC118269134	dynein regulatory complex subunit 2	2582	9973717	9982882	
NC_064213.1_10031932	NC_064213.1	10031932		-4.134		LOC118269347	probable G-protein coupled receptor Mth-like 2	5910	10022771	10029273	
NC_064213.1_10050188	NC_064213.1	10050188		4.49		LOC118268962	G-protein coupled receptor Mth2	5934	10032371	10056136	
NC_064213.1_10343174	NC_064213.1	10343174		4.037		LOC118269295	ankyrin repeat and zinc finger domain-containing protein 1	16725	10354579	10365219	
NC_064213.1_10376417	NC_064213.1	10376417		-4.217		LOC118269098	uncharacterized LOC118269098	4748	10366688	10395642	
NC_064213.1_10392807	NC_064213.1	10392807		-4.691		LOC118269098	uncharacterized LOC118269098	11642	10366688	10395642	
NC_064213.1_10392808	NC_064213.1	10392808		-4.534		LOC118269098	uncharacterized LOC118269098	11643	10366688	10395642	
NC_064213.1_10392809	NC_064213.1	10392809		-4.627		LOC118269098	uncharacterized LOC118269098	11644	10366688	10395642	
NC_064213.1_10392813	NC_064213.1	10392813		-4.666		LOC118269098	uncharacterized LOC118269098	11648	10366688	10395642	
NC_064213.1_10444557	NC_064213.1	10444557		-4.128		LOC118269418	glutathione S-transferase theta-1	1330	10441640	10444814	氧化应激;解毒/代谢
NC_064213.1_10577829	NC_064213.1	10577829		4.381		LOC118268743	calcitonin gene-related peptide type 1 receptor	18413	10547242	10571590	
NC_064213.1_10664798	NC_064213.1	10664798		-5.579		LOC118268894	protein deltex	2633	10657972	10666358	
NC_064213.1_10771882	NC_064213.1	10771882		-4.223		LOC118269195	E3 ubiquitin-protein ligase MARCHF2	644	10769657	10772819	
NC_064213.1_10777291	NC_064213.1	10777291		-4.536		LOC118269198	ubiquitin carboxyl-terminal hydrolase 30 homolog	649	10774421	10781459	
NC_064213.1_11042600	NC_064213.1	11042600		-4.057		LOC118269052	protein real-time	12865	10994759	11064710	
NC_064213.1_11113751	NC_064213.1	11113751		4.159		LOC126911485	uncharacterized LOC126911485	1421	11111075	11113584	
NC_064213.1_11370111	NC_064213.1	11370111		4.094		LOC118269048	uncharacterized LOC118269048	23582	11379536	11407851	
NC_064213.1_11414885	NC_064213.1	11414885		-4.163		LOC118269051	ATP-dependent RNA helicase DDX42	2695	11412184	11422977	
NC_064213.1_11467668	NC_064213.1	11467668		4.003		LOC118269054	amyloid protein-binding protein 2	2209	11438573	11492344	
NC_064213.1_11501532	NC_064213.1	11501532		-4.061		LOC118269061	annexin B10	1685	11494118	11505575	
NC_064213.1_11539894	NC_064213.1	11539894		4.41		LOC118269050	protein HID1	353	11530453	11550041	
NC_064213.1_11960569	NC_064213.1	11960569		4.823		LOC118269350	uncharacterized LOC118269350	1797	11953012	11964531	
NC_064213.1_12035279	NC_064213.1	12035279		-4.349		LOC118269339	cyclin-dependent kinase 12	87	12025063	12045670	
NC_064213.1_12035373	NC_064213.1	12035373		-4.272		LOC118269339	cyclin-dependent kinase 12	6	12025063	12045670	
NC_064213.1_12035377	NC_064213.1	12035377		-4.454		LOC118269339	cyclin-dependent kinase 12	10	12025063	12045670	
NC_064213.1_12075869	NC_064213.1	12075869		4.428		LOC118269207	GATOR complex protein NPRL2	19863	12066148	12125317	
NC_064213.1_12106421	NC_064213.1	12106421		4.004		LOC126912183	uncharacterized LOC126912183	9947	12089357	12103591	
NC_064213.1_12138139	NC_064213.1	12138139		-4.894		LOC118268828	phosphopantothenoylcysteine decarboxylase	11300	12125549	12128128	
NC_064213.1_12262032	NC_064213.1	12262032		4.18		LOC118269232	SWI/SNF-related matrix-associated actin-dependent regulator of chromatin subfamily A containing DEAD/H box 1 homolog	9202	12245556	12260103	
NC_064213.1_12268696	NC_064213.1	12268696		4.364		LOC118269107	palmitoyltransferase ZDHHC8	5422	12261441	12286795	解毒/代谢
NC_064213.1_12389147	NC_064213.1	12389147		4.199		LOC118269309	uncharacterized LOC118269309	8207	12357596	12437112	
NC_064213.1_12483779	NC_064213.1	12483779		-4.8		LOC118269437	alkaline phosphatase, tissue-nonspecific isozyme-like	10090	12451674	12495704	
NC_064213.1_12542870	NC_064213.1	12542870		-4.234		LOC118269223	uncharacterized LOC118269223	11858	12501649	12560374	
NC_064213.1_12550630	NC_064213.1	12550630		-4.114		LOC118269239	uncharacterized LOC118269239	13743	12561925	12566822	
NC_064213.1_12618006	NC_064213.1	12618006		4.033		LOC118269377	uncharacterized LOC118269377	11457	12605102	12607996	
NC_064213.1_12642036	NC_064213.1	12642036		-4.077		LOC118269257	membrane-bound alkaline phosphatase	7073	12631046	12667172	
NC_064213.1_12983276	NC_064213.1	12983276		-4.148		LOC118268966	uncharacterized LOC118268966	481	12982120	12985394	
NC_064214.1_433705	NC_064214.1	433705		4.016		LOC118274255	uncharacterized LOC118274255	27460	442640	479690	
NC_064214.1_548147	NC_064214.1	548147		4.359		(基因间区)		-1			
NC_064214.1_706051	NC_064214.1	706051		-4.007		LOC118274017	gonadotropin-releasing hormone receptor	33164	614578	731195	
NC_064214.1_941454	NC_064214.1	941454		4.152		LOC118282010	small conductance calcium-activated potassium channel protein	19325	791179	1130380	离子/渗透
NC_064214.1_1169360	NC_064214.1	1169360		4.8		LOC118273901	uncharacterized LOC118273901	73086	1132242	1352650	
NC_064214.1_1247718	NC_064214.1	1247718		-4.21		LOC118273901	uncharacterized LOC118273901	5272	1132242	1352650	
NC_064214.1_1444741	NC_064214.1	1444741		-4.3		LOC118274238	GRAM domain-containing protein 2A	15284	1423454	1496596	
NC_064214.1_1506156	NC_064214.1	1506156		4.476		LOC118273891	protein giant-lens	25370	1524673	1538379	
NC_064214.1_1555730	NC_064214.1	1555730		-4.052		LOC118273875	elongation factor-like GTPase 1	7000	1500750	1624711	
NC_064214.1_1632759	NC_064214.1	1632759		4.632		LOC118273873	uncharacterized LOC118273873	2700	1632506	1638412	
NC_064214.1_1678888	NC_064214.1	1678888		-4.22		LOC118273880	geranylgeranyl transferase type-1 subunit beta	19581	1651714	1666899	解毒/代谢
NC_064214.1_1715882	NC_064214.1	1715882		4.786		(基因间区)		-1			
NC_064214.1_2648779	NC_064214.1	2648779		4.081		(基因间区)		-1			
NC_064214.1_2745555	NC_064214.1	2745555		4.264		(基因间区)		-1			
NC_064214.1_2881584	NC_064214.1	2881584		-4.401		LOC118274211	G-patch domain and KOW motifs-containing protein	7738	2886463	2892182	
NC_064214.1_2917558	NC_064214.1	2917558		4.011		(基因间区)		-1			
NC_064214.1_3184310	NC_064214.1	3184310		-4.059		LOC118274394	odorant receptor 49a	1724	3173398	3191774	
NC_064214.1_3709931	NC_064214.1	3709931		-4.647		LOC118273958	protein ENL	727	3700290	3718118	
NC_064214.1_3767833	NC_064214.1	3767833		4.18		LOC118274056	forkhead box protein C1	6109	3773203	3774682	
NC_064214.1_3780393	NC_064214.1	3780393		4.187		LOC118274056	forkhead box protein C1	6450	3773203	3774682	
NC_064214.1_4497999	NC_064214.1	4497999		-4.162		LOC118274402	keratin-associated protein 19-2	5152	4500663	4505640	
NC_064214.1_4827516	NC_064214.1	4827516		4.406		LOC118274004	acetylcholine receptor subunit alpha-like 1	84415	4792532	5031331	
NC_064214.1_5107682	NC_064214.1	5107682		4.039		LOC118274111	acetylcholine receptor subunit alpha-like 2	6109	5088152	5114993	
NC_064214.1_5223653	NC_064214.1	5223653		-4.356		LOC118273970	importin-11	4457	5220448	5235772	
NC_064214.1_5366925	NC_064214.1	5366925		4.171		LOC118274418	U5 spliceosomal RNA	507	5366358	5366477	
NC_064214.1_5424537	NC_064214.1	5424537		-4.252		LOC118274307	neuroendocrine convertase 1	7342	5406423	5427967	
NC_064214.1_5440047	NC_064214.1	5440047		-4.068		LOC118274274	collagen and calcium-binding EGF domain-containing protein 1	3411	5431300	5441971	
NC_064214.1_5512704	NC_064214.1	5512704		4.124		LOC126912799	uncharacterized LOC126912799	16111	5528191	5529440	
NC_064214.1_5655925	NC_064214.1	5655925		-4.668		LOC118274161	recQ-like DNA helicase Blm	4838	5653856	5667670	
NC_064214.1_5946486	NC_064214.1	5946486		4.375		LOC118273925	uncharacterized LOC118273925	232	5847715	6045722	
NC_064214.1_6360148	NC_064214.1	6360148		4.108		Trnai-uau	transfer RNA isoleucine (anticodon UAU)	7225	6367327	6367420	
NC_064214.1_6362841	NC_064214.1	6362841		-4.302		Trnai-uau	transfer RNA isoleucine (anticodon UAU)	4532	6367327	6367420	
NC_064214.1_6581825	NC_064214.1	6581825		-4.022		LOC118273999	protein sidekick-1	17748	6494997	6633157	
NC_064214.1_6678576	NC_064214.1	6678576		-4.223		LOC118274175	cytochrome P450 6B6-like	17610	6694927	6697445	氧化应激
NC_064214.1_6682995	NC_064214.1	6682995		-4.132		LOC118274175	cytochrome P450 6B6-like	13191	6694927	6697445	氧化应激
NC_064214.1_6685140	NC_064214.1	6685140		-4.117		LOC118274175	cytochrome P450 6B6-like	11046	6694927	6697445	氧化应激
NC_064214.1_6688634	NC_064214.1	6688634		-4.635		LOC118274175	cytochrome P450 6B6-like	7552	6694927	6697445	氧化应激
NC_064214.1_6688637	NC_064214.1	6688637		-4.508		LOC118274175	cytochrome P450 6B6-like	7549	6694927	6697445	氧化应激
NC_064214.1_6716806	NC_064214.1	6716806		-4.086		LOC118274249	hemicentin-2	826	6710127	6725137	
NC_064214.1_6723355	NC_064214.1	6723355		-4.417		LOC118274249	hemicentin-2	5723	6710127	6725137	
NC_064214.1_6948912	NC_064214.1	6948912		4.626		(基因间区)		-1			
NC_064214.1_6999282	NC_064214.1	6999282		-4.483		(基因间区)		-1			
NC_064214.1_7167480	NC_064214.1	7167480		-4.802		LOC118274145	ATP-dependent Clp protease ATP-binding subunit clpX-like, mitochondrial	47888	7066314	7364422	
NC_064214.1_7188033	NC_064214.1	7188033		4.104		LOC118274145	ATP-dependent Clp protease ATP-binding subunit clpX-like, mitochondrial	27335	7066314	7364422	
NC_064214.1_7329824	NC_064214.1	7329824		-4.121		LOC118274147	kynureninase	3008	7326030	7327601	
NC_064214.1_7351110	NC_064214.1	7351110		4.091		LOC126912822	uncharacterized LOC126912822	9890	7332266	7389735	
NC_064214.1_7559134	NC_064214.1	7559134		4.218		LOC118274312	microtubule-associated protein futsch	12258	7447759	7645992	
NC_064214.1_7673958	NC_064214.1	7673958		4.44		(基因间区)		-1			
NC_064214.1_7724640	NC_064214.1	7724640		-4.203		LOC118274018	DDB1- and CUL4-associated factor 12 homolog	267	7719231	7729514	
NC_064214.1_7771750	NC_064214.1	7771750		-4.103		LOC118273966	nucleolar protein 6	356	7767763	7776449	
NC_064214.1_8088294	NC_064214.1	8088294		-4.101		LOC118273818	adipokinetic hormone/corazonin-related peptide receptor variant I	30021	8007072	8109473	
NC_064214.1_8109566	NC_064214.1	8109566		-4.213		LOC118266235	uncharacterized LOC118266235	4422	8112882	8115095	
NC_064214.1_8164411	NC_064214.1	8164411		4.815		LOC118273960	cytochrome P450 4C1	6696	8137528	8177902	氧化应激
NC_064214.1_8273459	NC_064214.1	8273459		-4.109		LOC118273903	conserved oligomeric Golgi complex subunit 5	2166	8270019	8272566	
NC_064214.1_8330817	NC_064214.1	8330817		-4.228		LOC118274301	m7GpppN-mRNA hydrolase	1545	8327922	8330621	
NC_064214.1_8341818	NC_064214.1	8341818		4.051		LOC118274304	zinc finger protein 878	2522	8340009	8348671	
NC_064214.1_8367775	NC_064214.1	8367775		4.112		LOC118274305	D-amino-acid oxidase	5200	8357262	8367888	
NC_064214.1_8400580	NC_064214.1	8400580		-5.468		LOC118273956	uncharacterized LOC118273956	4043	8389765	8403308	
NC_064214.1_8417170	NC_064214.1	8417170		-4.363		LOC118273953	A-kinase anchor protein 17A	6356	8405960	8415667	
NC_064214.1_8417173	NC_064214.1	8417173		-5.119		LOC118273953	A-kinase anchor protein 17A	6359	8405960	8415667	
NC_064214.1_8430374	NC_064214.1	8430374		-4.058		LOC118273955	trypsin II-P29	6128	8419226	8429265	
NC_064214.1_8636786	NC_064214.1	8636786		-4.135		LOC118274152	hemicentin-2	93901	8655404	8805971	
NC_064214.1_8814104	NC_064214.1	8814104		-4.481		LOC118274152	hemicentin-2	83416	8655404	8805971	
NC_064214.1_8927875	NC_064214.1	8927875		4.517		(基因间区)		-1			
NC_064214.1_8957397	NC_064214.1	8957397		-5.066		LOC118270499	probable RNA-directed DNA polymerase from transposon BS	5342	8951143	8952967	
NC_064214.1_9104415	NC_064214.1	9104415		-4.148		LOC118273944	spermine oxidase	8633	9108826	9117270	
NC_064214.1_9252023	NC_064214.1	9252023		-5.026		LOC118274178	organic cation transporter protein	8050	9245594	9274553	
NC_064214.1_9409011	NC_064214.1	9409011		4.51		LOC118274322	neurotrimin	46113	9294045	9431750	
NC_064214.1_9504326	NC_064214.1	9504326		-4.345		LOC118274055	limbic system-associated membrane protein-like	53002	9524242	9590414	
NC_064214.1_9969421	NC_064214.1	9969421		-4.065		Trnaa-cgc	transfer RNA alanine (anticodon CGC)	1327	9968058	9968129	
NC_064214.1_9997636	NC_064214.1	9997636		4.243		LOC118274243	apical junction molecule-like	6333	9989022	9993584	
NC_064214.1_10293403	NC_064214.1	10293403		-4.103		LOC118274180	fructose-1,6-bisphosphatase 1	1249	10290550	10298754	
NC_064214.1_10553458	NC_064214.1	10553458		-4.06		(基因间区)		-1			
NC_064214.1_10655207	NC_064214.1	10655207		-4.286		(基因间区)		-1			
NC_064214.1_10828888	NC_064214.1	10828888		4.576		LOC118274141	zinc finger protein basonuclin-2	3081	10820127	10843812	
NC_064214.1_10849830	NC_064214.1	10849830		4.226		LOC118274141	zinc finger protein basonuclin-2	17860	10820127	10843812	
NC_064214.1_11058952	NC_064214.1	11058952		4.004		LOC118274328	adipokinetic hormone/corazonin-related peptide receptor variant I	12943	10998569	11145222	
NC_064214.1_11159936	NC_064214.1	11159936		4.322		LOC118274186	actin-binding Rho-activating protein	20821	11152769	11208746	
NC_064214.1_11277891	NC_064214.1	11277891		4.155		LOC118273822	protein unc-13 homolog B	114643	11192013	11593056	
NC_064214.1_11388281	NC_064214.1	11388281		4.414		LOC118273822	protein unc-13 homolog B	4253	11192013	11593056	
NC_064214.1_11559786	NC_064214.1	11559786		-4.188		LOC118273823	uncharacterized LOC118273823	64000	11444263	11547308	
NC_064214.1_11726785	NC_064214.1	11726785		-4.667		LOC118274276	dmX-like protein 2	7224	11693857	11745265	
NC_064214.1_11733775	NC_064214.1	11733775		-4.125		LOC118274276	dmX-like protein 2	14214	11693857	11745265	
NC_064214.1_11839083	NC_064214.1	11839083		4.068		LOC118273910	sodium channel protein para	14887	11771829	11876562	离子/渗透
NC_064214.1_11839085	NC_064214.1	11839085		4.099		LOC118273910	sodium channel protein para	14889	11771829	11876562	离子/渗透
NC_064214.1_11917906	NC_064214.1	11917906		-4.009		LOC118273941	transducin-like enhancer protein 4	15756	11905932	11961393	
NC_064214.1_12285089	NC_064214.1	12285089		4.581		(基因间区)		-1			
NC_064214.1_12327178	NC_064214.1	12327178		-4.302		LOC118274066	hemicentin-2	12997	12309506	12370845	
NC_064214.1_12486599	NC_064214.1	12486599		-4.435		(基因间区)		-1			
NC_064214.1_12540988	NC_064214.1	12540988		-4.256		(基因间区)		-1			
NC_064215.1_26512	NC_064215.1	26512		4.391		LOC118272848	uncharacterized LOC118272848	12141	12040	16701	
NC_064215.1_325960	NC_064215.1	325960		4.574		LOC118272641	GTP-binding protein REM 1	66184	317507	466782	
NC_064215.1_388427	NC_064215.1	388427		4.116		LOC118272641	GTP-binding protein REM 1	3717	317507	466782	
NC_064215.1_388435	NC_064215.1	388435		-4.073		LOC118272641	GTP-binding protein REM 1	3709	317507	466782	
NC_064215.1_389105	NC_064215.1	389105		-4.194		LOC118272641	GTP-binding protein REM 1	3039	317507	466782	
NC_064215.1_392211	NC_064215.1	392211		4.071		LOC118272641	GTP-binding protein REM 1	66	317507	466782	
NC_064215.1_421372	NC_064215.1	421372		4.025		LOC118272641	GTP-binding protein REM 1	29227	317507	466782	
NC_064215.1_433667	NC_064215.1	433667		-4.061		LOC118272641	GTP-binding protein REM 1	41522	317507	466782	
NC_064215.1_433670	NC_064215.1	433670		-4.02		LOC118272641	GTP-binding protein REM 1	41525	317507	466782	
NC_064215.1_434641	NC_064215.1	434641		-4.465		LOC118272641	GTP-binding protein REM 1	42496	317507	466782	
NC_064215.1_434670	NC_064215.1	434670		-4.635		LOC118272641	GTP-binding protein REM 1	42525	317507	466782	
NC_064215.1_434677	NC_064215.1	434677		5.115		LOC118272641	GTP-binding protein REM 1	42532	317507	466782	
NC_064215.1_434692	NC_064215.1	434692		4.409		LOC118272641	GTP-binding protein REM 1	42547	317507	466782	
NC_064215.1_442002	NC_064215.1	442002		-4.005		LOC118272641	GTP-binding protein REM 1	49857	317507	466782	
NC_064215.1_442003	NC_064215.1	442003		-4.477		LOC118272641	GTP-binding protein REM 1	49858	317507	466782	
NC_064215.1_451979	NC_064215.1	451979		-5.162		LOC118272641	GTP-binding protein REM 1	59834	317507	466782	
NC_064215.1_451980	NC_064215.1	451980		-4.82		LOC118272641	GTP-binding protein REM 1	59835	317507	466782	
NC_064215.1_451990	NC_064215.1	451990		4.851		LOC118272641	GTP-binding protein REM 1	59845	317507	466782	
NC_064215.1_460962	NC_064215.1	460962		4.056		LOC118272828	uncharacterized LOC118272828	36102	474651	519478	
NC_064215.1_515839	NC_064215.1	515839		-4.243		LOC118272580	39S ribosomal protein L52, mitochondrial	6804	522062	523225	
NC_064215.1_530208	NC_064215.1	530208		-4.535		LOC118272580	39S ribosomal protein L52, mitochondrial	7564	522062	523225	
NC_064215.1_536567	NC_064215.1	536567		4.678		LOC118272579	protein lifeguard 1	2147	523856	553572	
NC_064215.1_548210	NC_064215.1	548210		-4.071		LOC118272579	protein lifeguard 1	9496	523856	553572	
NC_064215.1_556113	NC_064215.1	556113		4.793		LOC118272582	uncharacterized LOC118272582	3689	555808	563797	
NC_064215.1_556192	NC_064215.1	556192		-4.14		LOC118272582	uncharacterized LOC118272582	3610	555808	563797	
NC_064215.1_559227	NC_064215.1	559227		-4.926		LOC118272582	uncharacterized LOC118272582	575	555808	563797	
NC_064215.1_559247	NC_064215.1	559247		4.857		LOC118272582	uncharacterized LOC118272582	555	555808	563797	
NC_064215.1_559250	NC_064215.1	559250		-4.324		LOC118272582	uncharacterized LOC118272582	552	555808	563797	
NC_064215.1_619835	NC_064215.1	619835		-4.354		LOC118272569	uncharacterized LOC118272569	312	615151	625144	
NC_064215.1_648407	NC_064215.1	648407		-4.073		LOC118266376	uncharacterized LOC118266376	4204	643385	645021	
NC_064215.1_712622	NC_064215.1	712622		-4.231		LOC118272530	uncharacterized LOC118272530	2482	707397	712883	
NC_064215.1_1324568	NC_064215.1	1324568		-4.35		LOC118272446	insulin-related peptide 2	5071	1319167	1319827	
NC_064215.1_1332972	NC_064215.1	1332972		-4.986		LOC118272446	insulin-related peptide 2	13475	1319167	1319827	
NC_064215.1_1341206	NC_064215.1	1341206		-4.294		LOC118272444	netrin-B-like	49875	1225783	1356879	
NC_064215.1_1390449	NC_064215.1	1390449		-4.465		LOC118272608	disks large-associated protein 5	191	1388165	1393115	
NC_064215.1_1484903	NC_064215.1	1484903		-5.0		LOC118272859	serine/threonine-protein kinase SMG1	3603	1432682	1529918	
NC_064215.1_1533241	NC_064215.1	1533241		-4.473		LOC118272437	TATA element modulatory factor	2212	1530819	1540087	
NC_064215.1_1534007	NC_064215.1	1534007		-4.28		LOC118272437	TATA element modulatory factor	1446	1530819	1540087	
NC_064215.1_1536073	NC_064215.1	1536073		-4.133		LOC118272437	TATA element modulatory factor	620	1530819	1540087	
NC_064215.1_1586984	NC_064215.1	1586984		4.332		LOC126910663	uncharacterized LOC126910663	13982	1597547	1604386	
NC_064215.1_1639227	NC_064215.1	1639227		-4.047		LOC118272552	bladder cancer-associated protein	6673	1645517	1646284	
NC_064215.1_1677618	NC_064215.1	1677618		-4.125		LOC118272860	protein virilizer	14005	1659403	1667823	
NC_064215.1_1717492	NC_064215.1	1717492		-4.346		LOC118272398	low-density lipoprotein receptor-related protein 2	43721	1671553	1850873	
NC_064215.1_1927200	NC_064215.1	1927200		-4.058		LOC118272421	uncharacterized LOC118272421	7024	1932291	1936157	
NC_064215.1_2275932	NC_064215.1	2275932		4.055		(基因间区)		-1			
NC_064215.1_2351870	NC_064215.1	2351870		-5.551		(基因间区)		-1			
NC_064215.1_2574558	NC_064215.1	2574558		-4.758		(基因间区)		-1			
NC_064215.1_2723014	NC_064215.1	2723014		-4.076		LOC118272722	folliculin	1767	2722977	2726585	
NC_064215.1_2798357	NC_064215.1	2798357		-4.014		LOC118272730	armadillo repeat-containing protein 8	2292	2792632	2808667	
NC_064215.1_2834952	NC_064215.1	2834952		-4.913		LOC118281511	uncharacterized LOC118281511	15900	2817796	2820308	
NC_064215.1_2921793	NC_064215.1	2921793		-4.037		LOC126910669	uncharacterized LOC126910669	6883	2913285	2916535	
NC_064215.1_2974888	NC_064215.1	2974888		-4.374		LOC118272403	cyclin-dependent kinase 14	28332	2965900	3040540	
NC_064215.1_3040740	NC_064215.1	3040740		-4.608		LOC118272754	islet cell autoantigen 1	2199	3040772	3045106	
NC_064215.1_3186947	NC_064215.1	3186947		4.265		LOC118272396	uncharacterized LOC118272396	9056	3119112	3272894	
NC_064215.1_3195681	NC_064215.1	3195681		-4.745		LOC118272396	uncharacterized LOC118272396	322	3119112	3272894	
NC_064215.1_3260652	NC_064215.1	3260652		4.379		LOC118272396	uncharacterized LOC118272396	64649	3119112	3272894	
NC_064215.1_3814549	NC_064215.1	3814549		-5.577		LOC118272622	three prime repair exonuclease 2-like	4995	3808676	3810432	
NC_064215.1_3893291	NC_064215.1	3893291		4.466		LOC118272650	protein disulfide-isomerase	1458	3886114	3897552	
NC_064215.1_3961142	NC_064215.1	3961142		-4.747		LOC118272334	rab11 family-interacting protein 4A	6075	3923513	4010922	
NC_064215.1_4085139	NC_064215.1	4085139		4.115		LOC118272922	uncharacterized LOC118272922	9171	4093826	4094795	
NC_064215.1_4262119	NC_064215.1	4262119		-4.901		LOC118272494	uncharacterized LOC118272494	10026	4260675	4283615	
NC_064215.1_4317274	NC_064215.1	4317274		-4.122		LOC118272311	transmembrane protein 184B	5670	4306298	4339591	
NC_064215.1_4336891	NC_064215.1	4336891		-4.131		LOC118272311	transmembrane protein 184B	13946	4306298	4339591	
NC_064215.1_4356015	NC_064215.1	4356015		4.314		LOC118272639	dual specificity protein phosphatase 22	17229	4341714	4404775	
NC_064215.1_4423044	NC_064215.1	4423044		4.057		LOC118272782	anamorsin homolog	8633	4411610	4417212	
NC_064215.1_4527790	NC_064215.1	4527790		-4.035		LOC118272521	uncharacterized LOC118272521	2486	4523639	4526968	
NC_064215.1_4828131	NC_064215.1	4828131		4.154		LOC118272483	protein cornichon homolog 4	7622	4820233	4820784	
NC_064215.1_4896251	NC_064215.1	4896251		4.622		LOC118272870	zinc finger CCCH domain-containing protein 18	3814	4894805	4905325	
NC_064215.1_4921976	NC_064215.1	4921976		-4.685		LOC118272486	ribonucleases P/MRP protein subunit POP1	15201	4905316	4908233	
NC_064215.1_4958400	NC_064215.1	4958400		4.02		(基因间区)		-1			
NC_064215.1_5022877	NC_064215.1	5022877		-4.392		LOC118272408	uncharacterized LOC118272408	11415	5012363	5056222	
NC_064215.1_5037369	NC_064215.1	5037369		4.019		LOC118272408	uncharacterized LOC118272408	3076	5012363	5056222	
NC_064215.1_5095917	NC_064215.1	5095917		-4.26		LOC118272936	N-alpha-acetyltransferase 60	6068	5085620	5094078	解毒/代谢
NC_064215.1_5202071	NC_064215.1	5202071		-4.063		LOC118281740	nuclear pore complex protein Nup160 homolog	2577	5197926	5211370	
NC_064215.1_5202959	NC_064215.1	5202959		-4.052		LOC118281740	nuclear pore complex protein Nup160 homolog	1689	5197926	5211370	
NC_064215.1_5707160	NC_064215.1	5707160		4.702		LOC118272637	uncharacterized LOC118272637	17995	5724690	5725621	
NC_064215.1_5738427	NC_064215.1	5738427		4.394		LOC118272637	uncharacterized LOC118272637	13271	5724690	5725621	
NC_064215.1_5888622	NC_064215.1	5888622		-4.426		LOC118272413	uncharacterized LOC118272413	332	5888617	5889292	
NC_064215.1_6047454	NC_064215.1	6047454		4.077		LOC118273869	cuticle protein 63-like	1028	6046008	6046843	
NC_064215.1_6179100	NC_064215.1	6179100		-4.732		LOC118272703	uncharacterized LOC118272703	5924	6172518	6173834	
NC_064215.1_6289709	NC_064215.1	6289709		-4.286		LOC118273850	activating transcription factor of chaperone	3427	6279402	6306871	HSP/热激蛋白
NC_064215.1_6353407	NC_064215.1	6353407		-4.257		LOC118272352	regulating synaptic membrane exocytosis protein 2	14193	6318626	6416575	
NC_064215.1_6431931	NC_064215.1	6431931		-4.046		LOC118273831	60S ribosomal protein L14	2344	6433800	6434750	
NC_064215.1_6473948	NC_064215.1	6473948		4.163		LOC118272882	F-actin-uncapping protein LRRC16A	2568	6458806	6483954	
NC_064215.1_6481243	NC_064215.1	6481243		-4.185		LOC118273826	histone deacetylase HDAC1	6389	6484755	6490509	
NC_064215.1_6655609	NC_064215.1	6655609		4.043		LOC118272450	uncharacterized LOC118272450	3093	6657541	6659863	
NC_064215.1_6919447	NC_064215.1	6919447		-4.289		LOC126913089	uncharacterized LOC126913089	2918	6915818	6917240	
NC_064215.1_6944506	NC_064215.1	6944506		4.143		LOC118272746	sodium-coupled monocarboxylate transporter 2	4423	6935723	6944443	离子/渗透
NC_064215.1_7308178	NC_064215.1	7308178		4.111		(基因间区)		-1			
NC_064215.1_7422683	NC_064215.1	7422683		4.466		LOC118272768	uncharacterized LOC118272768	2868	7418741	7420888	
NC_064215.1_7450327	NC_064215.1	7450327		-4.234		LOC118272436	splicing factor 3B subunit 3	13638	7432747	7440630	
NC_064215.1_7462822	NC_064215.1	7462822		-4.151		Trnar-acg	transfer RNA arginine (anticodon ACG)	4373	7467159	7467231	
NC_064215.1_7642119	NC_064215.1	7642119		4.107		LOC118272376	juvenile hormone esterase	4508	7636043	7639178	滞育/光周期;解毒/代谢
NC_064215.1_7762029	NC_064215.1	7762029		-4.085		LOC118272465	ATP-binding cassette sub-family G member 1	9882	7729265	7814557	
NC_064215.1_7811466	NC_064215.1	7811466		-4.508		LOC118272686	serine/threonine-protein kinase RIO1	5887	7815223	7819484	
NC_064215.1_8056122	NC_064215.1	8056122		4.109		Trnad-guc	transfer RNA aspartic acid (anticodon GUC)	14779	8070866	8070937	
NC_064215.1_8236401	NC_064215.1	8236401		-4.077		LOC118272771	collagen alpha-1(XVIII) chain	38731	8232610	8317654	
NC_064215.1_8236405	NC_064215.1	8236405		-4.512		LOC118272771	collagen alpha-1(XVIII) chain	38727	8232610	8317654	
NC_064215.1_8406763	NC_064215.1	8406763		4.363		(基因间区)		-1			
NC_064215.1_8429562	NC_064215.1	8429562		4.279		(基因间区)		-1			
NC_064215.1_8483621	NC_064215.1	8483621		-4.02		LOC118272604	collagen alpha-1(XVIII) chain	19254	8456871	8548880	
NC_064215.1_8514203	NC_064215.1	8514203		-4.842		LOC118272604	collagen alpha-1(XVIII) chain	11327	8456871	8548880	
NC_064215.1_8733094	NC_064215.1	8733094		4.299		LOC118272345	uncharacterized LOC118272345	59473	8594785	8752457	
NC_064215.1_8810402	NC_064215.1	8810402		4.022		LOC118272419	adenosine 3'-phospho 5'-phosphosulfate transporter 2	322	8737077	8883082	
NC_064215.1_8810408	NC_064215.1	8810408		4.057		LOC118272419	adenosine 3'-phospho 5'-phosphosulfate transporter 2	328	8737077	8883082	
NC_064215.1_8847680	NC_064215.1	8847680		-4.346		LOC118272417	tyrosine-protein kinase Src64B	5550	8811281	8872978	
NC_064215.1_9326424	NC_064215.1	9326424		-4.34		LOC118272772	tyrosine-protein phosphatase Lar	132695	9255123	9663116	
NC_064215.1_9803846	NC_064215.1	9803846		-4.189		LOC118272799	RAB6-interacting golgin	448	9800663	9807926	
NC_064215.1_9807179	NC_064215.1	9807179		-4.162		LOC118272799	RAB6-interacting golgin	2884	9800663	9807926	
NC_064215.1_9816612	NC_064215.1	9816612		-4.516		LOC118272824	protein FAM166B	6347	9808381	9837538	
NC_064215.1_9939712	NC_064215.1	9939712		-4.366		(基因间区)		-1			
NC_064215.1_9987363	NC_064215.1	9987363		4.162		(基因间区)		-1			
NC_064215.1_9999805	NC_064215.1	9999805		4.209		LOC118272572	prolactin-releasing peptide receptor	62822	10018112	10107142	
NC_064215.1_10402619	NC_064215.1	10402619		-4.064		(基因间区)		-1			
NC_064215.1_10453659	NC_064215.1	10453659		-4.607		LOC126910638	mini-chromosome maintenance complex-binding protein	950	10452448	10456770	
NC_064215.1_10697684	NC_064215.1	10697684		-4.618		LOC126910643	uncharacterized LOC126910643	20094	10673331	10681848	
NC_064215.1_10895693	NC_064215.1	10895693		-4.718		LOC118272940	mitochondrial cardiolipin hydrolase	40253	10879467	10992425	
NC_064215.1_10933805	NC_064215.1	10933805		-4.086		LOC118272940	mitochondrial cardiolipin hydrolase	2141	10879467	10992425	
NC_064215.1_11017107	NC_064215.1	11017107		-4.249		LOC118272939	uncharacterized LOC118272939	558	10992657	11042674	
NC_064215.1_11051406	NC_064215.1	11051406		4.456		LOC118272390	dehydrogenase/reductase SDR family member on chromosome X	3766	11045562	11064783	
NC_064215.1_11051420	NC_064215.1	11051420		4.935		LOC118272390	dehydrogenase/reductase SDR family member on chromosome X	3752	11045562	11064783	
NC_064215.1_11053825	NC_064215.1	11053825		4.276		LOC118272390	dehydrogenase/reductase SDR family member on chromosome X	1347	11045562	11064783	
NC_064215.1_11061572	NC_064215.1	11061572		4.116		LOC118272389	TBC1 domain family member 12	5186	11043495	11090021	
NC_064215.1_11097447	NC_064215.1	11097447		4.197		LOC118272416	facilitated trehalose transporter Tret1	25023	11093816	11151125	离子/渗透
NC_064215.1_11324199	NC_064215.1	11324199		-4.095		LOC118272456	adenylate cyclase type 2	76762	11295508	11506414	
NC_064215.1_11751411	NC_064215.1	11751411		-4.705		LOC118272783	protein embryonic gonad	45684	11647012	11764441	
NC_064215.1_11885148	NC_064215.1	11885148		-4.112		(基因间区)		-1			
NC_064215.1_12303195	NC_064215.1	12303195		-4.21		LOC118272430	frizzled-2	34202	12190840	12347146	
NC_064215.1_12357994	NC_064215.1	12357994		-4.396		Trnag-gcc	transfer RNA glycine (anticodon GCC)	5770	12352189	12352259	
NC_064215.1_12374128	NC_064215.1	12374128		-4.425		(基因间区)		-1			
NC_064215.1_12398158	NC_064215.1	12398158		-4.035		Trnag-ucc	transfer RNA glycine (anticodon UCC)	2100	12400223	12400294	
NC_064215.1_12402746	NC_064215.1	12402746		-4.114		Trnan-guu	transfer RNA asparagine (anticodon GUU)	2173	12404883	12404956	
NC_064215.1_12523592	NC_064215.1	12523592		-4.359		LOC118272693	uncharacterized LOC118272693	6572	12511650	12522390	
NC_064215.1_12544497	NC_064215.1	12544497		4.528		LOC118272690	unconventional myosin-IXb	9562	12522372	12547497	
NC_064215.1_12555011	NC_064215.1	12555011		4.189		LOC118272899	fatty acid synthase	7633	12550144	12575145	
NC_064216.1_103240	NC_064216.1	103240		4.14		LOC118272113	uncharacterized LOC118272113	3334	105322	107827	
NC_064216.1_114741	NC_064216.1	114741		-4.157		LOC118272113	uncharacterized LOC118272113	8166	105322	107827	
NC_064216.1_145583	NC_064216.1	145583		-4.247		LOC118271862	gliomedin	550	140710	149355	
NC_064216.1_222963	NC_064216.1	222963		-4.311		LOC118271628	protein charybde	17409	204149	206958	
NC_064216.1_224717	NC_064216.1	224717		-4.102		LOC118271628	protein charybde	19163	204149	206958	
NC_064216.1_251269	NC_064216.1	251269		4.092		(基因间区)		-1			
NC_064216.1_315796	NC_064216.1	315796		5.086		(基因间区)		-1			
NC_064216.1_328343	NC_064216.1	328343		-4.338		(基因间区)		-1			
NC_064216.1_330834	NC_064216.1	330834		-4.578		(基因间区)		-1			
NC_064216.1_422930	NC_064216.1	422930		-4.101		LOC126910717	uncharacterized LOC126910717	1572	417485	431519	
NC_064216.1_457233	NC_064216.1	457233		4.245		LOC118271762	uncharacterized LOC118271762	2677	456720	463101	
NC_064216.1_585501	NC_064216.1	585501		4.329		LOC118271776	transcription initiation factor TFIID subunit 9	232	584115	586423	
NC_064216.1_780756	NC_064216.1	780756		-4.713		LOC118272091	histone acetyltransferase KAT6B	3486	778739	789745	解毒/代谢
NC_064216.1_780760	NC_064216.1	780760		-5.061		LOC118272091	histone acetyltransferase KAT6B	3482	778739	789745	解毒/代谢
NC_064216.1_780770	NC_064216.1	780770		-4.651		LOC118272091	histone acetyltransferase KAT6B	3472	778739	789745	解毒/代谢
NC_064216.1_937029	NC_064216.1	937029		4.151		LOC118271670	Ig-like and fibronectin type-III domain-containing protein 1	7061	845396	1014540	
NC_064216.1_949730	NC_064216.1	949730		-4.002		LOC118271670	Ig-like and fibronectin type-III domain-containing protein 1	19762	845396	1014540	
NC_064216.1_960298	NC_064216.1	960298		4.119		LOC118271670	Ig-like and fibronectin type-III domain-containing protein 1	30330	845396	1014540	
NC_064216.1_1191735	NC_064216.1	1191735		4.539		LOC118272124	Golgi-specific brefeldin A-resistance guanine nucleotide exchange factor 1	4042	1162288	1213098	
NC_064216.1_1191789	NC_064216.1	1191789		-4.246		LOC118272124	Golgi-specific brefeldin A-resistance guanine nucleotide exchange factor 1	4096	1162288	1213098	
NC_064216.1_1240759	NC_064216.1	1240759		-4.669		LOC118271926	frizzled-10	14261	1214144	1238851	
NC_064216.1_1263015	NC_064216.1	1263015		-4.141		(基因间区)		-1			
NC_064216.1_1263016	NC_064216.1	1263016		-4.227		(基因间区)		-1			
NC_064216.1_1337621	NC_064216.1	1337621		4.096		LOC118271757	S-adenosylmethionine decarboxylase proenzyme	7374	1313544	1346950	
NC_064216.1_1381489	NC_064216.1	1381489		4.072		LOC118271962	uncharacterized LOC118271962	1997	1382699	1384274	
NC_064216.1_1627667	NC_064216.1	1627667		-4.545		LOC118271615	mitochondrial import receptor subunit TOM40 homolog	1843	1628748	1630272	
NC_064216.1_1768327	NC_064216.1	1768327		4.158		LOC118271621	uncharacterized LOC118271621	747	1766093	1769067	
NC_064216.1_1768353	NC_064216.1	1768353		-4.135		LOC118271621	uncharacterized LOC118271621	773	1766093	1769067	
NC_064216.1_1790692	NC_064216.1	1790692		4.314		LOC118271605	uncharacterized LOC118271605	9431	1780109	1782413	
NC_064216.1_1993420	NC_064216.1	1993420		4.0		LOC118271937	uncharacterized LOC118271937	257	1992447	1993879	
NC_064216.1_2116104	NC_064216.1	2116104		-4.058		LOC118271914	atypical protein kinase C	60125	2074313	2278146	
NC_064216.1_2492710	NC_064216.1	2492710		4.271		LOC118272187	2-phosphoxylose phosphatase 1	4649	2493782	2500937	
NC_064216.1_2635705	NC_064216.1	2635705		4.337		LOC118272289	small nucleolar RNA U3	935	2634669	2634870	
NC_064216.1_2691257	NC_064216.1	2691257		-4.058		LOC118271576	actin-binding protein WASF3	9938	2666989	2695649	
NC_064216.1_2839756	NC_064216.1	2839756		4.065		LOC118271763	beta-1,4-N-acetylgalactosaminyltransferase bre-4	82357	2806768	3037459	解毒/代谢
NC_064216.1_2928971	NC_064216.1	2928971		-4.001		LOC118271763	beta-1,4-N-acetylgalactosaminyltransferase bre-4	6857	2806768	3037459	解毒/代谢
NC_064216.1_3127587	NC_064216.1	3127587		-4.034		LOC118271663	kinesin-like protein unc-104	1610	3075326	3183068	
NC_064216.1_3185256	NC_064216.1	3185256		4.071		LOC118271586	superoxide dismutase [Mn], mitochondrial	178	3183823	3187045	氧化应激
NC_064216.1_3210959	NC_064216.1	3210959		4.035		LOC118271698	1,4-alpha-glucan-branching enzyme	3973	3207286	3222579	
NC_064216.1_3210962	NC_064216.1	3210962		-4.042		LOC118271698	1,4-alpha-glucan-branching enzyme	3970	3207286	3222579	
NC_064216.1_3267134	NC_064216.1	3267134		-4.961		LOC118271710	NAD kinase	19099	3225637	3270433	
NC_064216.1_3297646	NC_064216.1	3297646		-4.325		LOC118272281	6-phosphofructo-2-kinase/fructose-2,6-bisphosphatase	7790	3273914	3305797	
NC_064216.1_3494980	NC_064216.1	3494980		-4.402		LOC118271785	uncharacterized LOC118271785	9329	3474595	3534023	
NC_064216.1_3546598	NC_064216.1	3546598		-4.085		LOC126910694	uncharacterized LOC126910694	8057	3550737	3558573	
NC_064216.1_3581111	NC_064216.1	3581111		-4.274		LOC118271804	uncharacterized LOC118271804	3174	3583770	3584801	
NC_064216.1_3602705	NC_064216.1	3602705		-4.468		LOC118271804	uncharacterized LOC118271804	18419	3583770	3584801	
NC_064216.1_3662891	NC_064216.1	3662891		4.201		LOC118272264	integrator complex subunit 1 homolog	1430	3660405	3662517	
NC_064216.1_3723855	NC_064216.1	3723855		4.488		LOC118271882	neuropeptide CCHamide-2 receptor	14254	3680739	3795480	
NC_064216.1_3755266	NC_064216.1	3755266		-4.015		LOC118271883	uncharacterized LOC118271883	7345	3746291	3749550	
NC_064216.1_3888186	NC_064216.1	3888186		-4.001		LOC118271859	uncharacterized LOC118271859	8728	3894650	3899179	
NC_064216.1_4199068	NC_064216.1	4199068		4.42		LOC118271685	uncharacterized LOC118271685	31313	4102122	4358641	
NC_064216.1_4354224	NC_064216.1	4354224		4.521		LOC118271686	protein bowel	24731	4361296	4396614	
NC_064216.1_4354225	NC_064216.1	4354225		4.051		LOC118271686	protein bowel	24730	4361296	4396614	
NC_064216.1_4778146	NC_064216.1	4778146		4.388		LOC118271864	uncharacterized LOC118271864	3757	4773072	4790734	
NC_064216.1_4798615	NC_064216.1	4798615		4.336		LOC118272147	uncharacterized LOC118272147	1860	4799103	4801848	
NC_064216.1_4798897	NC_064216.1	4798897		-4.411		LOC118272147	uncharacterized LOC118272147	1578	4799103	4801848	
NC_064216.1_4809257	NC_064216.1	4809257		4.582		LOC118272147	uncharacterized LOC118272147	8781	4799103	4801848	
NC_064216.1_4811705	NC_064216.1	4811705		4.162		LOC118271890	uncharacterized LOC118271890	8466	4806288	4834054	
NC_064216.1_4864942	NC_064216.1	4864942		-4.032		LOC118271721	uncharacterized oxidoreductase YxbG-like	6643	4870968	4872202	
NC_064216.1_4884381	NC_064216.1	4884381		4.096		LOC118271720	probable G-protein coupled receptor CG31760	9164	4847780	4939310	
NC_064216.1_5252690	NC_064216.1	5252690		-4.684		LOC118272099	cGMP-dependent protein kinase, isozyme 2 forms cD4/T1/T3A/T3B	42115	5231280	5358330	
NC_064216.1_5270456	NC_064216.1	5270456		-4.245		LOC118272099	cGMP-dependent protein kinase, isozyme 2 forms cD4/T1/T3A/T3B	24349	5231280	5358330	
NC_064216.1_5532284	NC_064216.1	5532284		4.605		LOC118272267	rap1 GTPase-activating protein 1	17309	5373424	5656525	
NC_064216.1_6271959	NC_064216.1	6271959		-4.253		LOC118271900	uncharacterized LOC118271900	26115	6174889	6316799	
NC_064216.1_6382484	NC_064216.1	6382484		4.172		LOC118271835	cytochrome b5 reductase 4	11683	6348161	6440174	
NC_064216.1_6438531	NC_064216.1	6438531		4.136		LOC118271826	sentrin-specific protease 8	509	6438740	6439340	
NC_064216.1_6523688	NC_064216.1	6523688		4.482		LOC118268371	uncharacterized LOC118268371	13465	6535619	6538687	
NC_064216.1_6736230	NC_064216.1	6736230		-4.394		LOC118281822	dyslexia-associated protein KIAA0319	3613	6732581	6747106	
NC_064216.1_6827876	NC_064216.1	6827876		-4.353		LOC118271982	clavesin-2-like	6324	6820362	6822741	
NC_064216.1_6950265	NC_064216.1	6950265		-4.06		LOC118272207	uncharacterized LOC118272207	575	6948218	6951162	
NC_064216.1_7134187	NC_064216.1	7134187		-4.04		LOC118272160	uncharacterized LOC118272160	9012	7122298	7128051	
NC_064216.1_7599037	NC_064216.1	7599037		-4.295		LOC118272067	uncharacterized LOC118272067	12517	7606969	7616140	
NC_064216.1_7599083	NC_064216.1	7599083		4.19		LOC118272067	uncharacterized LOC118272067	12471	7606969	7616140	
NC_064216.1_7717848	NC_064216.1	7717848		4.541		LOC118271630	retinol dehydrogenase 10-B	320	7702242	7732813	
NC_064216.1_7720054	NC_064216.1	7720054		4.091		LOC118271630	retinol dehydrogenase 10-B	2526	7702242	7732813	
NC_064216.1_7798910	NC_064216.1	7798910		-4.592		LOC118271574	polypeptide N-acetylgalactosaminyltransferase 5	9291	7771060	7808178	解毒/代谢
NC_064216.1_7937763	NC_064216.1	7937763		4.891		LOC118272224	carboxypeptidase B	21048	7914910	7918520	
NC_064216.1_8097211	NC_064216.1	8097211		-4.345		LOC118271827	protein lozenge	25629	8091642	8154038	
NC_064216.1_8140165	NC_064216.1	8140165		4.093		LOC118271827	protein lozenge	17325	8091642	8154038	
NC_064216.1_8157986	NC_064216.1	8157986		-4.032		LOC118271822	carboxypeptidase A1	3074	8155239	8166881	
NC_064216.1_8158024	NC_064216.1	8158024		-4.101		LOC118271822	carboxypeptidase A1	3036	8155239	8166881	
NC_064216.1_8235536	NC_064216.1	8235536		-4.033		LOC118272165	histone-lysine N-methyltransferase 2D	3781	8228003	8235506	解毒/代谢
NC_064216.1_8413163	NC_064216.1	8413163		-4.175		LOC126910698	uncharacterized LOC126910698	8949	8403730	8404697	
NC_064216.1_8555823	NC_064216.1	8555823		4.208		LOC118272127	hairy/enhancer-of-split related with YRPW motif protein	2577	8557145	8559656	
NC_064216.1_9072341	NC_064216.1	9072341		-4.353		LOC118272179	ATPase family AAA domain-containing protein 2	2809	9063443	9086858	
NC_064216.1_9080006	NC_064216.1	9080006		-4.014		LOC118272179	ATPase family AAA domain-containing protein 2	4855	9063443	9086858	
NC_064216.1_9139524	NC_064216.1	9139524		4.111		LOC126910676	uncharacterized LOC126910676	6672	9121161	9171231	
NC_064216.1_9190839	NC_064216.1	9190839		-4.481		LOC126910676	uncharacterized LOC126910676	44643	9121161	9171231	
NC_064216.1_9844827	NC_064216.1	9844827		-4.077		LOC118271772	neuropeptide CCHamide-1 receptor	20135	9763512	9966412	
NC_064216.1_9877284	NC_064216.1	9877284		-4.071		LOC118271772	neuropeptide CCHamide-1 receptor	12322	9763512	9966412	
NC_064216.1_9895356	NC_064216.1	9895356		-4.084		LOC118271772	neuropeptide CCHamide-1 receptor	30394	9763512	9966412	
NC_064216.1_9946083	NC_064216.1	9946083		4.765		LOC118271772	neuropeptide CCHamide-1 receptor	81121	9763512	9966412	
NC_064216.1_10038484	NC_064216.1	10038484		-4.208		LOC118271569	membrane-bound alkaline phosphatase	6240	10023907	10040580	
NC_064216.1_10058120	NC_064216.1	10058120		-4.105		LOC118271570	membrane-bound alkaline phosphatase	995	10057446	10060784	
NC_064216.1_10062560	NC_064216.1	10062560		-4.801		LOC118271570	membrane-bound alkaline phosphatase	3445	10057446	10060784	
NC_064216.1_10227404	NC_064216.1	10227404		4.03		LOC118271910	uncharacterized LOC118271910	163673	10220422	10561733	
NC_064216.1_10234848	NC_064216.1	10234848		-4.287		LOC118271910	uncharacterized LOC118271910	156229	10220422	10561733	
NC_064216.1_10286168	NC_064216.1	10286168		4.109		LOC118271910	uncharacterized LOC118271910	104909	10220422	10561733	
NC_064216.1_10350195	NC_064216.1	10350195		-4.068		LOC118271910	uncharacterized LOC118271910	40882	10220422	10561733	
NC_064216.1_10474879	NC_064216.1	10474879		4.537		LOC118271910	uncharacterized LOC118271910	83801	10220422	10561733	
NC_064216.1_10614638	NC_064216.1	10614638		-4.226		LOC118271775	protein transport protein Sec31A	5801	10608400	10632479	
NC_064216.1_10956788	NC_064216.1	10956788		4.069		LOC118271601	insulin-related peptide 2-like	8085	10948520	10948886	
NC_064216.1_11126703	NC_064216.1	11126703		4.024		LOC118271759	potassium voltage-gated channel protein Shaw	113055	11111976	11367540	离子/渗透
NC_064216.1_11245466	NC_064216.1	11245466		-4.056		LOC118271759	potassium voltage-gated channel protein Shaw	5708	11111976	11367540	离子/渗透
NC_064216.1_11408809	NC_064216.1	11408809		-4.169		LOC118271929	uncharacterized LOC118271929	2905	11404578	11407230	
NC_064216.1_11600600	NC_064216.1	11600600		4.003		LOC118271695	uncharacterized LOC118271695	33762	11476594	11657081	
NC_064216.1_11601456	NC_064216.1	11601456		-4.408		LOC118271695	uncharacterized LOC118271695	34618	11476594	11657081	
NC_064216.1_11663680	NC_064216.1	11663680		-4.586		Trnad-guc	transfer RNA aspartic acid (anticodon GUC)	5526	11658118	11658189	
NC_064216.1_11674311	NC_064216.1	11674311		-4.47		LOC118271594	zonadhesin-like	2857	11663446	11679461	
NC_064216.1_11730486	NC_064216.1	11730486		5.007		LOC118272055	nucleolar MIF4G domain-containing protein 1 homolog	20079	11745002	11756128	
NC_064216.1_11832657	NC_064216.1	11832657		-4.015		LOC118271828	uncharacterized LOC118271828	1962	11833656	11835583	
NC_064216.1_12200112	NC_064216.1	12200112		-4.337		LOC118271856	SH2 domain-containing protein 4A	3982	12162194	12230065	
NC_064216.1_12302278	NC_064216.1	12302278		-4.171		LOC118272093	SWI/SNF-related matrix-associated actin-dependent regulator of chromatin subfamily A-like protein 1	534	12298606	12307018	
NC_064216.1_12316966	NC_064216.1	12316966		-4.402		LOC118272105	serine protease inhibitor dipetalogastin-like	799	12315525	12316809	
NC_064216.1_12377266	NC_064216.1	12377266		4.497		LOC118271733	pre-mRNA-splicing factor Syf2	8432	12384798	12386598	
NC_064217.1_128985	NC_064217.1	128985		4.161		LOC118267389	echinoderm microtubule-associated protein-like 2	4794	101364	166195	
NC_064217.1_217578	NC_064217.1	217578		4.208		LOC118267784	ninjurin-A	6106	198323	224621	
NC_064217.1_220946	NC_064217.1	220946		-4.16		LOC118267784	ninjurin-A	9474	198323	224621	
NC_064217.1_238837	NC_064217.1	238837		-4.915		LOC118267564	leukocyte surface antigen CD53	3707	231876	238383	
NC_064217.1_448720	NC_064217.1	448720		4.408		LOC118267577	uncharacterized LOC118267577	7957	430033	451493	
NC_064217.1_481175	NC_064217.1	481175		4.227		LOC126910743	uncharacterized LOC126910743	3613	476413	478711	
NC_064217.1_513280	NC_064217.1	513280		-4.161		LOC118267435	uncharacterized LOC118267435	9263	497079	510955	
NC_064217.1_567197	NC_064217.1	567197		-4.496		LOC118267767	visual system homeobox 2	18389	511407	586208	
NC_064217.1_606797	NC_064217.1	606797		4.154		LOC126910771	uncharacterized LOC126910771	2602	603838	604551	
NC_064217.1_607566	NC_064217.1	607566		-4.008		LOC126910771	uncharacterized LOC126910771	3371	603838	604551	
NC_064217.1_690542	NC_064217.1	690542		-4.088		LOC126910791	protein stoned-A	1073	690505	692725	
NC_064217.1_695548	NC_064217.1	695548		-4.018		LOC126910791	protein stoned-A	3933	690505	692725	
NC_064217.1_704384	NC_064217.1	704384		-4.042		LOC118267370	RAC serine/threonine-protein kinase	2063	701903	710992	
NC_064217.1_785928	NC_064217.1	785928		4.216		LOC126910815	uncharacterized LOC126910815	1090	782526	787150	
NC_064217.1_1109551	NC_064217.1	1109551		4.286		LOC118267374	acyl-CoA:lysophosphatidylglycerol acyltransferase 1	103302	1084959	1340748	解毒/代谢
NC_064217.1_1793081	NC_064217.1	1793081		-4.013		LOC118267569	connectin	125919	1521518	1812805	
NC_064217.1_2197574	NC_064217.1	2197574		-4.268		LOC118267725	connectin-like	59478	2085266	2190926	
NC_064217.1_2360922	NC_064217.1	2360922		-4.165		LOC126910797	uncharacterized LOC126910797	14612	2345503	2347116	
NC_064217.1_2386200	NC_064217.1	2386200		-4.589		LOC118267730	uncharacterized LOC118267730	1076	2385972	2388580	
NC_064217.1_2527389	NC_064217.1	2527389		-4.444		LOC118267657	uncharacterized LOC118267657	4631	2516991	2528524	
NC_064217.1_3157272	NC_064217.1	3157272		-4.675		LOC118267817	connectin	13436	3105186	3182485	
NC_064217.1_3410596	NC_064217.1	3410596		-4.563		LOC126910767	uncharacterized LOC126910767	7538	3415059	3421209	
NC_064217.1_3410627	NC_064217.1	3410627		-4.516		LOC126910767	uncharacterized LOC126910767	7507	3415059	3421209	
NC_064217.1_3560534	NC_064217.1	3560534		-4.439		LOC126910758	hypoxia up-regulated protein 1	922	3556843	3566070	
NC_064217.1_3671430	NC_064217.1	3671430		-4.128		LOC118267462	tubulin-specific chaperone cofactor E-like protein	9755	3650360	3672990	HSP/热激蛋白
NC_064217.1_4102553	NC_064217.1	4102553		-4.034		LOC118267743	spectrin beta chain	5583	4072550	4121389	
NC_064217.1_4141921	NC_064217.1	4141921		-4.254		LOC118267881	transmembrane protease serine 9	4654	4132476	4142057	
NC_064217.1_4533096	NC_064217.1	4533096		-4.006		LOC118267411	G-protein coupled receptor moody-like	15570	4513583	4521469	
NC_064217.1_4615559	NC_064217.1	4615559		4.465		LOC118267996	probable cytochrome P450 301a1, mitochondrial	1452	4615091	4618931	氧化应激
NC_064217.1_4615562	NC_064217.1	4615562		4.043		LOC118267996	probable cytochrome P450 301a1, mitochondrial	1449	4615091	4618931	氧化应激
NC_064217.1_4616126	NC_064217.1	4616126		4.252		LOC118267996	probable cytochrome P450 301a1, mitochondrial	885	4615091	4618931	氧化应激
NC_064217.1_5368000	NC_064217.1	5368000		-4.044		LOC118267840	xaa-Pro dipeptidase	9107	5354895	5362891	
NC_064217.1_5368003	NC_064217.1	5368003		-4.018		LOC118267840	xaa-Pro dipeptidase	9110	5354895	5362891	
NC_064217.1_5420477	NC_064217.1	5420477		-4.352		LOC118281917	probable serine/threonine-protein kinase DDB_G0282963	3973	5412898	5420109	
NC_064217.1_6043631	NC_064217.1	6043631		-4.312		LOC118267715	activating signal cointegrator 1 complex subunit 2 homolog	5126	6037917	6039093	
NC_064217.1_6112461	NC_064217.1	6112461		4.652		LOC118281901	UDP-glycosyltransferase UGT5-like	1475	6110907	6116965	解毒/代谢
NC_064217.1_6269734	NC_064217.1	6269734		4.378		LOC118281905	uncharacterized LOC118281905	2714	6258017	6276023	
NC_064217.1_6269741	NC_064217.1	6269741		5.145		LOC118281905	uncharacterized LOC118281905	2721	6258017	6276023	
NC_064217.1_6296693	NC_064217.1	6296693		-4.161		LOC118267852	nuclear factor related to kappa-B-binding protein	573	6290011	6302229	
NC_064217.1_6501567	NC_064217.1	6501567		-4.317		Trnag-ccc	transfer RNA glycine (anticodon CCC)	4641	6496891	6496961	
NC_064217.1_6532854	NC_064217.1	6532854		5.08		LOC118267702	uncharacterized LOC118267702	5655	6494137	6560261	
NC_064217.1_6999523	NC_064217.1	6999523		4.503		LOC118267573	uncharacterized LOC118267573	1727	6994905	7000686	
NC_064217.1_7642264	NC_064217.1	7642264		-4.295		LOC118267452	apoptosis-stimulating of p53 protein 1	1657	7503798	7777415	
NC_064217.1_7700210	NC_064217.1	7700210		-4.329		LOC118267452	apoptosis-stimulating of p53 protein 1	59603	7503798	7777415	
NC_064217.1_7908632	NC_064217.1	7908632		-4.621		LOC118267540	uncharacterized LOC118267540	19973	7887622	7889695	
NC_064217.1_8057873	NC_064217.1	8057873		4.29		LOC118267987	uncharacterized LOC118267987	1364	8058201	8060274	
NC_064217.1_8089161	NC_064217.1	8089161		-4.776		LOC118267783	uncharacterized LOC118267783	1049	8087169	8089054	
NC_064217.1_8110722	NC_064217.1	8110722		4.506		LOC118267863	uncharacterized LOC118267863	8310	8099761	8105062	
NC_064217.1_8151750	NC_064217.1	8151750		4.679		LOC118267831	protein sprint	55142	8099293	8314491	
NC_064217.1_8172580	NC_064217.1	8172580		4.117		LOC118267831	protein sprint	34312	8099293	8314491	
NC_064217.1_8462628	NC_064217.1	8462628		4.574		LOC118267833	uncharacterized LOC118267833	15120	8440151	8454865	
NC_064217.1_8560265	NC_064217.1	8560265		4.036		LOC118267522	N-alpha-acetyltransferase 20	344	8560101	8561117	解毒/代谢
NC_064217.1_8566984	NC_064217.1	8566984		-4.01		LOC118267707	uncharacterized LOC118267707	5192	8562492	8581860	
NC_064217.1_8657866	NC_064217.1	8657866		5.006		LOC118267855	cytochrome P450 6B1-like	5505	8661880	8664862	氧化应激
NC_064217.1_8776086	NC_064217.1	8776086		4.221		LOC118267773	transmembrane protein 151B	10760	8757114	8816578	
NC_064217.1_8865722	NC_064217.1	8865722		-4.293		(基因间区)		-1			
NC_064217.1_9285577	NC_064217.1	9285577		-4.458		LOC118267381	uncharacterized LOC118267381	8368	9280023	9307867	
NC_064217.1_9531213	NC_064217.1	9531213		4.357		LOC118267488	serine/threonine-protein kinase minibrain-like	26436	9496953	9512601	
NC_064217.1_9579404	NC_064217.1	9579404		-4.411		LOC118267456	regulator of G-protein signaling 20	3384	9578052	9587525	
NC_064217.1_9579503	NC_064217.1	9579503		-4.096		LOC118267456	regulator of G-protein signaling 20	3285	9578052	9587525	
NC_064217.1_9615986	NC_064217.1	9615986		-4.769		LOC118267469	rho GTPase-activating protein 4	2330	9601377	9625935	
NC_064217.1_9705959	NC_064217.1	9705959		-4.052		LOC118267587	protein FAM98B	2079	9702720	9705040	
NC_064217.1_9851348	NC_064217.1	9851348		4.637		LOC118267755	uncharacterized LOC118267755	529	9846124	9857631	
NC_064217.1_10081728	NC_064217.1	10081728		-4.574		Trnap-ugg	transfer RNA proline (anticodon UGG)	138	10081554	10081625	
NC_064217.1_10082523	NC_064217.1	10082523		-4.208		Trnap-agg	transfer RNA proline (anticodon AGG)	330	10082818	10082889	
NC_064217.1_10137650	NC_064217.1	10137650		4.717		LOC118267661	dopamine D2-like receptor	59117	9974894	10182171	
NC_064217.1_10339260	NC_064217.1	10339260		4.502		LOC118267603	synaptic vesicle glycoprotein 2B	3719	10328828	10342253	
NC_064217.1_10382009	NC_064217.1	10382009		-4.399		LOC118267737	chymotrypsin-1	2411	10383257	10385583	
NC_064217.1_10383306	NC_064217.1	10383306		-4.79		LOC118267737	chymotrypsin-1	1114	10383257	10385583	
NC_064217.1_10463702	NC_064217.1	10463702		4.26		LOC118267736	dopamine D2-like receptor	11459	10373981	10576341	
NC_064217.1_10540415	NC_064217.1	10540415		-4.28		LOC118267736	dopamine D2-like receptor	65254	10373981	10576341	
NC_064217.1_10569333	NC_064217.1	10569333		4.028		LOC118267420	uncharacterized LOC118267420	31466	10582042	10619557	
NC_064217.1_10909165	NC_064217.1	10909165		-4.111		LOC118267599	protein PALS1	50665	10883337	11036323	
NC_064217.1_10990467	NC_064217.1	10990467		4.004		LOC118267599	protein PALS1	30637	10883337	11036323	
NC_064217.1_11026302	NC_064217.1	11026302		4.525		LOC118267742	breast cancer metastasis-suppressor 1-like protein	57986	11037353	11131223	
NC_064217.1_11105053	NC_064217.1	11105053		-4.027		LOC118267742	breast cancer metastasis-suppressor 1-like protein	20765	11037353	11131223	
NC_064217.1_11141675	NC_064217.1	11141675		-4.229		LOC118267892	probable 39S ribosomal protein L49, mitochondrial	18533	11159609	11160808	
NC_064217.1_11210232	NC_064217.1	11210232		-4.596		LOC118267466	kinesin light chain	9403	11188623	11250647	
NC_064217.1_11402917	NC_064217.1	11402917		-4.487		LOC118267498	alkaline phosphatase	2046	11394558	11407183	
NC_064217.1_11524243	NC_064217.1	11524243		4.575		LOC118262861	uncharacterized LOC118262861	6620	11517016	11518230	
NC_064217.1_11579299	NC_064217.1	11579299		4.192		LOC118267574	uncharacterized LOC118267574	2395	11577639	11585749	
NC_064217.1_11595146	NC_064217.1	11595146		4.223		LOC118267837	uncharacterized LOC118267837	3735	11587566	11595256	
NC_064217.1_11770306	NC_064217.1	11770306		-4.295		LOC118267576	uncharacterized LOC118267576	7378	11765892	11789477	
NC_064217.1_11867405	NC_064217.1	11867405		-4.037		LOC118267648	mantle protein	3127	11866687	11874378	
NC_064217.1_11993698	NC_064217.1	11993698		-4.064		LOC118267735	uncharacterized LOC118267735	208	11992933	11994880	
NC_064217.1_12075186	NC_064217.1	12075186		-4.247		LOC118267642	GDP-mannose 4,6 dehydratase	2966	12065993	12078446	
NC_064217.1_12240187	NC_064217.1	12240187		4.29		LOC118268078	uncharacterized LOC118268078	6242	12245645	12247214	
NC_064217.1_12885503	NC_064217.1	12885503		-4.298		LOC118267395	uncharacterized protein CG43867	81745	12839831	13094666	
NC_064217.1_12954044	NC_064217.1	12954044		-4.275		LOC118267395	uncharacterized protein CG43867	13204	12839831	13094666	
NC_064217.1_13009797	NC_064217.1	13009797		-4.294		Trnam-cau	transfer RNA methionine (anticodon CAU)	15760	12994001	12994072	
NC_064217.1_13172989	NC_064217.1	13172989		-4.193		LOC118267809	uncharacterized LOC118267809	3854	13168628	13169642	
NC_064217.1_13174852	NC_064217.1	13174852		-4.181		LOC118267809	uncharacterized LOC118267809	5717	13168628	13169642	
NC_064218.1_148276	NC_064218.1	148276		-4.054		LOC118265910	ran-binding protein 9	2477	132315	159282	
NC_064218.1_155430	NC_064218.1	155430		-4.411		LOC118265910	ran-binding protein 9	9631	132315	159282	
NC_064218.1_549838	NC_064218.1	549838		4.624		LOC118266381	transcription factor sem-2	43024	550648	635076	
NC_064218.1_667279	NC_064218.1	667279		4.157		(基因间区)		-1			
NC_064218.1_831647	NC_064218.1	831647		4.017		(基因间区)		-1			
NC_064218.1_869622	NC_064218.1	869622		-4.087		(基因间区)		-1			
NC_064218.1_890361	NC_064218.1	890361		-4.014		(基因间区)		-1			
NC_064218.1_934112	NC_064218.1	934112		-4.536		(基因间区)		-1			
NC_064218.1_1019296	NC_064218.1	1019296		-4.084		LOC118266042	iroquois-class homeodomain protein IRX-5	1159	1013366	1027545	
NC_064218.1_1065120	NC_064218.1	1065120		4.126		LOC118265930	WD repeat-containing protein CG11141	3824	1051995	1070596	
NC_064218.1_1069337	NC_064218.1	1069337		4.079		LOC118265930	WD repeat-containing protein CG11141	8041	1051995	1070596	
NC_064218.1_1107411	NC_064218.1	1107411		4.236		LOC118266494	CD109 antigen	6430	1089502	1112459	
NC_064218.1_1162956	NC_064218.1	1162956		4.386		LOC118274116	uncharacterized LOC118274116	13002	1148499	1151409	
NC_064218.1_1196431	NC_064218.1	1196431		4.817		(基因间区)		-1			
NC_064218.1_1203627	NC_064218.1	1203627		4.282		LOC118265757	translation elongation factor 2	21228	1219704	1230007	
NC_064218.1_1279617	NC_064218.1	1279617		4.309		LOC118265868	phospholipid-transporting ATPase ABCA3	14708	1238801	1291016	
NC_064218.1_1343508	NC_064218.1	1343508		4.33		LOC118266131	CHH-like protein	22785	1322311	1410276	
NC_064218.1_1343517	NC_064218.1	1343517		4.718		LOC118266131	CHH-like protein	22776	1322311	1410276	
NC_064218.1_1343518	NC_064218.1	1343518		4.701		LOC118266131	CHH-like protein	22775	1322311	1410276	
NC_064218.1_1343519	NC_064218.1	1343519		4.568		LOC118266131	CHH-like protein	22774	1322311	1410276	
NC_064218.1_1386697	NC_064218.1	1386697		-5.543		LOC118266131	CHH-like protein	20403	1322311	1410276	
NC_064218.1_1779045	NC_064218.1	1779045		5.278		(基因间区)		-1			
NC_064218.1_1954593	NC_064218.1	1954593		4.397		LOC118265648	hemicentin-2	151403	1952092	2259900	
NC_064218.1_2013658	NC_064218.1	2013658		4.16		LOC126910882	uncharacterized LOC126910882	13267	2026627	2027223	
NC_064218.1_2013659	NC_064218.1	2013659		-4.028		LOC126910882	uncharacterized LOC126910882	13266	2026627	2027223	
NC_064218.1_2570626	NC_064218.1	2570626		4.135		LOC118266431	uncharacterized LOC118266431	424	2567055	2573348	
NC_064218.1_2607929	NC_064218.1	2607929		4.161		LOC118266361	activating signal cointegrator 1	5684	2609476	2617750	
NC_064218.1_2656499	NC_064218.1	2656499		-4.106		LOC118265857	dnaJ homolog subfamily C member 13	6955	2648899	2678010	HSP/热激蛋白
NC_064218.1_2676651	NC_064218.1	2676651		4.988		LOC118266326	serine--tRNA ligase, cytoplasmic	4974	2678633	2684618	
NC_064218.1_2706105	NC_064218.1	2706105		-4.097		LOC118266352	MAU2 chromatid cohesion factor homolog	678	2701424	2709430	
NC_064218.1_2711287	NC_064218.1	2711287		-4.884		LOC118266355	uncharacterized LOC118266355	939	2709415	2711281	
NC_064218.1_2724559	NC_064218.1	2724559		-4.262		LOC118266357	GTP-binding protein Rit2	1684	2718382	2727368	
NC_064218.1_2847042	NC_064218.1	2847042		-5.029		LOC118274088	uncharacterized LOC118274088	1470	2848064	2848960	
NC_064218.1_2891515	NC_064218.1	2891515		4.088		LOC118266058	uncharacterized LOC118266058	2075	2868725	2910154	
NC_064218.1_2893115	NC_064218.1	2893115		-4.241		LOC118266058	uncharacterized LOC118266058	3675	2868725	2910154	
NC_064218.1_3050715	NC_064218.1	3050715		4.106		LOC118265934	spherulin-2A	3282	3046766	3048099	
NC_064218.1_3513139	NC_064218.1	3513139		4.06		LOC118265942	sodium channel protein 60E	44732	3369608	3567206	离子/渗透
NC_064218.1_3811454	NC_064218.1	3811454		-4.604		LOC118266055	sorting nexin-2	42932	3613187	4095585	
NC_064218.1_3811457	NC_064218.1	3811457		-4.756		LOC118266055	sorting nexin-2	42929	3613187	4095585	
NC_064218.1_3818454	NC_064218.1	3818454		-4.044		LOC118266055	sorting nexin-2	35932	3613187	4095585	
NC_064218.1_3851042	NC_064218.1	3851042		-4.024		LOC118266055	sorting nexin-2	3344	3613187	4095585	
NC_064218.1_3939944	NC_064218.1	3939944		-4.03		LOC118265840	high affinity cAMP-specific and IBMX-insensitive 3',5'-cyclic phosphodiesterase 8	79383	3744454	3976668	解毒/代谢
NC_064218.1_4055795	NC_064218.1	4055795		-4.0		LOC118265859	protein dead ringer	15264	3984456	4096606	
NC_064218.1_4141459	NC_064218.1	4141459		4.087		LOC118266441	heat shock protein 67B1	370	4140362	4141816	HSP/热激蛋白
NC_064218.1_4673756	NC_064218.1	4673756		4.13		LOC118265815	midasin	6167	4650404	4684773	
NC_064218.1_4964106	NC_064218.1	4964106		-4.033		LOC118266511	G-protein coupled receptor dmsr-1	711	4922587	5004203	
NC_064218.1_5075349	NC_064218.1	5075349		-5.707		LOC118265968	ATP-dependent RNA helicase vasa	15802	4971166	5211137	
NC_064218.1_5075351	NC_064218.1	5075351		-4.012		LOC118265968	ATP-dependent RNA helicase vasa	15800	4971166	5211137	
NC_064218.1_5093129	NC_064218.1	5093129		-4.173		LOC118265968	ATP-dependent RNA helicase vasa	1977	4971166	5211137	
NC_064218.1_5106825	NC_064218.1	5106825		4.123		LOC118266367	G-protein coupled receptor dmsr-1	4632	5076382	5146533	
NC_064218.1_5106829	NC_064218.1	5106829		4.534		LOC118266367	G-protein coupled receptor dmsr-1	4628	5076382	5146533	
NC_064218.1_5132262	NC_064218.1	5132262		-4.598		LOC118266367	G-protein coupled receptor dmsr-1	20804	5076382	5146533	
NC_064218.1_5170803	NC_064218.1	5170803		-4.177		LOC118265918	tyrosine-protein kinase hopscotch	18257	5174595	5203525	
NC_064218.1_5184275	NC_064218.1	5184275		-4.026		LOC118265918	tyrosine-protein kinase hopscotch	4785	5174595	5203525	
NC_064218.1_5266739	NC_064218.1	5266739		-4.166		LOC118266347	uncharacterized LOC118266347	2277	5261876	5267048	
NC_064218.1_5474789	NC_064218.1	5474789		4.382		LOC118266100	uncharacterized LOC118266100	3358	5468151	5474711	
NC_064218.1_5474824	NC_064218.1	5474824		4.299		LOC118266100	uncharacterized LOC118266100	3393	5468151	5474711	
NC_064218.1_5513893	NC_064218.1	5513893		-4.232		LOC118265700	uncharacterized LOC118265700	1763	5512442	5518870	
NC_064218.1_5533632	NC_064218.1	5533632		4.057		LOC118265692	allergen Tha p 1	9240	5522667	5526117	
NC_064218.1_5533739	NC_064218.1	5533739		4.193		LOC118265692	allergen Tha p 1	9347	5522667	5526117	
NC_064218.1_5533864	NC_064218.1	5533864		-4.027		LOC118265692	allergen Tha p 1	9472	5522667	5526117	
NC_064218.1_5647223	NC_064218.1	5647223		4.15		LOC118265689	uncharacterized LOC118265689	707	5645325	5647706	
NC_064218.1_5846338	NC_064218.1	5846338		-4.171		LOC118266112	odorant receptor 10a-like	11138	5832956	5837443	
NC_064218.1_5908217	NC_064218.1	5908217		-4.491		LOC118265921	diuretic hormone receptor	48650	5850075	6063659	
NC_064218.1_5919226	NC_064218.1	5919226		4.199		LOC118265921	diuretic hormone receptor	37641	5850075	6063659	
NC_064218.1_5941588	NC_064218.1	5941588		4.07		LOC118265921	diuretic hormone receptor	15279	5850075	6063659	
NC_064218.1_6017418	NC_064218.1	6017418		-4.045		LOC118265921	diuretic hormone receptor	60551	5850075	6063659	
NC_064218.1_6021253	NC_064218.1	6021253		-4.016		LOC118265921	diuretic hormone receptor	64386	5850075	6063659	
NC_064218.1_6055682	NC_064218.1	6055682		-4.732		LOC118265921	diuretic hormone receptor	98815	5850075	6063659	
NC_064218.1_6140464	NC_064218.1	6140464		4.03		LOC118265959	proton-coupled folate transporter-like	2813	6137489	6149065	
NC_064218.1_6159104	NC_064218.1	6159104		4.061		LOC118265959	proton-coupled folate transporter-like	15827	6137489	6149065	
NC_064218.1_6159143	NC_064218.1	6159143		4.163		LOC118265959	proton-coupled folate transporter-like	15866	6137489	6149065	
NC_064218.1_6373544	NC_064218.1	6373544		4.34		LOC118266447	uncharacterized LOC118266447	3013	6370716	6382399	
NC_064218.1_6762793	NC_064218.1	6762793		4.366		LOC118266319	uncharacterized LOC118266319	1228	6713934	6809195	
NC_064218.1_7102422	NC_064218.1	7102422		-4.094		LOC118266036	negative elongation factor B	9920	7091530	7093473	
NC_064218.1_7108438	NC_064218.1	7108438		4.022		LOC118266035	uncharacterized LOC118266035	13118	7093524	7149588	
NC_064218.1_7162933	NC_064218.1	7162933		-4.225		LOC118266038	uncharacterized LOC118266038	4485	7165211	7169625	
NC_064218.1_7162941	NC_064218.1	7162941		-4.174		LOC118266038	uncharacterized LOC118266038	4477	7165211	7169625	
NC_064218.1_7176506	NC_064218.1	7176506		-4.029		LOC118266240	uncharacterized LOC118266240	5652	7178039	7186277	
NC_064218.1_7259844	NC_064218.1	7259844		-4.212		LOC118265659	uncharacterized LOC118265659	1565	7260755	7262064	
NC_064218.1_7278073	NC_064218.1	7278073		-4.107		LOC118265999	growth arrest-specific protein 1-like	3023	7264464	7285635	
NC_064218.1_7346220	NC_064218.1	7346220		-4.131		LOC118265916	membralin	16981	7314294	7412108	
NC_064218.1_7470448	NC_064218.1	7470448		4.12		LOC118266420	carboxypeptidase B	82	7465676	7475385	
NC_064218.1_7634867	NC_064218.1	7634867		-4.054		LOC118266124	follistatin-A	10653	7631302	7659739	
NC_064218.1_7662912	NC_064218.1	7662912		-4.102		LOC118265963	mitotic spindle assembly checkpoint protein MAD1	3678	7660039	7673141	
NC_064218.1_7699867	NC_064218.1	7699867		-4.228		LOC118266469	tRNA selenocysteine 1-associated protein 1	740	7697316	7700937	
NC_064218.1_8492344	NC_064218.1	8492344		4.353		LOC118266310	uncharacterized LOC118266310	3179	8488433	8489896	
NC_064218.1_8678495	NC_064218.1	8678495		-4.036		LOC118266063	uncharacterized LOC118266063	2	8677601	8679393	
NC_064218.1_8788060	NC_064218.1	8788060		-4.446		LOC118266060	receptor-type tyrosine-protein phosphatase kappa	50754	8794585	8883043	
NC_064218.1_8789542	NC_064218.1	8789542		-4.12		LOC118266060	receptor-type tyrosine-protein phosphatase kappa	49272	8794585	8883043	
NC_064218.1_8791113	NC_064218.1	8791113		-4.345		LOC118266060	receptor-type tyrosine-protein phosphatase kappa	47701	8794585	8883043	
NC_064218.1_9070940	NC_064218.1	9070940		-4.43		LOC118266417	cuticle protein	2044	9068037	9069754	
NC_064218.1_9070943	NC_064218.1	9070943		-4.512		LOC118266417	cuticle protein	2047	9068037	9069754	
NC_064218.1_9070946	NC_064218.1	9070946		-4.896		LOC118266417	cuticle protein	2050	9068037	9069754	
NC_064218.1_9070949	NC_064218.1	9070949		-4.272		LOC118266417	cuticle protein	2053	9068037	9069754	
NC_064218.1_9109500	NC_064218.1	9109500		-4.654		LOC118271341	uncharacterized LOC118271341	4428	9104381	9105763	
NC_064218.1_9486125	NC_064218.1	9486125		-4.059		LOC118265774	FAS-associated factor 1	1484	9477514	9491768	
NC_064218.1_9566704	NC_064218.1	9566704		4.237		LOC118265767	transient receptor potential cation channel trpm	80400	9526395	9767814	离子/渗透
NC_064218.1_9567194	NC_064218.1	9567194		-4.093		LOC118265767	transient receptor potential cation channel trpm	79910	9526395	9767814	离子/渗透
NC_064218.1_9571323	NC_064218.1	9571323		4.11		LOC126910896	uncharacterized LOC126910896	24178	9590948	9600055	
NC_064218.1_9580076	NC_064218.1	9580076		4.146		LOC126910896	uncharacterized LOC126910896	15425	9590948	9600055	
NC_064218.1_9621682	NC_064218.1	9621682		-4.482		LOC118265767	transient receptor potential cation channel trpm	25422	9526395	9767814	离子/渗透
NC_064218.1_9621966	NC_064218.1	9621966		4.123		LOC118265767	transient receptor potential cation channel trpm	25138	9526395	9767814	离子/渗透
NC_064218.1_9688178	NC_064218.1	9688178		4.01		LOC118265777	venom carboxylesterase-6	6243	9689365	9699478	解毒/代谢
NC_064218.1_10032508	NC_064218.1	10032508		-4.078		LOC118266458	uncharacterized LOC118266458	10313	10036968	10048675	
NC_064218.1_10134128	NC_064218.1	10134128		4.183		LOC118266297	uncharacterized LOC118266297	9140	10123881	10126094	
NC_064218.1_10169484	NC_064218.1	10169484		4.805		LOC118266296	nicalin-1	8300	10156258	10166109	
NC_064218.1_10169485	NC_064218.1	10169485		4.793		LOC118266296	nicalin-1	8301	10156258	10166109	
NC_064218.1_10409606	NC_064218.1	10409606		-4.156		LOC118266246	uncharacterized LOC118266246	7732	10414153	10420523	
NC_064218.1_10436442	NC_064218.1	10436442		-4.167		LOC118265737	uncharacterized LOC118265737	1498	10436982	10438899	
NC_064218.1_10546967	NC_064218.1	10546967		-4.681		LOC118265723	protein prickle-like	4635	10484310	10618894	
NC_064218.1_10585466	NC_064218.1	10585466		4.017		LOC118265726	uncharacterized LOC118265726	9052	10592896	10596141	
NC_064218.1_10604584	NC_064218.1	10604584		-4.089		LOC118265726	uncharacterized LOC118265726	10065	10592896	10596141	
NC_064218.1_10912386	NC_064218.1	10912386		-4.032		LOC118265741	E3 ubiquitin-protein ligase NEDD4	11231	10904169	10943065	
NC_064218.1_10987798	NC_064218.1	10987798		-4.041		LOC118266121	focadhesin	2037	10982596	10997074	
NC_064218.1_11313618	NC_064218.1	11313618		-5.289		LOC118265753	zwei Ig domain protein zig-8	96557	11302196	11518154	
NC_064218.1_11362915	NC_064218.1	11362915		4.048		LOC118265751	ecdysone oxidase-like	14324	11376001	11378477	滞育/光周期
NC_064218.1_11499009	NC_064218.1	11499009		4.48		LOC118265753	zwei Ig domain protein zig-8	88834	11302196	11518154	
NC_064218.1_11575694	NC_064218.1	11575694		-4.036		LOC118266186	hemolymph lipopolysaccharide-binding protein	493	11575554	11576820	
NC_064218.1_11582131	NC_064218.1	11582131		4.266		LOC118266186	hemolymph lipopolysaccharide-binding protein	5944	11575554	11576820	
NC_064218.1_11765532	NC_064218.1	11765532		-4.326		LOC118265872	mucin-19	12138	11770087	11785253	
NC_064218.1_11850811	NC_064218.1	11850811		4.156		LOC118265842	pupal cuticle protein 36a-like	389	11850415	11851985	
NC_064218.1_11896178	NC_064218.1	11896178		4.322		LOC118266013	pupal cuticle protein 36	14941	11905920	11916318	
NC_064218.1_11896179	NC_064218.1	11896179		4.087		LOC118266013	pupal cuticle protein 36	14940	11905920	11916318	
NC_064218.1_12056689	NC_064218.1	12056689		-4.182		LOC118266524	endocuticle structural glycoprotein SgAbd-3-like	1896	12054388	12062782	
NC_064218.1_12150658	NC_064218.1	12150658		4.34		LOC118266125	augmin complex subunit dgt3	13699	12161396	12167318	
NC_064218.1_12161019	NC_064218.1	12161019		-4.071		LOC118266125	augmin complex subunit dgt3	3338	12161396	12167318	
NC_064218.1_12315419	NC_064218.1	12315419		-5.015		LOC118266270	phospholipid phosphatase 3	23544	12234824	12348925	
NC_064218.1_12386268	NC_064218.1	12386268		-4.302		LOC118265932	glutamate receptor 4-like	2642	12385481	12392340	
NC_064218.1_12390947	NC_064218.1	12390947		-4.341		LOC118265932	glutamate receptor 4-like	2036	12385481	12392340	
NC_064219.1_245901	NC_064219.1	245901		-4.147		LOC118267899	uncharacterized LOC118267899	7662	252923	254204	
NC_064219.1_272790	NC_064219.1	272790		-4.015		LOC118267899	uncharacterized LOC118267899	19226	252923	254204	
NC_064219.1_272791	NC_064219.1	272791		-4.01		LOC118267899	uncharacterized LOC118267899	19227	252923	254204	
NC_064219.1_361032	NC_064219.1	361032		-4.005		LOC118275872	protein turtle	34544	264467	388509	
NC_064219.1_439649	NC_064219.1	439649		-4.12		LOC118275777	papilin	4167	429831	441132	
NC_064219.1_564940	NC_064219.1	564940		-4.545		(基因间区)		-1			
NC_064219.1_1029134	NC_064219.1	1029134		-4.042		LOC118275684	hemicentin-1	16235	988471	1102267	
NC_064219.1_1047633	NC_064219.1	1047633		4.681		LOC118275684	hemicentin-1	2264	988471	1102267	
NC_064219.1_1108206	NC_064219.1	1108206		4.063		LOC118275684	hemicentin-1	62837	988471	1102267	
NC_064219.1_1218568	NC_064219.1	1218568		4.586		LOC118275848	neurexin-1	38785	1167558	1347148	
NC_064219.1_1264935	NC_064219.1	1264935		4.304		LOC118275848	neurexin-1	7582	1167558	1347148	
NC_064219.1_1318423	NC_064219.1	1318423		4.724		LOC118275850	prostaglandin reductase 1-like	9801	1327601	1328847	
NC_064219.1_1411907	NC_064219.1	1411907		4.062		LOC118275864	WD repeat-containing protein 20	4598	1411683	1421328	
NC_064219.1_2034563	NC_064219.1	2034563		4.03		(基因间区)		-1			
NC_064219.1_2371361	NC_064219.1	2371361		-4.115		LOC118275540	NADH-quinone oxidoreductase subunit B 2	15463	2349991	2361805	
NC_064219.1_2422783	NC_064219.1	2422783		-4.088		LOC118275538	neutral and basic amino acid transport protein rBAT	14287	2399298	2417694	
NC_064219.1_2423174	NC_064219.1	2423174		-4.435		LOC118275538	neutral and basic amino acid transport protein rBAT	14678	2399298	2417694	
NC_064219.1_2493349	NC_064219.1	2493349		-4.247		LOC118275352	uncharacterized LOC118275352	9303	2461498	2543806	
NC_064219.1_2636126	NC_064219.1	2636126		-4.34		LOC118275459	baculoviral IAP repeat-containing protein 6	3604	2607357	2657687	
NC_064219.1_2749325	NC_064219.1	2749325		-4.071		LOC118275461	papilin	34149	2660031	2770320	
NC_064219.1_2989548	NC_064219.1	2989548		5.359		LOC118275365	uncharacterized LOC118275365	3710	2971387	3000289	
NC_064219.1_2989550	NC_064219.1	2989550		5.041		LOC118275365	uncharacterized LOC118275365	3712	2971387	3000289	
NC_064219.1_2989558	NC_064219.1	2989558		5.568		LOC118275365	uncharacterized LOC118275365	3720	2971387	3000289	
NC_064219.1_3355818	NC_064219.1	3355818		-4.763		(基因间区)		-1			
NC_064219.1_3356277	NC_064219.1	3356277		4.042		(基因间区)		-1			
NC_064219.1_3644044	NC_064219.1	3644044		-4.291		LOC118275260	protein doublesex	70961	3622171	3807840	
NC_064219.1_3654321	NC_064219.1	3654321		-4.345		LOC118275260	protein doublesex	60684	3622171	3807840	
NC_064219.1_3698585	NC_064219.1	3698585		4.234		LOC118275260	protein doublesex	16420	3622171	3807840	
NC_064219.1_3698586	NC_064219.1	3698586		4.342		LOC118275260	protein doublesex	16419	3622171	3807840	
NC_064219.1_3838463	NC_064219.1	3838463		-4.004		LOC118275473	kelch repeat and BTB domain-containing protein 2	714	3835865	3842490	
NC_064219.1_3838470	NC_064219.1	3838470		-4.042		LOC118275473	kelch repeat and BTB domain-containing protein 2	707	3835865	3842490	
NC_064219.1_3838480	NC_064219.1	3838480		-4.238		LOC118275473	kelch repeat and BTB domain-containing protein 2	697	3835865	3842490	
NC_064219.1_4105896	NC_064219.1	4105896		4.359		LOC126910934	uncharacterized LOC126910934	7849	4096953	4099140	
NC_064219.1_4108125	NC_064219.1	4108125		4.153		LOC126910934	uncharacterized LOC126910934	10078	4096953	4099140	
NC_064219.1_4443926	NC_064219.1	4443926		-4.18		(基因间区)		-1			
NC_064219.1_4465754	NC_064219.1	4465754		4.13		(基因间区)		-1			
NC_064219.1_4469015	NC_064219.1	4469015		-4.4		(基因间区)		-1			
NC_064219.1_4504433	NC_064219.1	4504433		-4.111		(基因间区)		-1			
NC_064219.1_4580322	NC_064219.1	4580322		-4.087		LOC118275576	hemicentin-1-like	56880	4588693	4685711	
NC_064219.1_4606404	NC_064219.1	4606404		-4.012		LOC118275576	hemicentin-1-like	30798	4588693	4685711	
NC_064219.1_4608018	NC_064219.1	4608018		4.394		LOC118275576	hemicentin-1-like	29184	4588693	4685711	
NC_064219.1_4709303	NC_064219.1	4709303		-4.171		LOC118275292	dynein axonemal assembly factor 10	548	4708496	4711206	
NC_064219.1_4870941	NC_064219.1	4870941		-4.123		LOC118275924	synaptotagmin-16	1774	4863376	4874958	
NC_064219.1_4990615	NC_064219.1	4990615		-4.073		LOC118275766	putative helicase mov-10-B.1	9930	4991484	5009607	
NC_064219.1_5043644	NC_064219.1	5043644		-4.097		LOC118275648	uncharacterized LOC118275648	5118	5028557	5048495	
NC_064219.1_5119298	NC_064219.1	5119298		-4.384		LOC118275283	endocuticle structural glycoprotein ABD-5-like	2148	5120930	5121962	
NC_064219.1_5149836	NC_064219.1	5149836		5.468		LOC118275799	uncharacterized LOC118275799	128	5145903	5153513	
NC_064219.1_5155295	NC_064219.1	5155295		-4.06		LOC118275799	uncharacterized LOC118275799	5587	5145903	5153513	
NC_064219.1_5264275	NC_064219.1	5264275		-4.167		LOC118275867	elongation of very long chain fatty acids protein	872	5260370	5266435	
NC_064219.1_5342856	NC_064219.1	5342856		-4.558		LOC118275286	N-terminal kinase-like protein	1652	5334632	5347776	
NC_064219.1_5344109	NC_064219.1	5344109		-4.701		LOC118275286	N-terminal kinase-like protein	2905	5334632	5347776	
NC_064219.1_5598918	NC_064219.1	5598918		-4.023		LOC118275465	hemicentin-1	54776	5501660	5586623	
NC_064219.1_5760455	NC_064219.1	5760455		4.176		LOC118275466	synaptogenesis protein syg-2	863	5707563	5811621	
NC_064219.1_5785200	NC_064219.1	5785200		-4.018		LOC118275466	synaptogenesis protein syg-2	25608	5707563	5811621	
NC_064219.1_5837162	NC_064219.1	5837162		4.004		LOC126910975	uncharacterized LOC126910975	14869	5821882	5822703	
NC_064219.1_5856253	NC_064219.1	5856253		-4.12		LOC126910930	uncharacterized LOC126910930	13179	5867815	5871050	
NC_064219.1_6049276	NC_064219.1	6049276		4.212		LOC118282050	senecionine N-oxygenase	4292	6049057	6058080	
NC_064219.1_6232856	NC_064219.1	6232856		-4.577		LOC118275335	uncharacterized protein C14orf119	1495	6231312	6237390	
NC_064219.1_6265279	NC_064219.1	6265279		-4.222		LOC118275525	zinc transporter ZIP1	11569	6238039	6269380	
NC_064219.1_6422084	NC_064219.1	6422084		4.278		(基因间区)		-1			
NC_064219.1_6441620	NC_064219.1	6441620		-4.371		(基因间区)		-1			
NC_064219.1_6443594	NC_064219.1	6443594		-5.011		(基因间区)		-1			
NC_064219.1_6457208	NC_064219.1	6457208		-4.006		(基因间区)		-1			
NC_064219.1_6517669	NC_064219.1	6517669		-4.275		LOC118275511	uncharacterized LOC118275511	1732	6518595	6520208	
NC_064219.1_6517676	NC_064219.1	6517676		-4.386		LOC118275511	uncharacterized LOC118275511	1725	6518595	6520208	
NC_064219.1_6636604	NC_064219.1	6636604		-4.063		LOC118275625	C-1-tetrahydrofolate synthase, cytoplasmic-like	9975	6616052	6637206	
NC_064219.1_6661538	NC_064219.1	6661538		4.092		LOC118275627	WD repeat-containing protein 37	4843	6661364	6671398	
NC_064219.1_6695268	NC_064219.1	6695268		4.045		LOC126910939	JNK1/MAPK8-associated membrane protein	559	6694104	6697551	
NC_064219.1_6789790	NC_064219.1	6789790		4.462		LOC118275619	cell adhesion molecule Dscam2	23503	6752928	6873659	
NC_064219.1_6789910	NC_064219.1	6789910		-4.116		LOC118275619	cell adhesion molecule Dscam2	23383	6752928	6873659	
NC_064219.1_6799577	NC_064219.1	6799577		4.673		LOC118275619	cell adhesion molecule Dscam2	13716	6752928	6873659	
NC_064219.1_6799584	NC_064219.1	6799584		4.285		LOC118275619	cell adhesion molecule Dscam2	13709	6752928	6873659	
NC_064219.1_6799594	NC_064219.1	6799594		4.703		LOC118275619	cell adhesion molecule Dscam2	13699	6752928	6873659	
NC_064219.1_6812089	NC_064219.1	6812089		4.183		LOC118275619	cell adhesion molecule Dscam2	1204	6752928	6873659	
NC_064219.1_6824035	NC_064219.1	6824035		-4.439		LOC118275619	cell adhesion molecule Dscam2	10741	6752928	6873659	
NC_064219.1_6827435	NC_064219.1	6827435		4.06		LOC118275619	cell adhesion molecule Dscam2	14141	6752928	6873659	
NC_064219.1_6955791	NC_064219.1	6955791		-4.246		LOC118275300	uncharacterized LOC118275300	452	6943955	6968531	
NC_064219.1_6955807	NC_064219.1	6955807		-4.708		LOC118275300	uncharacterized LOC118275300	436	6943955	6968531	
NC_064219.1_6964938	NC_064219.1	6964938		-4.076		LOC118275310	uncharacterized LOC118275310	8375	6972431	6974196	
NC_064219.1_7063008	NC_064219.1	7063008		4.199		LOC118275616	testis-specific serine/threonine-protein kinase 2	2776	7059427	7061037	
NC_064219.1_7129735	NC_064219.1	7129735		4.273		LOC118275831	proline-, glutamic acid- and leucine-rich protein 1	21184	7075539	7141563	
NC_064219.1_7138949	NC_064219.1	7138949		-4.677		LOC126910978	AT-rich interactive domain-containing protein 4B-like	12309	7148928	7153589	
NC_064219.1_7184442	NC_064219.1	7184442		-4.651		LOC118275482	pre-mRNA-processing factor 39	2467	7182664	7191155	
NC_064219.1_7203793	NC_064219.1	7203793		4.072		LOC118275691	diphthine methyl ester synthase	1400	7203752	7206634	
NC_064219.1_7263530	NC_064219.1	7263530		-4.557		LOC118275329	cysteine synthase	5861	7255659	7259679	
NC_064219.1_7264953	NC_064219.1	7264953		4.094		LOC118275329	cysteine synthase	7284	7255659	7259679	
NC_064219.1_7269413	NC_064219.1	7269413		-4.346		LOC118275668	venom carboxylesterase-6	5338	7259867	7289636	解毒/代谢
NC_064219.1_7287940	NC_064219.1	7287940		4.782		LOC118275612	lipopolysaccharide-induced tumor necrosis factor-alpha factor homolog	5163	7291971	7294235	
NC_064219.1_7401015	NC_064219.1	7401015		-4.228		LOC118275633	uncharacterized LOC118275633	8808	7384455	7399959	
NC_064219.1_7401242	NC_064219.1	7401242		-4.514		LOC118275633	uncharacterized LOC118275633	9035	7384455	7399959	
NC_064219.1_7422342	NC_064219.1	7422342		4.23		LOC118275279	uncharacterized LOC118275279	1091	7418865	7423637	
NC_064219.1_7476220	NC_064219.1	7476220		-4.215		LOC118275902	presenilin-2	517	7473539	7477866	
NC_064219.1_7476270	NC_064219.1	7476270		4.493		LOC118275902	presenilin-2	567	7473539	7477866	
NC_064219.1_7495479	NC_064219.1	7495479		-4.219		LOC118275910	L-threonine dehydratase catabolic TdcB	775	7492731	7496677	
NC_064219.1_7496138	NC_064219.1	7496138		-4.45		LOC118275910	L-threonine dehydratase catabolic TdcB	1434	7492731	7496677	
NC_064219.1_7496168	NC_064219.1	7496168		-4.69		LOC118275910	L-threonine dehydratase catabolic TdcB	1464	7492731	7496677	
NC_064219.1_7503532	NC_064219.1	7503532		4.215		LOC118275912	L-threonine dehydratase catabolic TdcB-like	1964	7498928	7504207	
NC_064219.1_7515473	NC_064219.1	7515473		-4.268		LOC118275915	L-threonine ammonia-lyase	1493	7511573	7516386	
NC_064219.1_7515474	NC_064219.1	7515474		-4.293		LOC118275915	L-threonine ammonia-lyase	1494	7511573	7516386	
NC_064219.1_7515498	NC_064219.1	7515498		-4.145		LOC118275915	L-threonine ammonia-lyase	1518	7511573	7516386	
NC_064219.1_7515575	NC_064219.1	7515575		-5.157		LOC118275915	L-threonine ammonia-lyase	1595	7511573	7516386	
NC_064219.1_7515737	NC_064219.1	7515737		-4.948		LOC126910947	uncharacterized LOC126910947	1582	7516849	7517790	
NC_064219.1_7534025	NC_064219.1	7534025		4.288		LOC118275918	DNA-directed RNA polymerase II subunit RPB3	409	7533924	7534945	
NC_064219.1_7577705	NC_064219.1	7577705		4.031		LOC118275761	kinesin-like protein KIF18A	1682	7568799	7583247	
NC_064219.1_7767658	NC_064219.1	7767658		4.217		LOC118275764	uncharacterized LOC118275764	13240	7753858	7754977	
NC_064219.1_7843403	NC_064219.1	7843403		-4.135		LOC118275285	zinc finger protein 541	19571	7679776	7967888	
NC_064219.1_7895763	NC_064219.1	7895763		-4.088		Trnak-uuu	transfer RNA lysine (anticodon UUU)	18513	7914240	7914312	
NC_064219.1_8051245	NC_064219.1	8051245		4.295		LOC118275607	28S ribosomal protein S5, mitochondrial	290	8050241	8052830	
NC_064219.1_8278084	NC_064219.1	8278084		4.116		LOC118275515	uncharacterized LOC118275515	34459	8144795	8342454	
NC_064219.1_8424835	NC_064219.1	8424835		4.046		(基因间区)		-1			
NC_064219.1_8428504	NC_064219.1	8428504		-4.432		(基因间区)		-1			
NC_064219.1_8551053	NC_064219.1	8551053		4.102		LOC118275514	uncharacterized LOC118275514	15094	8495387	8636908	
NC_064219.1_8551090	NC_064219.1	8551090		-4.102		LOC118275514	uncharacterized LOC118275514	15057	8495387	8636908	
NC_064219.1_8625551	NC_064219.1	8625551		-4.281		LOC118275456	lysM and putative peptidoglycan-binding domain-containing protein 2	26832	8638110	8666656	
NC_064219.1_8642473	NC_064219.1	8642473		-4.051		LOC118275456	lysM and putative peptidoglycan-binding domain-containing protein 2	9910	8638110	8666656	
NC_064219.1_8659509	NC_064219.1	8659509		4.084		LOC118275456	lysM and putative peptidoglycan-binding domain-containing protein 2	7126	8638110	8666656	
NC_064219.1_8698433	NC_064219.1	8698433		-4.3		LOC118281530	uncharacterized LOC118281530	8755	8704698	8709678	
NC_064219.1_8805206	NC_064219.1	8805206		4.052		LOC118275814	electron transfer flavoprotein subunit beta	2909	8806476	8809755	
NC_064219.1_8835697	NC_064219.1	8835697		-4.47		LOC118275349	uncharacterized LOC118275349	4545	8828106	8834198	
NC_064219.1_8948183	NC_064219.1	8948183		4.26		LOC118275458	dynein regulatory complex subunit 7	24107	8899869	9044711	
NC_064219.1_8952820	NC_064219.1	8952820		-4.414		LOC118275458	dynein regulatory complex subunit 7	19470	8899869	9044711	
NC_064219.1_9023822	NC_064219.1	9023822		-4.253		LOC118275458	dynein regulatory complex subunit 7	51532	8899869	9044711	
NC_064219.1_9351522	NC_064219.1	9351522		4.016		LOC126910918	uncharacterized LOC126910918	20834	9371331	9373382	
NC_064219.1_9685671	NC_064219.1	9685671		4.534		LOC118275598	uncharacterized LOC118275598	11518	9690797	9703581	
NC_064219.1_9983730	NC_064219.1	9983730		4.198		LOC118275871	para-nitrobenzyl esterase-like	406	9981957	9984691	解毒/代谢
NC_064219.1_10077369	NC_064219.1	10077369		-4.055		LOC118275496	sodium/calcium exchanger 1	33433	10045772	10175832	离子/渗透
NC_064219.1_10393483	NC_064219.1	10393483		4.427		LOC118275504	molybdopterin synthase catalytic subunit	1457	10384808	10399243	
NC_064219.1_10556540	NC_064219.1	10556540		-4.184		LOC126910967	homeobox protein homothorax-like	21511	10566380	10589722	
NC_064219.1_10704362	NC_064219.1	10704362		4.026		LOC118275404	homeobox protein homothorax	42944	10686901	10807712	
NC_064219.1_10796438	NC_064219.1	10796438		-4.474		LOC118275404	homeobox protein homothorax	49131	10686901	10807712	
NC_064219.1_10861393	NC_064219.1	10861393		4.303		LOC118275399	ribosome quality control complex subunit NEMF homolog	3185	10856118	10873039	
NC_064219.1_10867490	NC_064219.1	10867490		-4.181		LOC118275399	ribosome quality control complex subunit NEMF homolog	2911	10856118	10873039	
NC_064219.1_10882537	NC_064219.1	10882537		4.48		LOC118275409	uncharacterized LOC118275409	962	10882904	10884095	
NC_064219.1_10882544	NC_064219.1	10882544		5.074		LOC118275409	uncharacterized LOC118275409	955	10882904	10884095	
NC_064219.1_10959937	NC_064219.1	10959937		4.289		LOC118275412	EEF1A lysine methyltransferase 1	6144	10952535	10955050	解毒/代谢
NC_064219.1_10960028	NC_064219.1	10960028		-4.131		LOC118275412	EEF1A lysine methyltransferase 1	6235	10952535	10955050	解毒/代谢
NC_064219.1_10960239	NC_064219.1	10960239		5.093		LOC118275412	EEF1A lysine methyltransferase 1	6446	10952535	10955050	解毒/代谢
NC_064219.1_10960689	NC_064219.1	10960689		4.283		LOC118275412	EEF1A lysine methyltransferase 1	6896	10952535	10955050	解毒/代谢
NC_064219.1_10977003	NC_064219.1	10977003		-4.051		LOC118275396	kinesin-like protein Klp98A	8461	10960563	11010366	
NC_064219.1_11056299	NC_064219.1	11056299		4.398		LOC118275698	DNA-directed RNA polymerase III subunit RPC1	7112	11034454	11063920	
NC_064219.1_11126719	NC_064219.1	11126719		-4.127		LOC118275696	thyroid transcription factor 1	12661	11120475	11158285	
NC_064219.1_11157181	NC_064219.1	11157181		-4.145		LOC118275696	thyroid transcription factor 1	17801	11120475	11158285	
NC_064219.1_11205744	NC_064219.1	11205744		-4.299		LOC118275810	ribosome-releasing factor 2, mitochondrial	5051	11194558	11206828	
NC_064219.1_11304583	NC_064219.1	11304583		4.363		LOC118275449	transcription initiation factor TFIID subunit 7	4360	11299398	11301048	
NC_064219.1_11426018	NC_064219.1	11426018		-4.041		LOC118275372	putative inactive tyrosine-protein kinase Wsck	12032	11411960	11416011	
NC_064219.1_11613018	NC_064219.1	11613018		4.012		LOC118275562	high affinity copper uptake protein 1	7326	11590243	11621141	滞育/光周期
NC_064219.1_11725817	NC_064219.1	11725817		-4.401		(基因间区)		-1			
NC_064219.1_11745252	NC_064219.1	11745252		-4.593		(基因间区)		-1			
NC_064220.1_106497	NC_064220.1	106497		-4.322		LOC118271273	uncharacterized LOC118271273	44194	15067	109539	
NC_064220.1_279635	NC_064220.1	279635		-4.534		(基因间区)		-1			
NC_064220.1_495772	NC_064220.1	495772		-4.25		LOC118271392	uncharacterized LOC118271392	3748	490867	493180	
NC_064220.1_699419	NC_064220.1	699419		-4.148		LOC118271087	ankyrin repeat and LEM domain-containing protein 2	5644	683449	704101	
NC_064220.1_748173	NC_064220.1	748173		-4.031		LOC118271389	RIB43A-like with coiled-coils protein 2	14828	730968	735721	
NC_064220.1_790325	NC_064220.1	790325		4.863		LOC118271388	uncharacterized LOC118271388	2143	736741	839622	
NC_064220.1_915771	NC_064220.1	915771		4.073		LOC118271212	intraflagellar transport protein 57 homolog	5060	920216	921446	
NC_064220.1_1015865	NC_064220.1	1015865		4.42		LOC118271113	MIT domain-containing protein 1	5978	1021122	1022564	
NC_064220.1_1032289	NC_064220.1	1032289		-4.123		LOC118271117	DNA-directed RNA polymerase III subunit RPC3	4044	1023083	1033407	
NC_064220.1_1162045	NC_064220.1	1162045		-4.044		LOC118271225	ubiquitin-like protein 3	50531	1034045	1188983	
NC_064220.1_1216436	NC_064220.1	1216436		4.015		LOC118270908	cleavage and polyadenylation specificity factor subunit 6	19748	1189835	1203541	
NC_064220.1_1216442	NC_064220.1	1216442		4.42		LOC118270908	cleavage and polyadenylation specificity factor subunit 6	19754	1189835	1203541	
NC_064220.1_1584692	NC_064220.1	1584692		-4.738		LOC126911043	uncharacterized LOC126911043	18896	1602418	1604758	
NC_064220.1_1584693	NC_064220.1	1584693		-4.51		LOC126911043	uncharacterized LOC126911043	18895	1602418	1604758	
NC_064220.1_1697931	NC_064220.1	1697931		4.473		LOC118271253	head-specific guanylate cyclase	29688	1675119	1780119	
NC_064220.1_1717892	NC_064220.1	1717892		-4.023		LOC118271253	head-specific guanylate cyclase	9727	1675119	1780119	
NC_064220.1_1787435	NC_064220.1	1787435		4.382		LOC118271253	head-specific guanylate cyclase	59816	1675119	1780119	
NC_064220.1_1983907	NC_064220.1	1983907		-4.315		LOC118271249	uncharacterized LOC118271249	10038	1972787	1974950	
NC_064220.1_1988055	NC_064220.1	1988055		4.658		LOC118271180	AT-rich interactive domain-containing protein 2	8458	1979058	2013968	
NC_064220.1_2106469	NC_064220.1	2106469		-4.229		LOC118271319	AF4/FMR2 family member 3	10676	2025861	2208429	
NC_064220.1_2118140	NC_064220.1	2118140		4.231		LOC118271319	AF4/FMR2 family member 3	995	2025861	2208429	
NC_064220.1_2266647	NC_064220.1	2266647		-4.264		LOC118270892	protein king tubby	4677	2253986	2269954	
NC_064220.1_2266648	NC_064220.1	2266648		-4.468		LOC118270892	protein king tubby	4678	2253986	2269954	
NC_064220.1_2592843	NC_064220.1	2592843		-4.215		(基因间区)		-1			
NC_064220.1_2610464	NC_064220.1	2610464		4.177		(基因间区)		-1			
NC_064220.1_2814421	NC_064220.1	2814421		-4.294		LOC126911074	uncharacterized LOC126911074	13377	2824296	2831301	
NC_064220.1_2872973	NC_064220.1	2872973		-4.049		LOC126911032	uncharacterized LOC126911032	2069	2874034	2876051	
NC_064220.1_3113590	NC_064220.1	3113590		4.085		LOC118279021	uncharacterized LOC118279021	13361	3123885	3130018	
NC_064220.1_3224942	NC_064220.1	3224942		4.851		LOC118271352	leucine-rich repeat-containing protein 24	5111	3172859	3266802	
NC_064220.1_3228096	NC_064220.1	3228096		-4.286		LOC118271352	leucine-rich repeat-containing protein 24	8265	3172859	3266802	
NC_064220.1_3229450	NC_064220.1	3229450		4.365		LOC118271352	leucine-rich repeat-containing protein 24	9619	3172859	3266802	
NC_064220.1_3674179	NC_064220.1	3674179		4.308		LOC118271078	protein Fe65 homolog	3677	3632274	3708730	
NC_064220.1_3674180	NC_064220.1	3674180		4.095		LOC118271078	protein Fe65 homolog	3678	3632274	3708730	
NC_064220.1_3684708	NC_064220.1	3684708		4.104		LOC118271078	protein Fe65 homolog	14206	3632274	3708730	
NC_064220.1_3684710	NC_064220.1	3684710		4.569		LOC118271078	protein Fe65 homolog	14208	3632274	3708730	
NC_064220.1_3697436	NC_064220.1	3697436		4.104		LOC118271078	protein Fe65 homolog	26934	3632274	3708730	
NC_064220.1_3756604	NC_064220.1	3756604		4.103		LOC118271346	uncharacterized LOC118271346	28655	3711378	3859140	
NC_064220.1_3826481	NC_064220.1	3826481		-4.056		LOC118271346	uncharacterized LOC118271346	41222	3711378	3859140	
NC_064220.1_3864351	NC_064220.1	3864351		-4.123		LOC118271077	uncharacterized LOC118271077	1	3861447	3867257	
NC_064220.1_3884337	NC_064220.1	3884337		-4.389		LOC118270965	uncharacterized LOC118270965	4412	3878597	3881252	
NC_064220.1_3938336	NC_064220.1	3938336		-4.766		LOC118270964	rho GTPase-activating protein 6	11099	3881242	3973232	
NC_064220.1_3987193	NC_064220.1	3987193		-4.257		LOC118271191	uncharacterized LOC118271191	6156	3978981	3983093	
NC_064220.1_4187696	NC_064220.1	4187696		4.511		LOC118270887	neurobeachin	88779	4093985	4458965	
NC_064220.1_4467481	NC_064220.1	4467481		-4.033		LOC118270886	septin-2	4537	4459310	4466577	
NC_064220.1_4472881	NC_064220.1	4472881		-4.023		LOC118270886	septin-2	9937	4459310	4466577	
NC_064220.1_4479385	NC_064220.1	4479385		-4.084		LOC118270886	septin-2	16441	4459310	4466577	
NC_064220.1_4482996	NC_064220.1	4482996		-4.348		LOC118270884	GAS2-like protein 3	13398	4467745	4525043	
NC_064220.1_4542631	NC_064220.1	4542631		-4.106		LOC118271133	uncharacterized LOC118271133	7253	4534204	4536552	
NC_064220.1_4548809	NC_064220.1	4548809		-4.202		LOC118270958	kinesin-like protein Klp68D	2058	4537985	4563750	
NC_064220.1_4616676	NC_064220.1	4616676		-4.043		LOC118271105	lutropin-choriogonadotropic hormone receptor	6247	4605548	4640299	
NC_064220.1_4706977	NC_064220.1	4706977		-4.553		(基因间区)		-1			
NC_064220.1_5108170	NC_064220.1	5108170		5.163		LOC118271169	multidrug resistance protein homolog 49-like	6143	5090709	5113345	
NC_064220.1_5140174	NC_064220.1	5140174		-4.034		LOC118271172	DNA topoisomerase 3-beta-1	5415	5128773	5140744	
NC_064220.1_5358585	NC_064220.1	5358585		4.065		LOC118271251	probable cytochrome P450 49a1	16559	5361243	5389046	氧化应激
NC_064220.1_5410614	NC_064220.1	5410614		4.017		LOC118271484	mucin-2	14379	5389362	5460625	
NC_064220.1_5450170	NC_064220.1	5450170		-4.02		LOC118271484	mucin-2	25176	5389362	5460625	
NC_064220.1_5467260	NC_064220.1	5467260		-4.037		LOC118271484	mucin-2	42266	5389362	5460625	
NC_064220.1_5962262	NC_064220.1	5962262		4.456		LOC118271123	immunoglobulin superfamily containing leucine-rich repeat protein	155268	5616557	5997430	
NC_064220.1_6212644	NC_064220.1	6212644		-4.365		LOC118271477	carboxypeptidase B-like	1112	6211982	6215530	
NC_064220.1_6335719	NC_064220.1	6335719		4.086		LOC118271479	venom acid phosphatase Acph-1	22493	6301873	6324579	
NC_064220.1_6629302	NC_064220.1	6629302		-4.326		LOC118271527	U12 minor spliceosomal RNA	16921	6646150	6646297	
NC_064220.1_7078307	NC_064220.1	7078307		-4.352		LOC126911050	uncharacterized LOC126911050	4628	7079730	7086141	
NC_064220.1_7379718	NC_064220.1	7379718		-4.122		LOC126911003	uncharacterized LOC126911003	7997	7369324	7374118	
NC_064220.1_7421266	NC_064220.1	7421266		-4.074		LOC118271503	NEDD8 ultimate buster 1-like	5547	7408832	7422605	
NC_064220.1_7495569	NC_064220.1	7495569		-4.14		LOC118271510	neuropeptides capa receptor-like	5020	7454998	7546181	
NC_064220.1_7553948	NC_064220.1	7553948		-4.145		LOC118271198	metallothionein 10-IV-like	7678	7549368	7573884	
NC_064220.1_7650794	NC_064220.1	7650794		-4.149		LOC118271394	cytochrome b5-like	18638	7628016	7636295	
NC_064220.1_7652628	NC_064220.1	7652628		-4.026		LOC118271332	prothoracicostatic peptides	19742	7647886	7696855	
NC_064220.1_7685346	NC_064220.1	7685346		-4.095		LOC118271332	prothoracicostatic peptides	12975	7647886	7696855	
NC_064220.1_7698345	NC_064220.1	7698345		-4.369		LOC118271131	prolyl 3-hydroxylase sudestada1	16274	7712819	7716420	
NC_064220.1_7780924	NC_064220.1	7780924		-4.607		LOC118270991	rho GTPase-activating protein Graf	3161	7773854	7794317	
NC_064220.1_7780945	NC_064220.1	7780945		-4.365		LOC118270991	rho GTPase-activating protein Graf	3140	7773854	7794317	
NC_064220.1_7780988	NC_064220.1	7780988		-4.083		LOC118270991	rho GTPase-activating protein Graf	3097	7773854	7794317	
NC_064220.1_7875311	NC_064220.1	7875311		-4.099		LOC126911062	hemicentin-1-like	7122	7860445	7875932	
NC_064220.1_7875870	NC_064220.1	7875870		-4.472		LOC126911062	hemicentin-1-like	7681	7860445	7875932	
NC_064220.1_7882416	NC_064220.1	7882416		4.124		LOC118271100	hemicentin-1	7417	7882879	7896788	
NC_064220.1_7998068	NC_064220.1	7998068		-4.013		LOC118270970	transcription factor SOX-6	85582	7951024	8216277	
NC_064220.1_8114201	NC_064220.1	8114201		4.015		LOC118270970	transcription factor SOX-6	30550	7951024	8216277	
NC_064220.1_8134111	NC_064220.1	8134111		-4.339		LOC118270970	transcription factor SOX-6	50460	7951024	8216277	
NC_064220.1_8161433	NC_064220.1	8161433		-4.415		LOC118270970	transcription factor SOX-6	77782	7951024	8216277	
NC_064220.1_8161436	NC_064220.1	8161436		-4.451		LOC118270970	transcription factor SOX-6	77785	7951024	8216277	
NC_064220.1_8884924	NC_064220.1	8884924		4.276		LOC118271380	paired box protein Pax-6	7543	8865847	8919087	
NC_064220.1_9176127	NC_064220.1	9176127		-4.017		LOC126911030	uncharacterized LOC126911030	8285	9183597	9185228	
NC_064220.1_9177820	NC_064220.1	9177820		-4.066		LOC126911030	uncharacterized LOC126911030	6592	9183597	9185228	
NC_064220.1_9218509	NC_064220.1	9218509		-4.397		LOC118271083	neuropeptides capa receptor-like	33230	9110902	9259656	
NC_064220.1_9231943	NC_064220.1	9231943		-4.086		LOC118271083	neuropeptides capa receptor-like	46664	9110902	9259656	
NC_064220.1_9254612	NC_064220.1	9254612		-4.175		LOC118271083	neuropeptides capa receptor-like	69333	9110902	9259656	
NC_064220.1_9290314	NC_064220.1	9290314		4.103		LOC126911004	uncharacterized LOC126911004	8732	9281126	9282037	
NC_064220.1_9372690	NC_064220.1	9372690		4.065		LOC118271127	stromal interaction molecule homolog	18836	9325445	9382263	
NC_064220.1_9478491	NC_064220.1	9478491		4.212		LOC118271449	uncharacterized LOC118271449	1568	9478685	9481434	
NC_064220.1_9560140	NC_064220.1	9560140		-4.022		LOC126911006	fibrohexamerin-like	797	9559675	9562199	
NC_064220.1_9786779	NC_064220.1	9786779		-4.331		LOC118271156	uncharacterized LOC118271156	13645	9793410	9807438	
NC_064220.1_10011178	NC_064220.1	10011178		4.289		LOC118270959	cyclin-dependent kinase inhibitor 1	32414	9957605	9999923	
NC_064220.1_10042795	NC_064220.1	10042795		-4.114		LOC118271037	uncharacterized LOC118271037	1231	10040893	10042234	
NC_064220.1_10138418	NC_064220.1	10138418		-4.547		LOC118271318	uncharacterized LOC118271318	7554	10119164	10142563	
NC_064220.1_10147689	NC_064220.1	10147689		-4.21		LOC118270901	protein FAM114A2	10769	10154561	10162356	
NC_064220.1_10209569	NC_064220.1	10209569		-4.046		LOC118271277	protein kibra	15850	10162848	10224589	
NC_064220.1_10354475	NC_064220.1	10354475		4.333		Trnaf-gaa	transfer RNA phenylalanine (anticodon GAA)	4087	10350352	10350424	
NC_064220.1_10356332	NC_064220.1	10356332		4.056		Trnaf-gaa	transfer RNA phenylalanine (anticodon GAA)	5944	10350352	10350424	
NC_064220.1_10442660	NC_064220.1	10442660		-4.628		LOC126911031	uncharacterized LOC126911031	7798	10432134	10437589	
NC_064220.1_10609299	NC_064220.1	10609299		4.775		LOC118271243	RNA-binding protein 41	2215	10608200	10614828	
NC_064220.1_10614768	NC_064220.1	10614768		-4.424		LOC118271243	RNA-binding protein 41	3254	10608200	10614828	
NC_064220.1_10670528	NC_064220.1	10670528		4.017		LOC118271116	SWI/SNF-related matrix-associated actin-dependent regulator of chromatin subfamily E member 1	20162	10645046	10655685	
NC_064220.1_10696578	NC_064220.1	10696578		4.115		(基因间区)		-1			
NC_064220.1_10789009	NC_064220.1	10789009		-4.301		LOC126911059	uncharacterized LOC126911059	9160	10797721	10798617	
NC_064220.1_11040974	NC_064220.1	11040974		4.271		LOC118271233	myotubularin-related protein 5	44390	11042435	11128294	
NC_064220.1_11043028	NC_064220.1	11043028		-4.668		LOC118271233	myotubularin-related protein 5	42336	11042435	11128294	
NC_064220.1_11142510	NC_064220.1	11142510		-4.179		Trnaw-cca	transfer RNA tryptophan (anticodon CCA)	4172	11138302	11138373	
NC_064220.1_11182297	NC_064220.1	11182297		-4.576		LOC118271336	protein arginine methyltransferase NDUFAF7 homolog, mitochondrial	12373	11193598	11195743	解毒/代谢
NC_064220.1_11211470	NC_064220.1	11211470		-4.343		LOC118271377	uncharacterized LOC118271377	1319	11206308	11213993	
NC_064220.1_11326675	NC_064220.1	11326675		-4.366		LOC118270903	uncharacterized LOC118270903	19946	11345152	11348090	
NC_064220.1_11326685	NC_064220.1	11326685		-4.215		LOC118270903	uncharacterized LOC118270903	19936	11345152	11348090	
NC_064220.1_11487109	NC_064220.1	11487109		-4.214		LOC126911077	uncharacterized LOC126911077	8177	11478020	11479843	
NC_064221.1_46437	NC_064221.1	46437		-4.38		LOC118277667	prolow-density lipoprotein receptor-related protein 1	21653	41374	94806	
NC_064221.1_86470	NC_064221.1	86470		-4.135		LOC118277500	DNA ligase 1	13856	95634	105018	
NC_064221.1_112807	NC_064221.1	112807		4.196		LOC118277320	terminal nucleotidyltransferase 4B	1345	105909	117015	解毒/代谢
NC_064221.1_131803	NC_064221.1	131803		4.106		LOC118277643	uncharacterized LOC118277643	16865	147035	150302	
NC_064221.1_367167	NC_064221.1	367167		4.159		LOC118277507	chondroitin proteoglycan 1	8118	355207	395363	
NC_064221.1_558288	NC_064221.1	558288		-4.151		LOC118277403	pancreatic triacylglycerol lipase-like	800	557347	560829	
NC_064221.1_574881	NC_064221.1	574881		4.131		LOC118277405	pancreatic triacylglycerol lipase	9658	562786	567659	
NC_064221.1_677440	NC_064221.1	677440		4.212		LOC118277730	protein CBFA2T3	14735	633015	692394	
NC_064221.1_684146	NC_064221.1	684146		-4.11		LOC118277492	uncharacterized LOC118277492	12770	696370	697463	
NC_064221.1_728634	NC_064221.1	728634		-4.074		LOC118277551	ubiquitin-conjugating enzyme E2 T-like	12107	715927	717127	
NC_064221.1_801581	NC_064221.1	801581		4.085		LOC118277091	von Hippel-Lindau disease tumor suppressor-like	1213	800121	800615	
NC_064221.1_913177	NC_064221.1	913177		-4.344		LOC126911089	uncharacterized LOC126911089	3241	890519	942317	
NC_064221.1_949807	NC_064221.1	949807		4.042		LOC118277389	activin receptor type-1	4842	949579	959720	
NC_064221.1_952415	NC_064221.1	952415		-4.056		LOC118277389	activin receptor type-1	2234	949579	959720	
NC_064221.1_960752	NC_064221.1	960752		-4.172		LOC126911087	uncharacterized LOC126911087	1505	960117	964397	
NC_064221.1_1102290	NC_064221.1	1102290		-4.635		LOC118277568	uncharacterized LOC118277568	46588	1083972	1213784	
NC_064221.1_1160621	NC_064221.1	1160621		4.078		LOC118277568	uncharacterized LOC118277568	11743	1083972	1213784	
NC_064221.1_1217589	NC_064221.1	1217589		-4.048		LOC118277561	digestive cysteine proteinase 2	5374	1218739	1227187	
NC_064221.1_1755402	NC_064221.1	1755402		4.304		LOC126911100	uncharacterized LOC126911100	19490	1774083	1775701	
NC_064221.1_1777748	NC_064221.1	1777748		-4.071		LOC126911100	uncharacterized LOC126911100	2856	1774083	1775701	
NC_064221.1_1826572	NC_064221.1	1826572		4.075		LOC118277474	snake venom 5'-nucleotidase	3393	1816182	1843749	
NC_064221.1_1856112	NC_064221.1	1856112		4.075		LOC118277675	lactase/phlorizin hydrolase	2137	1848480	1868018	
NC_064221.1_1878901	NC_064221.1	1878901		-4.021		LOC118277490	myrosinase 1-like	839	1873246	1886234	
NC_064221.1_1944388	NC_064221.1	1944388		4.341		LOC118277669	myrosinase 1-like	4527	1943482	1954348	
NC_064221.1_2007507	NC_064221.1	2007507		4.056		LOC118277635	protein LTV1 homolog	1451	2005107	2012810	
NC_064221.1_2042926	NC_064221.1	2042926		4.145		LOC118277501	uncharacterized LOC118277501	3124	2042896	2049204	
NC_064221.1_2078433	NC_064221.1	2078433		-4.442		LOC118277442	KH domain-containing, RNA-binding, signal transduction-associated protein 2	171371	2080680	2418928	
NC_064221.1_2116776	NC_064221.1	2116776		-4.038		LOC118277445	uncharacterized LOC118277445	10605	2126988	2127774	
NC_064221.1_2216468	NC_064221.1	2216468		-4.597		LOC118277442	KH domain-containing, RNA-binding, signal transduction-associated protein 2	33336	2080680	2418928	
NC_064221.1_2259216	NC_064221.1	2259216		-4.571		LOC118277442	KH domain-containing, RNA-binding, signal transduction-associated protein 2	9412	2080680	2418928	
NC_064221.1_2504137	NC_064221.1	2504137		-5.394		LOC118277115	uncharacterized LOC118277115	3218	2501321	2513390	
NC_064221.1_2545054	NC_064221.1	2545054		-4.147		LOC118277118	zinc transporter 2	1231	2528216	2559429	
NC_064221.1_2703997	NC_064221.1	2703997		-4.086		LOC126911105	uncharacterized LOC126911105	16622	2719830	2721408	
NC_064221.1_2856763	NC_064221.1	2856763		-4.537		LOC118277108	uncharacterized LOC118277108	4342	2809134	2913077	
NC_064221.1_3017832	NC_064221.1	3017832		-4.072		LOC118277129	NF-kappa-B inhibitor-interacting Ras-like protein	2101	3013112	3018349	
NC_064221.1_3131774	NC_064221.1	3131774		-4.504		LOC118277334	uncharacterized LOC118277334	2187	3130450	3137472	
NC_064221.1_3205478	NC_064221.1	3205478		4.023		LOC118277326	glutathione synthetase	5779	3201880	3220634	氧化应激
NC_064221.1_3749653	NC_064221.1	3749653		4.63		LOC118277549	exportin-2	2673	3739985	3764667	
NC_064221.1_3749661	NC_064221.1	3749661		4.119		LOC118277549	exportin-2	2665	3739985	3764667	
NC_064221.1_3757109	NC_064221.1	3757109		-4.003		LOC118277549	exportin-2	4783	3739985	3764667	
NC_064221.1_3771796	NC_064221.1	3771796		4.296		LOC118277094	ornithine decarboxylase 1	11633	3766169	3800690	
NC_064221.1_3864166	NC_064221.1	3864166		4.625		LOC118277333	transmembrane protein 68	11490	3853545	3897768	
NC_064221.1_3876966	NC_064221.1	3876966		-4.178		LOC118277333	transmembrane protein 68	1309	3853545	3897768	
NC_064221.1_4022183	NC_064221.1	4022183		-4.083		LOC118277072	uncharacterized LOC118277072	252	4013006	4031865	
NC_064221.1_4165567	NC_064221.1	4165567		-4.297		LOC118277059	RNA-binding protein fusilli	39523	4073215	4178873	
NC_064221.1_4278038	NC_064221.1	4278038		4.108		LOC118277344	death-associated protein 1	1944	4273064	4279123	
NC_064221.1_4449638	NC_064221.1	4449638		-4.066		LOC118277526	phosphoenolpyruvate carboxykinase [GTP]	15416	4441477	4488631	
NC_064221.1_4451670	NC_064221.1	4451670		-4.18		LOC118277526	phosphoenolpyruvate carboxykinase [GTP]	13384	4441477	4488631	
NC_064221.1_4611475	NC_064221.1	4611475		4.074		LOC118277352	uncharacterized LOC118277352	17785	4554073	4633306	
NC_064221.1_4717696	NC_064221.1	4717696		-4.023		LOC118277187	uncharacterized LOC118277187	748	4717614	4719274	
NC_064221.1_4736385	NC_064221.1	4736385		-4.01		LOC118277183	peptidyl-prolyl cis-trans isomerase Fkbp12	1748	4736096	4740171	
NC_064221.1_4762134	NC_064221.1	4762134		4.214		LOC118277156	probable salivary secreted peptide	5171	4765739	4768871	
NC_064221.1_4972995	NC_064221.1	4972995		-4.091		LOC118277170	uncharacterized LOC118277170	62	4971093	4974773	
NC_064221.1_5033582	NC_064221.1	5033582		-4.298		LOC126911131	uncharacterized LOC126911131	2391	5029118	5033264	
NC_064221.1_5181567	NC_064221.1	5181567		4.287		LOC118277519	eukaryotic translation initiation factor 2 subunit 1	5688	5185321	5189189	
NC_064221.1_5183371	NC_064221.1	5183371		-4.473		LOC118277519	eukaryotic translation initiation factor 2 subunit 1	3884	5185321	5189189	
NC_064221.1_5237155	NC_064221.1	5237155		-4.044		LOC118277284	uncharacterized LOC118277284	653	5225756	5247247	
NC_064221.1_5541476	NC_064221.1	5541476		-5.113		(基因间区)		-1			
NC_064221.1_5592351	NC_064221.1	5592351		4.307		(基因间区)		-1			
NC_064221.1_5603868	NC_064221.1	5603868		-4.134		(基因间区)		-1			
NC_064221.1_5691026	NC_064221.1	5691026		-4.358		LOC118277535	ras-responsive element-binding protein 1-like	9733	5668801	5693785	
NC_064221.1_5858618	NC_064221.1	5858618		4.552		LOC118277302	focal adhesion kinase 1	22849	5747835	5923702	
NC_064221.1_6021489	NC_064221.1	6021489		4.081		LOC118277092	A disintegrin and metalloproteinase with thrombospondin motifs 16	49004	5992528	6148458	
NC_064221.1_6192091	NC_064221.1	6192091		4.062		LOC118277387	putative transcription factor SOX-15	56709	6183703	6313898	
NC_064221.1_6253010	NC_064221.1	6253010		-4.134		LOC118277387	putative transcription factor SOX-15	4209	6183703	6313898	
NC_064221.1_6639446	NC_064221.1	6639446		-4.418		LOC118277747	sister chromatid cohesion protein PDS5 homolog B	10480	6603958	6653973	
NC_064221.1_6673040	NC_064221.1	6673040		4.009		LOC118277277	trypsin	6409	6676847	6682052	
NC_064221.1_7125909	NC_064221.1	7125909		-4.331		LOC118277591	MRG/MORF4L-binding protein	2042	7126841	7129062	
NC_064221.1_7125912	NC_064221.1	7125912		-4.356		LOC118277591	MRG/MORF4L-binding protein	2039	7126841	7129062	
NC_064221.1_7273216	NC_064221.1	7273216		-4.155		LOC118277060	trypsin-5	2908	7267560	7284688	
NC_064221.1_7281434	NC_064221.1	7281434		-4.226		LOC118277060	trypsin-5	5310	7267560	7284688	
NC_064221.1_7428739	NC_064221.1	7428739		4.255		LOC118277331	uncharacterized LOC118277331	3606	7424035	7426230	
NC_064221.1_7469931	NC_064221.1	7469931		-4.215		LOC118277330	nucleolar protein 4	2807	7391557	7542691	
NC_064221.1_7692038	NC_064221.1	7692038		-4.185		LOC118277625	uncharacterized LOC118277625	7270	7684175	7685361	
NC_064221.1_7700542	NC_064221.1	7700542		-4.072		LOC118277623	peroxisomal membrane protein PEX16-like	1756	7701383	7703214	
NC_064221.1_7885685	NC_064221.1	7885685		-4.109		LOC118277616	venom serine protease-like	4352	7873564	7889102	
NC_064221.1_8038599	NC_064221.1	8038599		-4.193		LOC118277469	microtubule-actin cross-linking factor 1	26016	7902734	8226497	
NC_064221.1_8038600	NC_064221.1	8038600		-5.243		LOC118277469	microtubule-actin cross-linking factor 1	26015	7902734	8226497	
NC_064221.1_8101682	NC_064221.1	8101682		-4.242		LOC118277469	microtubule-actin cross-linking factor 1	37066	7902734	8226497	
NC_064221.1_8299320	NC_064221.1	8299320		-4.067		LOC118277656	caspase-1-like	7122	8286309	8298086	
NC_064221.1_8319806	NC_064221.1	8319806		4.458		LOC118277207	uncharacterized peptidase C1-like protein F26E4.3	48965	8332532	8405011	
NC_064221.1_8339114	NC_064221.1	8339114		-4.082		LOC118277207	uncharacterized peptidase C1-like protein F26E4.3	29657	8332532	8405011	
NC_064221.1_8355912	NC_064221.1	8355912		-4.158		LOC118277207	uncharacterized peptidase C1-like protein F26E4.3	12859	8332532	8405011	
NC_064221.1_8355933	NC_064221.1	8355933		4.427		LOC118277207	uncharacterized peptidase C1-like protein F26E4.3	12838	8332532	8405011	
NC_064221.1_8420877	NC_064221.1	8420877		4.101		LOC118277188	protein CASC3	2075	8408323	8437582	
NC_064221.1_8458181	NC_064221.1	8458181		-4.199		LOC118277428	facilitated trehalose transporter Tret1	3004	8443894	8466460	离子/渗透
NC_064221.1_8908569	NC_064221.1	8908569		-4.302		LOC126911166	uncharacterized LOC126911166	15603	8891942	8893990	
NC_064221.1_8921853	NC_064221.1	8921853		-4.235		LOC118277312	orexin/Hypocretin receptor type 1-like	16302	8865757	9010554	
NC_064221.1_8971092	NC_064221.1	8971092		-4.029		LOC118277312	orexin/Hypocretin receptor type 1-like	32936	8865757	9010554	
NC_064221.1_8971157	NC_064221.1	8971157		-5.002		LOC118277312	orexin/Hypocretin receptor type 1-like	33001	8865757	9010554	
NC_064221.1_9352619	NC_064221.1	9352619		-4.279		LOC126911196	cyclin-dependent kinase 11B-like	7335	9344816	9345751	
NC_064221.1_9463315	NC_064221.1	9463315		-4.406		LOC118277478	uncharacterized LOC118277478	13566	9460742	9493021	
NC_064221.1_9468461	NC_064221.1	9468461		4.062		LOC118277478	uncharacterized LOC118277478	8420	9460742	9493021	
NC_064221.1_9555834	NC_064221.1	9555834		-4.181		LOC118277673	facilitated trehalose transporter Tret1-2 homolog	6115	9546131	9553307	离子/渗透
NC_064221.1_9653187	NC_064221.1	9653187		4.539		LOC118277592	solute carrier family 2, facilitated glucose transporter member 6-like	383	9643930	9661678	
NC_064221.1_9685744	NC_064221.1	9685744		-4.586		(基因间区)		-1			
NC_064221.1_9685745	NC_064221.1	9685745		-4.313		(基因间区)		-1			
NC_064221.1_9685750	NC_064221.1	9685750		-4.084		(基因间区)		-1			
NC_064221.1_9694353	NC_064221.1	9694353		4.178		(基因间区)		-1			
NC_064221.1_9895802	NC_064221.1	9895802		4.028		LOC118277304	protein EFR3 homolog cmp44E	116728	9761913	10263148	
NC_064221.1_9917827	NC_064221.1	9917827		4.161		LOC118277304	protein EFR3 homolog cmp44E	94703	9761913	10263148	
NC_064221.1_9991613	NC_064221.1	9991613		4.092		LOC126911132	uncharacterized LOC126911132	19849	10011011	10011913	
NC_064221.1_10036518	NC_064221.1	10036518		-4.054		LOC118277304	protein EFR3 homolog cmp44E	23987	9761913	10263148	
NC_064221.1_10169091	NC_064221.1	10169091		4.587		LOC118277082	uncharacterized LOC118277082	9674	10135458	10222072	
NC_064221.1_10211622	NC_064221.1	10211622		-4.626		LOC118277305	cyclin-L1	15547	10226407	10227931	
NC_064221.1_10446265	NC_064221.1	10446265		4.954		LOC118277685	trypsin-1-like	4865	10437973	10444826	
NC_064221.1_10446280	NC_064221.1	10446280		4.387		LOC118277685	trypsin-1-like	4880	10437973	10444826	
NC_064221.1_10464152	NC_064221.1	10464152		-4.05		LOC118277463	CCAAT/enhancer-binding protein	12349	10467747	10485255	
NC_064221.1_10487255	NC_064221.1	10487255		-4.015		LOC118277463	CCAAT/enhancer-binding protein	10754	10467747	10485255	
NC_064221.1_10611990	NC_064221.1	10611990		-4.531		LOC118277499	juvenile hormone esterase-like	7679	10618489	10620850	滞育/光周期;解毒/代谢
NC_064221.1_10635756	NC_064221.1	10635756		4.929		LOC118277737	uncharacterized LOC118277737	1040	10633363	10636069	
NC_064221.1_10635759	NC_064221.1	10635759		5.425		LOC118277737	uncharacterized LOC118277737	1043	10633363	10636069	
NC_064221.1_10712154	NC_064221.1	10712154		-4.033		LOC118277740	uncharacterized LOC118277740	2745	10645880	10783918	
NC_064221.1_11042168	NC_064221.1	11042168		4.689		LOC118277080	dipeptidyl aminopeptidase-like protein 6	47644	10863238	11125809	
NC_064221.1_11084452	NC_064221.1	11084452		4.185		LOC126911093	uncharacterized LOC126911093	4255	11088048	11089366	
NC_064221.1_11101980	NC_064221.1	11101980		4.24		LOC126911093	uncharacterized LOC126911093	13273	11088048	11089366	
NC_064221.1_11172764	NC_064221.1	11172764		-4.923		LOC118277078	transmembrane protease serine 9-like	3000	11167828	11171700	
NC_064221.1_11247192	NC_064221.1	11247192		-4.822		(基因间区)		-1			
NC_064221.1_11275506	NC_064221.1	11275506		4.454		(基因间区)		-1			
NC_064221.1_11300269	NC_064221.1	11300269		-4.064		LOC118277739	uncharacterized LOC118277739	10476	11307665	11313825	
NC_064221.1_11308430	NC_064221.1	11308430		-4.408		LOC118277739	uncharacterized LOC118277739	2315	11307665	11313825	
NC_064221.1_11344138	NC_064221.1	11344138		-4.04		LOC118277195	gamma-aminobutyric acid receptor subunit beta-like	2926	11337485	11344938	
NC_064222.1_83489	NC_064222.1	83489		4.258		LOC118274484	ubiquitin carboxyl-terminal hydrolase 32	7183	68838	112507	
NC_064222.1_85127	NC_064222.1	85127		-4.912		LOC118274484	ubiquitin carboxyl-terminal hydrolase 32	5545	68838	112507	
NC_064222.1_129143	NC_064222.1	129143		4.29		LOC118274802	glucose dehydrogenase [FAD, quinone]	2061	112563	149846	
NC_064222.1_267081	NC_064222.1	267081		4.112		LOC118274965	60S acidic ribosomal protein P2	9575	256217	258795	
NC_064222.1_612112	NC_064222.1	612112		4.269		LOC118274534	homeobox protein cut	37000	459610	690613	
NC_064222.1_638008	NC_064222.1	638008		4.023		LOC118274534	homeobox protein cut	62896	459610	690613	
NC_064222.1_729322	NC_064222.1	729322		-4.085		(基因间区)		-1			
NC_064222.1_736126	NC_064222.1	736126		-4.04		(基因间区)		-1			
NC_064222.1_750859	NC_064222.1	750859		4.346		(基因间区)		-1			
NC_064222.1_750885	NC_064222.1	750885		5.229		(基因间区)		-1			
NC_064222.1_750914	NC_064222.1	750914		-4.053		(基因间区)		-1			
NC_064222.1_1182855	NC_064222.1	1182855		-4.283		LOC118275088	3-oxoacyl-[acyl-carrier-protein] reductase FabG-like	142	1182260	1183165	
NC_064222.1_1292005	NC_064222.1	1292005		4.228		LOC118275029	sarcoplasmic calcium-binding protein	3850	1280691	1295618	
NC_064222.1_1317037	NC_064222.1	1317037		-4.996		LOC118275160	uncharacterized LOC118275160	3177	1308003	1319717	
NC_064222.1_1433761	NC_064222.1	1433761		-4.048		LOC118274481	bicaudal D-related protein homolog	41677	1329725	1454442	
NC_064222.1_1480641	NC_064222.1	1480641		4.206		LOC118274918	serine/threonine-protein phosphatase alpha-2 isoform	8349	1464353	1513627	
NC_064222.1_1547514	NC_064222.1	1547514		4.067		LOC118274921	uncharacterized LOC118274921	8140	1534454	1544294	
NC_064222.1_1662133	NC_064222.1	1662133		4.81		LOC118274504	cytochrome P450 6B4	14130	1646416	1649590	氧化应激
NC_064222.1_1760080	NC_064222.1	1760080		-4.762		LOC118274702	uncharacterized LOC118274702	9312	1741205	1797580	
NC_064222.1_1806330	NC_064222.1	1806330		4.559		LOC118275114	uncharacterized LOC118275114	2624	1801883	1805529	
NC_064222.1_1824083	NC_064222.1	1824083		4.862		LOC118274619	protein lethal(2)k10201	2698	1818219	1824550	
NC_064222.1_1824099	NC_064222.1	1824099		4.653		LOC118274619	protein lethal(2)k10201	2714	1818219	1824550	
NC_064222.1_1824101	NC_064222.1	1824101		4.517		LOC118274619	protein lethal(2)k10201	2716	1818219	1824550	
NC_064222.1_1824102	NC_064222.1	1824102		4.703		LOC118274619	protein lethal(2)k10201	2717	1818219	1824550	
NC_064222.1_1824107	NC_064222.1	1824107		4.297		LOC118274619	protein lethal(2)k10201	2722	1818219	1824550	
NC_064222.1_1825960	NC_064222.1	1825960		4.538		LOC118274619	protein lethal(2)k10201	4575	1818219	1824550	
NC_064222.1_1879475	NC_064222.1	1879475		-4.618		LOC118262855	uncharacterized LOC118262855	9800	1888840	1889711	
NC_064222.1_1879486	NC_064222.1	1879486		-4.583		LOC118262855	uncharacterized LOC118262855	9789	1888840	1889711	
NC_064222.1_1879497	NC_064222.1	1879497		-4.704		LOC118262855	uncharacterized LOC118262855	9778	1888840	1889711	
NC_064222.1_1911805	NC_064222.1	1911805		4.461		LOC118274618	3-oxoacyl-[acyl-carrier-protein] reductase FabG-like	10540	1900823	1901706	
NC_064222.1_1944391	NC_064222.1	1944391		4.355		LOC118274941	gustatory receptor for sugar taste 43a	28657	1964356	1981741	
NC_064222.1_2126724	NC_064222.1	2126724		-4.029		LOC118275154	WSCD family member AAEL009094	15538	2140102	2144422	
NC_064222.1_2130578	NC_064222.1	2130578		4.766		LOC118275154	WSCD family member AAEL009094	11684	2140102	2144422	
NC_064222.1_2181855	NC_064222.1	2181855		4.537		LOC118274560	SWI/SNF-related matrix-associated actin-dependent regulator of chromatin subfamily B member 1-A	7144	2169622	2179799	
NC_064222.1_2270844	NC_064222.1	2270844		-4.13		LOC118274590	uncharacterized LOC118274590	95193	2184674	2547401	
NC_064222.1_2363822	NC_064222.1	2363822		4.179		LOC118274590	uncharacterized LOC118274590	2215	2184674	2547401	
NC_064222.1_2363824	NC_064222.1	2363824		4.624		LOC118274590	uncharacterized LOC118274590	2213	2184674	2547401	
NC_064222.1_2366199	NC_064222.1	2366199		-4.073		LOC118274590	uncharacterized LOC118274590	161	2184674	2547401	
NC_064222.1_2401267	NC_064222.1	2401267		4.019		LOC118274590	uncharacterized LOC118274590	35229	2184674	2547401	
NC_064222.1_2418458	NC_064222.1	2418458		4.158		LOC118274590	uncharacterized LOC118274590	52420	2184674	2547401	
NC_064222.1_2430757	NC_064222.1	2430757		-4.346		LOC118274590	uncharacterized LOC118274590	64719	2184674	2547401	
NC_064222.1_2466869	NC_064222.1	2466869		-4.575		LOC118274590	uncharacterized LOC118274590	100831	2184674	2547401	
NC_064222.1_2525808	NC_064222.1	2525808		-4.073		LOC118274590	uncharacterized LOC118274590	159770	2184674	2547401	
NC_064222.1_2543866	NC_064222.1	2543866		-4.07		LOC118274895	uncharacterized LOC118274895	6006	2548168	2551577	
NC_064222.1_2559526	NC_064222.1	2559526		4.344		LOC118274890	protein D2	3666	2558397	2567988	
NC_064222.1_2559528	NC_064222.1	2559528		4.154		LOC118274890	protein D2	3664	2558397	2567988	
NC_064222.1_2559570	NC_064222.1	2559570		-4.905		LOC118274890	protein D2	3622	2558397	2567988	
NC_064222.1_2578445	NC_064222.1	2578445		-4.109		LOC118274880	protein D3-like	3872	2572773	2576373	
NC_064222.1_2585570	NC_064222.1	2585570		-4.023		LOC118274880	protein D3-like	10997	2572773	2576373	
NC_064222.1_2610586	NC_064222.1	2610586		-4.499		LOC118274872	phosphatidylethanolamine-binding protein homolog F40A3.3-like	13718	2576654	2617082	
NC_064222.1_2644746	NC_064222.1	2644746		-4.193		LOC118274869	uncharacterized LOC118274869	16513	2584692	2671774	
NC_064222.1_2660516	NC_064222.1	2660516		4.105		LOC118274787	mediator of RNA polymerase II transcription subunit 21	13113	2673094	2674164	
NC_064222.1_2661243	NC_064222.1	2661243		-4.136		LOC118274787	mediator of RNA polymerase II transcription subunit 21	12386	2673094	2674164	
NC_064222.1_2665591	NC_064222.1	2665591		-4.201		LOC118274787	mediator of RNA polymerase II transcription subunit 21	8038	2673094	2674164	
NC_064222.1_2673857	NC_064222.1	2673857		4.678		LOC118274787	mediator of RNA polymerase II transcription subunit 21	228	2673094	2674164	
NC_064222.1_2686113	NC_064222.1	2686113		-4.209		LOC118274749	SH2B adapter protein 1	490	2680584	2690661	
NC_064222.1_2687675	NC_064222.1	2687675		-4.127		LOC118274749	SH2B adapter protein 1	2052	2680584	2690661	
NC_064222.1_2687805	NC_064222.1	2687805		-4.089		LOC118274749	SH2B adapter protein 1	2182	2680584	2690661	
NC_064222.1_2687892	NC_064222.1	2687892		-4.003		LOC118274749	SH2B adapter protein 1	2269	2680584	2690661	
NC_064222.1_2688295	NC_064222.1	2688295		-5.023		LOC118274749	SH2B adapter protein 1	2672	2680584	2690661	
NC_064222.1_2688305	NC_064222.1	2688305		-4.686		LOC118274749	SH2B adapter protein 1	2682	2680584	2690661	
NC_064222.1_2688390	NC_064222.1	2688390		-4.054		LOC118274749	SH2B adapter protein 1	2767	2680584	2690661	
NC_064222.1_2688733	NC_064222.1	2688733		-4.251		LOC118274749	SH2B adapter protein 1	3110	2680584	2690661	
NC_064222.1_2689234	NC_064222.1	2689234		-4.024		LOC118274749	SH2B adapter protein 1	3611	2680584	2690661	
NC_064222.1_2706039	NC_064222.1	2706039		4.088		LOC118274976	T-box transcription factor TBX1	6053	2697882	2726302	
NC_064222.1_2720388	NC_064222.1	2720388		-4.401		LOC118274963	uncharacterized LOC118274963	6827	2726449	2727981	
NC_064222.1_2725036	NC_064222.1	2725036		-5.28		LOC118274963	uncharacterized LOC118274963	2179	2726449	2727981	
NC_064222.1_2726957	NC_064222.1	2726957		-4.73		LOC118274963	uncharacterized LOC118274963	258	2726449	2727981	
NC_064222.1_2727413	NC_064222.1	2727413		-4.925		LOC118274963	uncharacterized LOC118274963	198	2726449	2727981	
NC_064222.1_2735705	NC_064222.1	2735705		-4.241		LOC118265123	ionotropic receptor 75a-like	2472	2728923	2737542	
NC_064222.1_2736270	NC_064222.1	2736270		-5.127		LOC118265123	ionotropic receptor 75a-like	3037	2728923	2737542	
NC_064222.1_2737214	NC_064222.1	2737214		-4.135		LOC118265029	uncharacterized LOC118265029	2885	2739276	2740923	
NC_064222.1_2741229	NC_064222.1	2741229		-5.08		LOC118265029	uncharacterized LOC118265029	1129	2739276	2740923	
NC_064222.1_2749155	NC_064222.1	2749155		-4.616		LOC118275003	uncharacterized LOC118275003	1881	2746494	2748054	
NC_064222.1_2750103	NC_064222.1	2750103		-4.204		LOC118275003	uncharacterized LOC118275003	2829	2746494	2748054	
NC_064222.1_2751428	NC_064222.1	2751428		-4.068		LOC118275003	uncharacterized LOC118275003	4154	2746494	2748054	
NC_064222.1_2757131	NC_064222.1	2757131		-4.019		LOC118265122	fatty acid synthase-like	1088	2748697	2767742	
NC_064222.1_2757135	NC_064222.1	2757135		-4.247		LOC118265122	fatty acid synthase-like	1084	2748697	2767742	
NC_064222.1_2760640	NC_064222.1	2760640		-4.173		LOC118265122	fatty acid synthase-like	2420	2748697	2767742	
NC_064222.1_2761028	NC_064222.1	2761028		-4.545		LOC118265122	fatty acid synthase-like	2808	2748697	2767742	
NC_064222.1_2761064	NC_064222.1	2761064		-4.743		LOC118265122	fatty acid synthase-like	2844	2748697	2767742	
NC_064222.1_2761287	NC_064222.1	2761287		-4.562		LOC118265122	fatty acid synthase-like	3067	2748697	2767742	
NC_064222.1_2761617	NC_064222.1	2761617		-4.403		LOC118265122	fatty acid synthase-like	3397	2748697	2767742	
NC_064222.1_2761635	NC_064222.1	2761635		-4.622		LOC118265122	fatty acid synthase-like	3415	2748697	2767742	
NC_064222.1_2761641	NC_064222.1	2761641		-4.697		LOC118265122	fatty acid synthase-like	3421	2748697	2767742	
NC_064222.1_2761779	NC_064222.1	2761779		-5.479		LOC118265122	fatty acid synthase-like	3559	2748697	2767742	
NC_064222.1_2761853	NC_064222.1	2761853		-4.835		LOC118265122	fatty acid synthase-like	3633	2748697	2767742	
NC_064222.1_2762399	NC_064222.1	2762399		-4.361		LOC118265122	fatty acid synthase-like	4179	2748697	2767742	
NC_064222.1_2762413	NC_064222.1	2762413		-4.796		LOC118265122	fatty acid synthase-like	4193	2748697	2767742	
NC_064222.1_2762542	NC_064222.1	2762542		-4.309		LOC118265122	fatty acid synthase-like	4322	2748697	2767742	
NC_064222.1_2762845	NC_064222.1	2762845		-4.142		LOC118265122	fatty acid synthase-like	4625	2748697	2767742	
NC_064222.1_2763424	NC_064222.1	2763424		-4.247		LOC118265122	fatty acid synthase-like	5204	2748697	2767742	
NC_064222.1_2763450	NC_064222.1	2763450		-4.179		LOC118265122	fatty acid synthase-like	5230	2748697	2767742	
NC_064222.1_2763711	NC_064222.1	2763711		-4.076		LOC118265122	fatty acid synthase-like	5491	2748697	2767742	
NC_064222.1_2764460	NC_064222.1	2764460		-4.031		LOC118265122	fatty acid synthase-like	6240	2748697	2767742	
NC_064222.1_2768883	NC_064222.1	2768883		-4.036		LOC118274601	fatty acid synthase-like	10119	2770771	2787233	
NC_064222.1_2769665	NC_064222.1	2769665		-4.013		LOC118274601	fatty acid synthase-like	9337	2770771	2787233	
NC_064222.1_2770434	NC_064222.1	2770434		4.07		LOC118274601	fatty acid synthase-like	8568	2770771	2787233	
NC_064222.1_2776490	NC_064222.1	2776490		-4.073		LOC118274601	fatty acid synthase-like	2512	2770771	2787233	
NC_064222.1_2778730	NC_064222.1	2778730		-4.524		LOC118274601	fatty acid synthase-like	272	2770771	2787233	
NC_064222.1_2778733	NC_064222.1	2778733		-4.064		LOC118274601	fatty acid synthase-like	269	2770771	2787233	
NC_064222.1_2778735	NC_064222.1	2778735		-4.13		LOC118274601	fatty acid synthase-like	267	2770771	2787233	
NC_064222.1_2781425	NC_064222.1	2781425		-4.379		LOC118274601	fatty acid synthase-like	2423	2770771	2787233	
NC_064222.1_2781493	NC_064222.1	2781493		-4.571		LOC118274601	fatty acid synthase-like	2491	2770771	2787233	
NC_064222.1_2781607	NC_064222.1	2781607		-4.765		LOC118274601	fatty acid synthase-like	2605	2770771	2787233	
NC_064222.1_2781748	NC_064222.1	2781748		-4.537		LOC118274601	fatty acid synthase-like	2746	2770771	2787233	
NC_064222.1_2782007	NC_064222.1	2782007		-4.145		LOC118274601	fatty acid synthase-like	3005	2770771	2787233	
NC_064222.1_2782344	NC_064222.1	2782344		-4.532		LOC118274601	fatty acid synthase-like	3342	2770771	2787233	
NC_064222.1_2782487	NC_064222.1	2782487		-4.282		LOC118274601	fatty acid synthase-like	3485	2770771	2787233	
NC_064222.1_2782538	NC_064222.1	2782538		-4.416		LOC118274601	fatty acid synthase-like	3536	2770771	2787233	
NC_064222.1_2782551	NC_064222.1	2782551		-4.919		LOC118274601	fatty acid synthase-like	3549	2770771	2787233	
NC_064222.1_2782584	NC_064222.1	2782584		-4.052		LOC118274601	fatty acid synthase-like	3582	2770771	2787233	
NC_064222.1_2782927	NC_064222.1	2782927		4.23		LOC118274601	fatty acid synthase-like	3925	2770771	2787233	
NC_064222.1_2783665	NC_064222.1	2783665		-4.955		LOC118274601	fatty acid synthase-like	4663	2770771	2787233	
NC_064222.1_2783737	NC_064222.1	2783737		-4.01		LOC118274601	fatty acid synthase-like	4735	2770771	2787233	
NC_064222.1_2783745	NC_064222.1	2783745		4.072		LOC118274601	fatty acid synthase-like	4743	2770771	2787233	
NC_064222.1_2785353	NC_064222.1	2785353		-4.478		LOC118274559	uncharacterized LOC118274559	6349	2787615	2795790	
NC_064222.1_2785579	NC_064222.1	2785579		-4.785		LOC118274559	uncharacterized LOC118274559	6123	2787615	2795790	
NC_064222.1_2785613	NC_064222.1	2785613		-5.042		LOC118274559	uncharacterized LOC118274559	6089	2787615	2795790	
NC_064222.1_2785672	NC_064222.1	2785672		-4.241		LOC118274559	uncharacterized LOC118274559	6030	2787615	2795790	
NC_064222.1_2785990	NC_064222.1	2785990		-4.668		LOC118274559	uncharacterized LOC118274559	5712	2787615	2795790	
NC_064222.1_2786841	NC_064222.1	2786841		-4.814		LOC118274559	uncharacterized LOC118274559	4861	2787615	2795790	
NC_064222.1_2787875	NC_064222.1	2787875		-4.536		LOC118274559	uncharacterized LOC118274559	3827	2787615	2795790	
NC_064222.1_2787950	NC_064222.1	2787950		-4.045		LOC118274559	uncharacterized LOC118274559	3752	2787615	2795790	
NC_064222.1_2788048	NC_064222.1	2788048		-4.252		LOC118274559	uncharacterized LOC118274559	3654	2787615	2795790	
NC_064222.1_2788430	NC_064222.1	2788430		-4.098		LOC118274559	uncharacterized LOC118274559	3272	2787615	2795790	
NC_064222.1_2788457	NC_064222.1	2788457		-4.47		LOC118274559	uncharacterized LOC118274559	3245	2787615	2795790	
NC_064222.1_2797826	NC_064222.1	2797826		-5.025		LOC118274972	fatty acid synthase-like	2312	2797193	2803083	
NC_064222.1_2797857	NC_064222.1	2797857		-4.102		LOC118274972	fatty acid synthase-like	2281	2797193	2803083	
NC_064222.1_2797874	NC_064222.1	2797874		-4.178		LOC118274972	fatty acid synthase-like	2264	2797193	2803083	
NC_064222.1_2798304	NC_064222.1	2798304		-4.137		LOC118274972	fatty acid synthase-like	1834	2797193	2803083	
NC_064222.1_2799378	NC_064222.1	2799378		-4.107		LOC118274972	fatty acid synthase-like	760	2797193	2803083	
NC_064222.1_2800495	NC_064222.1	2800495		-4.233		LOC118274972	fatty acid synthase-like	357	2797193	2803083	
NC_064222.1_2800543	NC_064222.1	2800543		-4.215		LOC118274972	fatty acid synthase-like	405	2797193	2803083	
NC_064222.1_2800545	NC_064222.1	2800545		-4.161		LOC118274972	fatty acid synthase-like	407	2797193	2803083	
NC_064222.1_2800602	NC_064222.1	2800602		-4.095		LOC118274972	fatty acid synthase-like	464	2797193	2803083	
NC_064222.1_2801156	NC_064222.1	2801156		4.016		LOC118274972	fatty acid synthase-like	1018	2797193	2803083	
NC_064222.1_2801180	NC_064222.1	2801180		-4.539		LOC118274972	fatty acid synthase-like	1042	2797193	2803083	
NC_064222.1_2802196	NC_064222.1	2802196		-4.16		LOC118274972	fatty acid synthase-like	2058	2797193	2803083	
NC_064222.1_2802378	NC_064222.1	2802378		-4.213		LOC118274972	fatty acid synthase-like	2240	2797193	2803083	
NC_064222.1_2803580	NC_064222.1	2803580		-4.143		LOC118274972	fatty acid synthase-like	3442	2797193	2803083	
NC_064222.1_2804165	NC_064222.1	2804165		-4.462		LOC118274972	fatty acid synthase-like	4027	2797193	2803083	
NC_064222.1_2808910	NC_064222.1	2808910		-4.24		LOC118274672	asparagine--tRNA ligase, cytoplasmic	416	2805012	2811976	
NC_064222.1_2808913	NC_064222.1	2808913		-4.257		LOC118274672	asparagine--tRNA ligase, cytoplasmic	419	2805012	2811976	
NC_064222.1_2808915	NC_064222.1	2808915		-4.238		LOC118274672	asparagine--tRNA ligase, cytoplasmic	421	2805012	2811976	
NC_064222.1_2809067	NC_064222.1	2809067		-4.053		LOC118274672	asparagine--tRNA ligase, cytoplasmic	573	2805012	2811976	
NC_064222.1_2809766	NC_064222.1	2809766		-4.408		LOC118274672	asparagine--tRNA ligase, cytoplasmic	1272	2805012	2811976	
NC_064222.1_2809809	NC_064222.1	2809809		-4.364		LOC118274672	asparagine--tRNA ligase, cytoplasmic	1315	2805012	2811976	
NC_064222.1_2809835	NC_064222.1	2809835		-4.209		LOC118274672	asparagine--tRNA ligase, cytoplasmic	1341	2805012	2811976	
NC_064222.1_2810096	NC_064222.1	2810096		-4.345		LOC118274672	asparagine--tRNA ligase, cytoplasmic	1602	2805012	2811976	
NC_064222.1_2811623	NC_064222.1	2811623		-4.904		LOC118274672	asparagine--tRNA ligase, cytoplasmic	3129	2805012	2811976	
NC_064222.1_2811644	NC_064222.1	2811644		-4.421		LOC118274672	asparagine--tRNA ligase, cytoplasmic	3150	2805012	2811976	
NC_064222.1_2814460	NC_064222.1	2814460		-4.241		LOC118274700	apolipoprotein D	1632	2812157	2820027	
NC_064222.1_2820812	NC_064222.1	2820812		-4.502		LOC118274700	apolipoprotein D	4720	2812157	2820027	
NC_064222.1_2844629	NC_064222.1	2844629		-4.996		LOC118274858	lysosomal acid glucosylceramidase	883	2839163	2848328	
NC_064222.1_2857100	NC_064222.1	2857100		-4.457		LOC118274912	lysosomal acid glucosylceramidase-like	2714	2850851	2857920	
NC_064222.1_2857106	NC_064222.1	2857106		-4.183		LOC118274912	lysosomal acid glucosylceramidase-like	2720	2850851	2857920	
NC_064222.1_2857988	NC_064222.1	2857988		-4.353		LOC118274912	lysosomal acid glucosylceramidase-like	3602	2850851	2857920	
NC_064222.1_2857989	NC_064222.1	2857989		-4.386		LOC118274912	lysosomal acid glucosylceramidase-like	3603	2850851	2857920	
NC_064222.1_2859191	NC_064222.1	2859191		-4.917		LOC118275044	uncharacterized LOC118275044	2601	2858979	2864606	
NC_064222.1_2872235	NC_064222.1	2872235		-4.654		LOC118275207	cyclin-dependent kinase 1	3368	2866475	2871259	
NC_064222.1_2872526	NC_064222.1	2872526		-4.116		LOC118275207	cyclin-dependent kinase 1	3659	2866475	2871259	
NC_064222.1_2879129	NC_064222.1	2879129		-4.388		LOC118275203	zinc finger protein 271	921	2871247	2885168	
NC_064222.1_2881101	NC_064222.1	2881101		-4.047		LOC118274537	dnaJ homolog subfamily B member 13-like	43	2880365	2881750	HSP/热激蛋白
NC_064222.1_2882701	NC_064222.1	2882701		-4.396		LOC118274537	dnaJ homolog subfamily B member 13-like	1643	2880365	2881750	HSP/热激蛋白
NC_064222.1_2899481	NC_064222.1	2899481		-4.609		LOC118274539	putative zinc finger protein 840	1208	2897528	2903850	
NC_064222.1_2899572	NC_064222.1	2899572		-4.475		LOC118274539	putative zinc finger protein 840	1117	2897528	2903850	
NC_064222.1_2899906	NC_064222.1	2899906		-4.263		LOC118274539	putative zinc finger protein 840	783	2897528	2903850	
NC_064222.1_2899924	NC_064222.1	2899924		-4.943		LOC118274539	putative zinc finger protein 840	765	2897528	2903850	
NC_064222.1_2901908	NC_064222.1	2901908		-4.263		LOC118274539	putative zinc finger protein 840	1219	2897528	2903850	
NC_064222.1_2904727	NC_064222.1	2904727		-4.044		LOC118274539	putative zinc finger protein 840	4038	2897528	2903850	
NC_064222.1_2910425	NC_064222.1	2910425		-4.072		LOC118275057	armadillo repeat-containing protein 2	6203	2907028	2926229	
NC_064222.1_2910567	NC_064222.1	2910567		-4.202		LOC118275057	armadillo repeat-containing protein 2	6061	2907028	2926229	
NC_064222.1_2911892	NC_064222.1	2911892		-4.355		LOC118275057	armadillo repeat-containing protein 2	4736	2907028	2926229	
NC_064222.1_2911927	NC_064222.1	2911927		-4.956		LOC118275057	armadillo repeat-containing protein 2	4701	2907028	2926229	
NC_064222.1_2917015	NC_064222.1	2917015		-5.152		LOC118275057	armadillo repeat-containing protein 2	386	2907028	2926229	
NC_064222.1_2917022	NC_064222.1	2917022		-4.179		LOC118275057	armadillo repeat-containing protein 2	393	2907028	2926229	
NC_064222.1_2917656	NC_064222.1	2917656		-4.808		LOC118275057	armadillo repeat-containing protein 2	1027	2907028	2926229	
NC_064222.1_2918202	NC_064222.1	2918202		4.252		LOC118275057	armadillo repeat-containing protein 2	1573	2907028	2926229	
NC_064222.1_2920587	NC_064222.1	2920587		-4.074		Trnaw-cca	transfer RNA tryptophan (anticodon CCA)	3824	2924376	2924447	
NC_064222.1_2920912	NC_064222.1	2920912		-4.28		Trnaw-cca	transfer RNA tryptophan (anticodon CCA)	3499	2924376	2924447	
NC_064222.1_2920930	NC_064222.1	2920930		-4.604		Trnaw-cca	transfer RNA tryptophan (anticodon CCA)	3481	2924376	2924447	
NC_064222.1_2920934	NC_064222.1	2920934		-4.113		Trnaw-cca	transfer RNA tryptophan (anticodon CCA)	3477	2924376	2924447	
NC_064222.1_2920965	NC_064222.1	2920965		-4.87		Trnaw-cca	transfer RNA tryptophan (anticodon CCA)	3446	2924376	2924447	
NC_064222.1_2920973	NC_064222.1	2920973		-4.847		Trnaw-cca	transfer RNA tryptophan (anticodon CCA)	3438	2924376	2924447	
NC_064222.1_2920988	NC_064222.1	2920988		-4.658		Trnaw-cca	transfer RNA tryptophan (anticodon CCA)	3423	2924376	2924447	
NC_064222.1_2920989	NC_064222.1	2920989		-4.469		Trnaw-cca	transfer RNA tryptophan (anticodon CCA)	3422	2924376	2924447	
NC_064222.1_2921030	NC_064222.1	2921030		-4.214		Trnaw-cca	transfer RNA tryptophan (anticodon CCA)	3381	2924376	2924447	
NC_064222.1_2925116	NC_064222.1	2925116		-4.077		Trnaw-cca	transfer RNA tryptophan (anticodon CCA)	704	2924376	2924447	
NC_064222.1_2927533	NC_064222.1	2927533		-4.61		LOC118275045	uncharacterized LOC118275045	2966	2929004	2931994	
NC_064222.1_2943020	NC_064222.1	2943020		-4.446		LOC118275014	zinc finger protein 879	528	2938156	2946828	
NC_064222.1_2944571	NC_064222.1	2944571		-4.262		LOC118275014	zinc finger protein 879	2079	2938156	2946828	
NC_064222.1_2945079	NC_064222.1	2945079		-4.146		LOC118275014	zinc finger protein 879	2587	2938156	2946828	
NC_064222.1_2948967	NC_064222.1	2948967		-4.048		LOC118274441	5'-AMP-activated protein kinase catalytic subunit alpha-2-like	762	2947103	2952355	
NC_064222.1_2958525	NC_064222.1	2958525		4.284		LOC118274446	actin-related protein 2/3 complex subunit 3	893	2958686	2960151	
NC_064222.1_2964574	NC_064222.1	2964574		-4.772		LOC118274447	coiled-coil domain-containing protein 86	3764	2960460	2961160	
NC_064222.1_2964911	NC_064222.1	2964911		-4.54		LOC118274447	coiled-coil domain-containing protein 86	4101	2960460	2961160	
NC_064222.1_2965621	NC_064222.1	2965621		-5.262		LOC118274444	signal peptide peptidase-like 3	3789	2961818	2977002	
NC_064222.1_2965900	NC_064222.1	2965900		-4.421		LOC118274444	signal peptide peptidase-like 3	3510	2961818	2977002	
NC_064222.1_2966245	NC_064222.1	2966245		-4.335		LOC118274444	signal peptide peptidase-like 3	3165	2961818	2977002	
NC_064222.1_2966489	NC_064222.1	2966489		-4.015		LOC118274444	signal peptide peptidase-like 3	2921	2961818	2977002	
NC_064222.1_2967133	NC_064222.1	2967133		4.831		LOC118274444	signal peptide peptidase-like 3	2277	2961818	2977002	
NC_064222.1_2967141	NC_064222.1	2967141		4.747		LOC118274444	signal peptide peptidase-like 3	2269	2961818	2977002	
NC_064222.1_2967377	NC_064222.1	2967377		-4.153		LOC118274444	signal peptide peptidase-like 3	2033	2961818	2977002	
NC_064222.1_2967520	NC_064222.1	2967520		-4.802		LOC118274444	signal peptide peptidase-like 3	1890	2961818	2977002	
NC_064222.1_2967523	NC_064222.1	2967523		-5.305		LOC118274444	signal peptide peptidase-like 3	1887	2961818	2977002	
NC_064222.1_2967620	NC_064222.1	2967620		-4.122		LOC118274444	signal peptide peptidase-like 3	1790	2961818	2977002	
NC_064222.1_2968187	NC_064222.1	2968187		-4.098		LOC118274444	signal peptide peptidase-like 3	1223	2961818	2977002	
NC_064222.1_2969209	NC_064222.1	2969209		-4.584		LOC118274444	signal peptide peptidase-like 3	201	2961818	2977002	
NC_064222.1_3003415	NC_064222.1	3003415		4.017		LOC126911212	uncharacterized LOC126911212	1789	2999712	3003539	
NC_064222.1_3033555	NC_064222.1	3033555		-4.489		LOC118274641	CDP-diacylglycerol--inositol 3-phosphatidyltransferase	6377	3038454	3041411	解毒/代谢
NC_064222.1_3043544	NC_064222.1	3043544		-4.157		LOC118274639	T-complex protein 1 subunit zeta	701	3041444	3044242	
NC_064222.1_3085845	NC_064222.1	3085845		-4.036		LOC118275168	elongation of very long chain fatty acids protein AAEL008004	1307	3081509	3092796	
NC_064222.1_3088799	NC_064222.1	3088799		-4.053		LOC118275168	elongation of very long chain fatty acids protein AAEL008004	1646	3081509	3092796	
NC_064222.1_3089004	NC_064222.1	3089004		-4.151		LOC118275168	elongation of very long chain fatty acids protein AAEL008004	1851	3081509	3092796	
NC_064222.1_3090568	NC_064222.1	3090568		-4.008		LOC118275168	elongation of very long chain fatty acids protein AAEL008004	3415	3081509	3092796	
NC_064222.1_3090779	NC_064222.1	3090779		-4.125		LOC118275168	elongation of very long chain fatty acids protein AAEL008004	3626	3081509	3092796	
NC_064222.1_3093481	NC_064222.1	3093481		-4.225		LOC118275142	splicing factor ESS-2 homolog	2622	3093339	3098867	
NC_064222.1_3094145	NC_064222.1	3094145		-5.135		LOC118275142	splicing factor ESS-2 homolog	1958	3093339	3098867	
NC_064222.1_3097161	NC_064222.1	3097161		-4.465		LOC118275142	splicing factor ESS-2 homolog	1058	3093339	3098867	
NC_064222.1_3098518	NC_064222.1	3098518		-4.072		LOC118275142	splicing factor ESS-2 homolog	2415	3093339	3098867	
NC_064222.1_3098526	NC_064222.1	3098526		-4.08		LOC118275142	splicing factor ESS-2 homolog	2423	3093339	3098867	
NC_064222.1_3098536	NC_064222.1	3098536		-4.76		LOC118275142	splicing factor ESS-2 homolog	2433	3093339	3098867	
NC_064222.1_3101662	NC_064222.1	3101662		-4.623		LOC118275142	splicing factor ESS-2 homolog	5559	3093339	3098867	
NC_064222.1_3101665	NC_064222.1	3101665		4.227		LOC118275142	splicing factor ESS-2 homolog	5562	3093339	3098867	
NC_064222.1_3101669	NC_064222.1	3101669		-4.411		LOC118275142	splicing factor ESS-2 homolog	5566	3093339	3098867	
NC_064222.1_3101683	NC_064222.1	3101683		-4.091		LOC118275142	splicing factor ESS-2 homolog	5580	3093339	3098867	
NC_064222.1_3102395	NC_064222.1	3102395		-4.203		LOC118275142	splicing factor ESS-2 homolog	6292	3093339	3098867	
NC_064222.1_3104739	NC_064222.1	3104739		-4.462		LOC118275197	uncharacterized LOC118275197	4358	3099582	3118612	
NC_064222.1_3104979	NC_064222.1	3104979		-4.376		LOC118275197	uncharacterized LOC118275197	4118	3099582	3118612	
NC_064222.1_3107219	NC_064222.1	3107219		-4.726		LOC118275197	uncharacterized LOC118275197	1878	3099582	3118612	
NC_064222.1_3107236	NC_064222.1	3107236		-4.264		LOC118275197	uncharacterized LOC118275197	1861	3099582	3118612	
NC_064222.1_3107866	NC_064222.1	3107866		-4.168		LOC118275197	uncharacterized LOC118275197	1231	3099582	3118612	
NC_064222.1_3111902	NC_064222.1	3111902		-4.494		LOC118275199	uncharacterized LOC118275199	274	3107028	3117324	
NC_064222.1_3111907	NC_064222.1	3111907		-4.029		LOC118275199	uncharacterized LOC118275199	269	3107028	3117324	
NC_064222.1_3114378	NC_064222.1	3114378		-4.233		LOC118275199	uncharacterized LOC118275199	2202	3107028	3117324	
NC_064222.1_3123031	NC_064222.1	3123031		4.307		LOC118275200	ubiquitin-conjugating enzyme E2 G1	723	3120333	3124282	
NC_064222.1_3132458	NC_064222.1	3132458		-4.62		LOC118274793	eukaryotic translation initiation factor 4H	1049	3130021	3136994	
NC_064222.1_3134351	NC_064222.1	3134351		-4.784		LOC118274793	eukaryotic translation initiation factor 4H	843	3130021	3136994	
NC_064222.1_3134366	NC_064222.1	3134366		-4.957		LOC118274793	eukaryotic translation initiation factor 4H	858	3130021	3136994	
NC_064222.1_3134494	NC_064222.1	3134494		-4.863		LOC118274793	eukaryotic translation initiation factor 4H	986	3130021	3136994	
NC_064222.1_3134696	NC_064222.1	3134696		-5.165		LOC118274793	eukaryotic translation initiation factor 4H	1188	3130021	3136994	
NC_064222.1_3134826	NC_064222.1	3134826		-4.215		LOC118274793	eukaryotic translation initiation factor 4H	1318	3130021	3136994	
NC_064222.1_3135024	NC_064222.1	3135024		-4.01		LOC118274793	eukaryotic translation initiation factor 4H	1516	3130021	3136994	
NC_064222.1_3135069	NC_064222.1	3135069		-4.035		LOC118274793	eukaryotic translation initiation factor 4H	1561	3130021	3136994	
NC_064222.1_3135100	NC_064222.1	3135100		-4.323		LOC118274793	eukaryotic translation initiation factor 4H	1592	3130021	3136994	
NC_064222.1_3135131	NC_064222.1	3135131		-4.168		LOC118274793	eukaryotic translation initiation factor 4H	1623	3130021	3136994	
NC_064222.1_3135135	NC_064222.1	3135135		-4.385		LOC118274793	eukaryotic translation initiation factor 4H	1627	3130021	3136994	
NC_064222.1_3135263	NC_064222.1	3135263		-4.054		LOC118274793	eukaryotic translation initiation factor 4H	1755	3130021	3136994	
NC_064222.1_3135385	NC_064222.1	3135385		-4.158		LOC118274793	eukaryotic translation initiation factor 4H	1877	3130021	3136994	
NC_064222.1_3135921	NC_064222.1	3135921		-4.125		LOC118274793	eukaryotic translation initiation factor 4H	2413	3130021	3136994	
NC_064222.1_3151195	NC_064222.1	3151195		-4.588		LOC118274650	glucose dehydrogenase [FAD, quinone]	3749	3150997	3158892	
NC_064222.1_3153856	NC_064222.1	3153856		-4.841		LOC118274650	glucose dehydrogenase [FAD, quinone]	1088	3150997	3158892	
NC_064222.1_3153874	NC_064222.1	3153874		-4.203		LOC118274650	glucose dehydrogenase [FAD, quinone]	1070	3150997	3158892	
NC_064222.1_3154058	NC_064222.1	3154058		-4.235		LOC118274650	glucose dehydrogenase [FAD, quinone]	886	3150997	3158892	
NC_064222.1_3154232	NC_064222.1	3154232		4.071		LOC118274650	glucose dehydrogenase [FAD, quinone]	712	3150997	3158892	
NC_064222.1_3154946	NC_064222.1	3154946		-4.739		LOC118274650	glucose dehydrogenase [FAD, quinone]	1	3150997	3158892	
NC_064222.1_3166604	NC_064222.1	3166604		4.202		LOC118274648	glucose dehydrogenase [FAD, quinone]	1974	3160611	3168649	
NC_064222.1_3179113	NC_064222.1	3179113		-4.166		LOC118274652	glucose dehydrogenase [FAD, quinone]-like	2053	3171989	3182130	
NC_064222.1_3187323	NC_064222.1	3187323		4.109		LOC118274657	glucose dehydrogenase [FAD, quinone]	3086	3189348	3191471	
NC_064222.1_3190601	NC_064222.1	3190601		4.139		LOC118274657	glucose dehydrogenase [FAD, quinone]	191	3189348	3191471	
NC_064222.1_3200545	NC_064222.1	3200545		-4.323		LOC118274654	glucose dehydrogenase [FAD, quinone]-like	2755	3192533	3203046	
NC_064222.1_3200851	NC_064222.1	3200851		-4.765		LOC118274654	glucose dehydrogenase [FAD, quinone]-like	3061	3192533	3203046	
NC_064222.1_3202830	NC_064222.1	3202830		4.425		LOC118274654	glucose dehydrogenase [FAD, quinone]-like	5040	3192533	3203046	
NC_064222.1_3207067	NC_064222.1	3207067		-4.081		LOC118274654	glucose dehydrogenase [FAD, quinone]-like	9277	3192533	3203046	
NC_064222.1_3207077	NC_064222.1	3207077		-4.012		LOC118274654	glucose dehydrogenase [FAD, quinone]-like	9287	3192533	3203046	
NC_064222.1_3244232	NC_064222.1	3244232		4.309		LOC118274658	glucose dehydrogenase [FAD, quinone]	8270	3224997	3246926	
NC_064222.1_3249350	NC_064222.1	3249350		-4.163		LOC118274658	glucose dehydrogenase [FAD, quinone]	13388	3224997	3246926	
NC_064222.1_3265971	NC_064222.1	3265971		-4.737		LOC118274662	glucose dehydrogenase [FAD, quinone]	11935	3257780	3298033	
NC_064222.1_3360825	NC_064222.1	3360825		-4.203		LOC118274647	glucose dehydrogenase [FAD, quinone]-like	4223	3354438	3358765	
NC_064222.1_3401471	NC_064222.1	3401471		4.097		LOC118274661	flotillin-2	109829	3147844	3435440	
NC_064222.1_3510663	NC_064222.1	3510663		-4.661		LOC118274545	NADH dehydrogenase [ubiquinone] 1 alpha subcomplex subunit 7-like	5666	3504415	3505579	
NC_064222.1_3512376	NC_064222.1	3512376		-4.113		LOC118274543	bromodomain-containing protein homolog	5167	3507060	3528026	
NC_064222.1_3512736	NC_064222.1	3512736		-4.576		LOC118274543	bromodomain-containing protein homolog	4807	3507060	3528026	
NC_064222.1_3513051	NC_064222.1	3513051		-4.172		LOC118274543	bromodomain-containing protein homolog	4492	3507060	3528026	
NC_064222.1_3513053	NC_064222.1	3513053		-4.24		LOC118274543	bromodomain-containing protein homolog	4490	3507060	3528026	
NC_064222.1_3538471	NC_064222.1	3538471		-4.035		LOC118275084	uncharacterized LOC118275084	8644	3528352	3531301	
NC_064222.1_3543616	NC_064222.1	3543616		-4.068		LOC118275084	uncharacterized LOC118275084	13789	3528352	3531301	
NC_064222.1_3546167	NC_064222.1	3546167		-4.29		LOC118274642	protein orai-2-like	15526	3533269	3590117	
NC_064222.1_3629865	NC_064222.1	3629865		-4.18		LOC126911203	uncharacterized LOC126911203	3484	3632595	3634103	
NC_064222.1_3631162	NC_064222.1	3631162		-4.756		LOC126911203	uncharacterized LOC126911203	2187	3632595	3634103	
NC_064222.1_3636561	NC_064222.1	3636561		-4.772		LOC126911203	uncharacterized LOC126911203	3212	3632595	3634103	
NC_064222.1_3656949	NC_064222.1	3656949		-4.205		LOC118274865	uncharacterized LOC118274865	15100	3666162	3677937	
NC_064222.1_3683372	NC_064222.1	3683372		4.309		LOC118275192	uncharacterized LOC118275192	415	3682941	3684634	
NC_064222.1_3729270	NC_064222.1	3729270		-4.536		LOC118274815	LIM/homeobox protein Lhx1	36967	3735273	3797201	
NC_064222.1_3731206	NC_064222.1	3731206		-4.686		LOC118274815	LIM/homeobox protein Lhx1	35031	3735273	3797201	
NC_064222.1_3732907	NC_064222.1	3732907		-4.357		LOC118274815	LIM/homeobox protein Lhx1	33330	3735273	3797201	
NC_064222.1_3743091	NC_064222.1	3743091		-4.588		LOC118274815	LIM/homeobox protein Lhx1	23146	3735273	3797201	
NC_064222.1_3758633	NC_064222.1	3758633		4.12		LOC118274815	LIM/homeobox protein Lhx1	7604	3735273	3797201	
NC_064222.1_3781957	NC_064222.1	3781957		4.194		LOC118274815	LIM/homeobox protein Lhx1	15720	3735273	3797201	
NC_064222.1_3787345	NC_064222.1	3787345		-4.487		LOC118274750	trichoplein keratin filament-binding protein	13389	3797495	3803974	
NC_064222.1_3787987	NC_064222.1	3787987		-4.008		LOC118274750	trichoplein keratin filament-binding protein	12747	3797495	3803974	
NC_064222.1_3910225	NC_064222.1	3910225		-4.236		LOC118274730	pupal cuticle protein	3304	3909647	3917411	
NC_064222.1_3912859	NC_064222.1	3912859		-4.146		LOC118274730	pupal cuticle protein	670	3909647	3917411	
NC_064222.1_3914036	NC_064222.1	3914036		-4.129		LOC118274730	pupal cuticle protein	507	3909647	3917411	
NC_064222.1_3930853	NC_064222.1	3930853		-4.69		LOC118274724	eukaryotic translation initiation factor 3 subunit C	755	3929117	3934099	
NC_064222.1_3974288	NC_064222.1	3974288		-4.096		LOC118274458	gephyrin	132	3971020	3977820	
NC_064222.1_3974309	NC_064222.1	3974309		-4.598		LOC118274458	gephyrin	111	3971020	3977820	
NC_064222.1_4004781	NC_064222.1	4004781		-4.076		LOC118274719	citron rho-interacting kinase	1416	3994197	4012532	
NC_064222.1_4009216	NC_064222.1	4009216		-4.036		LOC118274719	citron rho-interacting kinase	5851	3994197	4012532	
NC_064222.1_4041474	NC_064222.1	4041474		-4.239		LOC118274525	uncharacterized LOC118274525	11427	4045779	4060023	
NC_064222.1_4044620	NC_064222.1	4044620		-4.007		LOC118274525	uncharacterized LOC118274525	8281	4045779	4060023	
NC_064222.1_4204031	NC_064222.1	4204031		-4.177		LOC118275060	pupal cuticle protein	6590	4193115	4201766	
NC_064222.1_4204033	NC_064222.1	4204033		-4.657		LOC118275060	pupal cuticle protein	6592	4193115	4201766	
NC_064222.1_4219326	NC_064222.1	4219326		-4.184		LOC118274881	glucose dehydrogenase [FAD, quinone]	5215	4217209	4231873	
NC_064222.1_4252832	NC_064222.1	4252832		-4.17		LOC118274474	glutamic acid-rich protein	9731	4250354	4274772	
NC_064222.1_4485045	NC_064222.1	4485045		4.09		LOC118274627	protein ABHD18	2283	4480759	4493898	
NC_064222.1_4698114	NC_064222.1	4698114		-4.051		LOC118274710	arginine/serine-rich coiled-coil protein 2	2230	4695684	4705005	
NC_064222.1_4797082	NC_064222.1	4797082		4.002		LOC118274784	two pore channel protein 1	9124	4789387	4823026	
NC_064222.1_4865400	NC_064222.1	4865400		-4.041		LOC118274450	dolichyl pyrophosphate Man9GlcNAc2 alpha-1,3-glucosyltransferase	5368	4869781	4871755	解毒/代谢
NC_064222.1_4877810	NC_064222.1	4877810		4.392		LOC118275109	protein adenylyltransferase SelO-like	2516	4875950	4884703	解毒/代谢
NC_064222.1_4930317	NC_064222.1	4930317		-4.005		LOC118274703	cholesterol transporter ABCA5	15219	4914419	4976654	
NC_064222.1_4943192	NC_064222.1	4943192		4.108		LOC118274703	cholesterol transporter ABCA5	2344	4914419	4976654	
NC_064222.1_5011616	NC_064222.1	5011616		-4.367		LOC118275035	mitochondrial fission process protein 1	6119	5002335	5008658	
NC_064222.1_5096370	NC_064222.1	5096370		-4.238		LOC118275040	hsp70-binding protein 1	935	5092296	5098573	HSP/热激蛋白
NC_064222.1_5147844	NC_064222.1	5147844		-4.065		LOC118275047	transcription factor Adf-1	5943	5140819	5142983	
NC_064222.1_5156957	NC_064222.1	5156957		-4.122		LOC118275049	uncharacterized LOC118275049	1039	5157051	5158941	
NC_064222.1_5157807	NC_064222.1	5157807		-5.513		LOC118275049	uncharacterized LOC118275049	189	5157051	5158941	
NC_064222.1_5367499	NC_064222.1	5367499		4.202		LOC118274638	protein I'm not dead yet	7890	5354392	5396386	
NC_064222.1_5373008	NC_064222.1	5373008		-4.43		LOC118274638	protein I'm not dead yet	2381	5354392	5396386	
NC_064222.1_5504457	NC_064222.1	5504457		4.324		LOC118274738	uncharacterized LOC118274738	12137	5489196	5495443	
NC_064222.1_5585559	NC_064222.1	5585559		-4.049		LOC118274548	uncharacterized LOC118274548	48035	5500682	5574366	
NC_064222.1_5684375	NC_064222.1	5684375		4.008		LOC118274926	tectonic-like complex member MKS1	305	5682213	5685927	
NC_064222.1_5834795	NC_064222.1	5834795		-4.017		LOC118275076	ceramide synthase 5	4624	5816671	5843670	
NC_064222.1_5851845	NC_064222.1	5851845		-4.466		LOC118275077	ceramide synthase 6-like	4757	5852557	5860647	
NC_064222.1_5875462	NC_064222.1	5875462		-4.08		LOC118275078	ceramide synthase 5-like	1088	5861186	5891915	
NC_064222.1_5941889	NC_064222.1	5941889		-4.013		LOC118274860	serine protease gd	16770	5937823	5979495	
NC_064222.1_6013239	NC_064222.1	6013239		4.033		LOC118274843	uncharacterized LOC118274843	8416	6015514	6027797	
NC_064222.1_6330912	NC_064222.1	6330912		-4.002		Trnat-cgu	transfer RNA threonine (anticodon CGU)	87	6330964	6331035	
NC_064222.1_6455114	NC_064222.1	6455114		4.18		LOC118275069	uncharacterized LOC118275069	9421	6450912	6478158	
NC_064222.1_6506288	NC_064222.1	6506288		-4.243		LOC118275070	eukaryotic translation initiation factor 4E transporter	5510	6483402	6518154	
NC_064222.1_6581731	NC_064222.1	6581731		-5.022		LOC118275215	cytospin-A	9791	6558278	6624767	
NC_064222.1_6612984	NC_064222.1	6612984		4.518		LOC118274723	serine/arginine repetitive matrix protein 1	17624	6625979	6635238	
NC_064222.1_6667172	NC_064222.1	6667172		-4.598		LOC118274480	TBC1 domain family member whacked	10964	6638063	6674353	
NC_064222.1_6697167	NC_064222.1	6697167		-4.305		LOC118274473	uncharacterized LOC118274473	7173	6688358	6720323	
NC_064222.1_6708187	NC_064222.1	6708187		-4.163		LOC118274473	uncharacterized LOC118274473	3846	6688358	6720323	
NC_064222.1_6828207	NC_064222.1	6828207		-4.206		(基因间区)		-1			
NC_064222.1_7009195	NC_064222.1	7009195		4.865		(基因间区)		-1			
NC_064222.1_7009198	NC_064222.1	7009198		4.767		(基因间区)		-1			
NC_064222.1_7021681	NC_064222.1	7021681		4.204		(基因间区)		-1			
NC_064222.1_7057355	NC_064222.1	7057355		4.609		(基因间区)		-1			
NC_064222.1_7671137	NC_064222.1	7671137		-4.08		LOC118274847	neo-calmodulin	1868	7648243	7690295	
NC_064222.1_7699413	NC_064222.1	7699413		-4.317		LOC118274906	sodium/calcium exchanger regulatory protein 1	7370	7695229	7718338	离子/渗透
NC_064222.1_7757732	NC_064222.1	7757732		-4.542		LOC118274585	unconventional myosin-XVIIIa	110921	7719721	8017585	
NC_064222.1_7903059	NC_064222.1	7903059		4.0		LOC118274585	unconventional myosin-XVIIIa	34406	7719721	8017585	
NC_064222.1_7915312	NC_064222.1	7915312		-4.02		LOC118274585	unconventional myosin-XVIIIa	46659	7719721	8017585	
NC_064222.1_8042163	NC_064222.1	8042163		-4.051		LOC126911211	uncharacterized LOC126911211	3623	8042667	8048905	
NC_064222.1_8042164	NC_064222.1	8042164		-4.272		LOC126911211	uncharacterized LOC126911211	3622	8042667	8048905	
NC_064222.1_8062415	NC_064222.1	8062415		4.285		LOC118274592	PAX-interacting protein 1	10215	8039180	8065220	
NC_064222.1_8101601	NC_064222.1	8101601		-4.15		LOC118274947	N-glycosylase/DNA lyase	2738	8096492	8101233	
NC_064222.1_8165072	NC_064222.1	8165072		-4.086		LOC118275130	retinaldehyde-binding protein 1	11524	8157749	8195444	
NC_064222.1_8210668	NC_064222.1	8210668		4.304		LOC118275129	zinc metalloproteinase nas-6	852	8208697	8214343	
NC_064222.1_8380363	NC_064222.1	8380363		4.262		LOC118275074	uncharacterized LOC118275074	13507	8393272	8394468	
NC_064222.1_8432518	NC_064222.1	8432518		4.285		LOC126911245	uncharacterized LOC126911245	10801	8417592	8425842	
NC_064222.1_8514393	NC_064222.1	8514393		4.11		LOC118274874	T-box transcription factor TBX3	20171	8440945	8547498	
NC_064222.1_8622633	NC_064222.1	8622633		4.527		(基因间区)		-1			
NC_064222.1_8692732	NC_064222.1	8692732		4.276		LOC118275092	adenosine deaminase 2-A-like	93	8691751	8693900	
NC_064222.1_8699066	NC_064222.1	8699066		4.663		LOC118275174	trafficking protein particle complex subunit 3	5202	8701097	8707440	
NC_064222.1_8756370	NC_064222.1	8756370		-5.077		LOC118274574	luciferin 4-monooxygenase-like	99	8751139	8761799	
NC_064222.1_9189243	NC_064222.1	9189243		-4.123		LOC118274754	very-long-chain 3-oxoacyl-CoA reductase	6819	9168980	9195867	
NC_064222.1_9238099	NC_064222.1	9238099		-4.308		LOC118274752	potassium channel subfamily K member 18-like	6062	9233433	9254890	离子/渗透
NC_064222.1_9362086	NC_064222.1	9362086		-4.598		(基因间区)		-1			
NC_064222.1_9458223	NC_064222.1	9458223		4.085		LOC118274751	uncoordinated protein 58	111921	9385458	9754831	
NC_064222.1_9556299	NC_064222.1	9556299		4.42		LOC118274751	uncoordinated protein 58	13845	9385458	9754831	
NC_064222.1_9631175	NC_064222.1	9631175		-4.145		LOC126911246	uncharacterized LOC126911246	5574	9635957	9637541	
NC_064222.1_9881108	NC_064222.1	9881108		-4.462		LOC118274564	double C2-like domain-containing protein beta	7539	9858251	9919044	
NC_064222.1_9882704	NC_064222.1	9882704		-4.095		LOC118274564	double C2-like domain-containing protein beta	5943	9858251	9919044	
NC_064222.1_10026912	NC_064222.1	10026912		4.462		LOC118274786	SAFB-like transcription modulator	9789	9991673	10081729	
NC_064222.1_10110915	NC_064222.1	10110915		-4.585		LOC118275096	uncharacterized LOC118275096	474	10087236	10135543	
NC_064222.1_10148414	NC_064222.1	10148414		-4.113		LOC118274896	uncharacterized LOC118274896	21140	10144747	10194361	
NC_064222.1_10190018	NC_064222.1	10190018		-4.121		LOC118274850	protein Red	16536	10197137	10215971	
NC_064222.1_10193530	NC_064222.1	10193530		-4.126		LOC118274850	protein Red	13024	10197137	10215971	
NC_064222.1_10263767	NC_064222.1	10263767		-4.052		LOC118274636	phosphatidylinositol transfer protein alpha isoform	1679	10246528	10277647	
NC_064222.1_10313262	NC_064222.1	10313262		-4.8		LOC118274595	uncharacterized LOC118274595	5477	10306713	10308857	
NC_064222.1_10356473	NC_064222.1	10356473		-4.378		LOC118275009	collagenase	7343	10361632	10366001	
NC_064222.1_10356479	NC_064222.1	10356479		4.22		LOC118275009	collagenase	7337	10361632	10366001	
NC_064222.1_10644681	NC_064222.1	10644681		4.69		Trnag-ucc	transfer RNA glycine (anticodon UCC)	11818	10656464	10656535	
NC_064222.1_10691107	NC_064222.1	10691107		4.094		LOC118275185	uncharacterized LOC118275185	2094	10687579	10690447	
NC_064222.1_10708530	NC_064222.1	10708530		-4.006		LOC118274862	uncharacterized LOC118274862	999	10708863	10710195	
NC_064222.1_10831770	NC_064222.1	10831770		4.45		LOC118275236	calcium/calmodulin-dependent protein kinase kinase 2	38805	10774967	10966184	
NC_064222.1_10872723	NC_064222.1	10872723		-4.581		LOC118275236	calcium/calmodulin-dependent protein kinase kinase 2	2147	10774967	10966184	
NC_064222.1_10915718	NC_064222.1	10915718		-4.678		LOC118275236	calcium/calmodulin-dependent protein kinase kinase 2	45142	10774967	10966184	
NC_064222.1_10969718	NC_064222.1	10969718		-4.273		LOC118275011	AT-rich interactive domain-containing protein 2-like	298	10968109	10970731	
NC_064222.1_10990248	NC_064222.1	10990248		-4.472		LOC118274789	phenoloxidase subunit 1	293	10984622	10995288	
NC_064222.1_11066723	NC_064222.1	11066723		4.125		LOC126911248	uncharacterized LOC126911248	4458	11067487	11074876	
NC_064222.1_11112148	NC_064222.1	11112148		5.022		LOC118274733	nose resistant to fluoxetine protein 6	520	11107409	11117927	
NC_064222.1_11153640	NC_064222.1	11153640		-4.038		LOC126911249	uncharacterized LOC126911249	21259	11129053	11135708	
NC_064222.1_11159089	NC_064222.1	11159089		4.301		LOC118275172	uncharacterized LOC118275172	18078	11173869	11180466	
NC_064222.1_11172834	NC_064222.1	11172834		-4.047		LOC118275172	uncharacterized LOC118275172	4333	11173869	11180466	
NC_064222.1_11181222	NC_064222.1	11181222		-4.958		LOC118275172	uncharacterized LOC118275172	4054	11173869	11180466	
NC_064222.1_11183408	NC_064222.1	11183408		4.58		LOC118274630	apolipophorin-3	3630	11186418	11187658	
NC_064222.1_11184057	NC_064222.1	11184057		-4.161		LOC118274630	apolipophorin-3	2981	11186418	11187658	
NC_064222.1_11190569	NC_064222.1	11190569		-5.054		LOC118274630	apolipophorin-3	3531	11186418	11187658	
NC_064223.1_130543	NC_064223.1	130543		-4.223		LOC118262632	uncharacterized LOC118262632	13229	62078	172550	
NC_064223.1_172570	NC_064223.1	172570		-4.207		LOC118262826	uncharacterized LOC118262826	6402	177192	180753	
NC_064223.1_178732	NC_064223.1	178732		4.134		LOC118262826	uncharacterized LOC118262826	240	177192	180753	
NC_064223.1_464933	NC_064223.1	464933		4.519		LOC118262454	uncharacterized LOC118262454	11354	415586	491571	
NC_064223.1_464941	NC_064223.1	464941		-4.139		LOC118262454	uncharacterized LOC118262454	11362	415586	491571	
NC_064223.1_548519	NC_064223.1	548519		-4.229		LOC118262273	uncharacterized LOC118262273	3964	551124	553843	
NC_064223.1_1177850	NC_064223.1	1177850		-4.093		LOC118262395	protein vav	2684	1168091	1192977	
NC_064223.1_1226537	NC_064223.1	1226537		-4.048		LOC118263032	dual specificity protein kinase TTK	3831	1221108	1224303	
NC_064223.1_1290644	NC_064223.1	1290644		-4.545		LOC118262295	nucleolar complex protein 4 homolog	1541	1284742	1293463	
NC_064223.1_1298296	NC_064223.1	1298296		-4.243		LOC118262309	116 kDa U5 small nuclear ribonucleoprotein component-like	1308	1293583	1300392	
NC_064223.1_1357260	NC_064223.1	1357260		4.057		LOC118262995	innexin inx7-like	11710	1365427	1372513	
NC_064223.1_1505568	NC_064223.1	1505568		-4.374		LOC118262476	uncharacterized LOC118262476	8996	1508922	1520207	
NC_064223.1_1596760	NC_064223.1	1596760		-4.711		LOC118262840	homeobox protein MSH-C	5486	1584753	1597795	
NC_064223.1_1696768	NC_064223.1	1696768		4.038		LOC118262929	uncharacterized LOC118262929	11533	1664468	1706001	
NC_064223.1_1746924	NC_064223.1	1746924		4.176		LOC118263149	ADP-ribosylation factor-like protein 16	14641	1731110	1733456	
NC_064223.1_1751758	NC_064223.1	1751758		-4.116		LOC118263149	ADP-ribosylation factor-like protein 16	19475	1731110	1733456	
NC_064223.1_1873026	NC_064223.1	1873026		-4.387		LOC118263008	ecdysone-induced protein 74EF	21925	1754957	1947244	滞育/光周期
NC_064223.1_1873029	NC_064223.1	1873029		-4.036		LOC118263008	ecdysone-induced protein 74EF	21928	1754957	1947244	滞育/光周期
NC_064223.1_1897605	NC_064223.1	1897605		-4.255		LOC118263008	ecdysone-induced protein 74EF	46504	1754957	1947244	滞育/光周期
NC_064223.1_1900765	NC_064223.1	1900765		-4.4		LOC118263008	ecdysone-induced protein 74EF	49664	1754957	1947244	滞育/光周期
NC_064223.1_1937550	NC_064223.1	1937550		-4.056		LOC118262887	vesicle-trafficking protein SEC22b	12616	1948575	1951757	
NC_064223.1_1950858	NC_064223.1	1950858		-4.507		LOC118262887	vesicle-trafficking protein SEC22b	692	1948575	1951757	
NC_064223.1_2014255	NC_064223.1	2014255		-4.796		LOC118262581	nitric oxide-associated protein 1	19724	2032680	2035278	
NC_064223.1_2035391	NC_064223.1	2035391		-4.016		LOC118262581	nitric oxide-associated protein 1	1412	2032680	2035278	
NC_064223.1_2043099	NC_064223.1	2043099		-4.149		LOC118263147	protein crumbs	5297	2019526	2056078	
NC_064223.1_2051265	NC_064223.1	2051265		-4.153		LOC118262561	ubiquitin carboxyl-terminal hydrolase MINDY-3 homolog	6815	2056517	2059644	
NC_064223.1_2051612	NC_064223.1	2051612		-4.036		LOC118262561	ubiquitin carboxyl-terminal hydrolase MINDY-3 homolog	6468	2056517	2059644	
NC_064223.1_2118693	NC_064223.1	2118693		-4.029		LOC118263109	cell division cycle 7-related protein kinase	151	2116137	2121551	
NC_064223.1_2336486	NC_064223.1	2336486		4.09		LOC118262381	putative uncharacterized protein DDB_G0282133	8438	2300536	2355559	
NC_064223.1_2393418	NC_064223.1	2393418		-4.165		LOC118262534	kynurenine aminotransferase	15713	2373329	2382081	解毒/代谢
NC_064223.1_2601991	NC_064223.1	2601991		4.08		LOC118263056	seminal metalloprotease 1-like	122916	2269583	2688567	
NC_064223.1_2718648	NC_064223.1	2718648		-4.193		LOC118263099	nuclear hormone receptor FTZ-F1 beta	11117	2706116	2753414	
NC_064223.1_2748583	NC_064223.1	2748583		4.117		LOC118263098	ras-related protein Rab-9B	10355	2754080	2763796	
NC_064223.1_2867140	NC_064223.1	2867140		-4.52		LOC126911291	uncharacterized LOC126911291	7708	2872477	2877220	
NC_064223.1_2947437	NC_064223.1	2947437		-4.646		LOC118262448	rab GTPase-activating protein 1-like	18170	2946797	2984417	
NC_064223.1_2992079	NC_064223.1	2992079		4.01		LOC118262829	dynein light chain Tctex-type protein 2B-like	1536	2991738	2995493	
NC_064223.1_3104179	NC_064223.1	3104179		-4.357		LOC118262946	protein purity of essence	28555	3080139	3185330	
NC_064223.1_3110905	NC_064223.1	3110905		-4.439		LOC118262946	protein purity of essence	21829	3080139	3185330	
NC_064223.1_3149540	NC_064223.1	3149540		-4.041		LOC118262946	protein purity of essence	16805	3080139	3185330	
NC_064223.1_3260887	NC_064223.1	3260887		-4.244		LOC118263123	protein obstructor-E	49	3253645	3268030	
NC_064223.1_3326854	NC_064223.1	3326854		4.015		LOC118263122	protein obstructor-E	11367	3303827	3327147	
NC_064223.1_3518174	NC_064223.1	3518174		-4.218		LOC118263166	voltage-dependent calcium channel type A subunit alpha-1	24377	3415313	3669789	离子/渗透
NC_064223.1_3518182	NC_064223.1	3518182		-4.636		LOC118263166	voltage-dependent calcium channel type A subunit alpha-1	24369	3415313	3669789	离子/渗透
NC_064223.1_3659800	NC_064223.1	3659800		-4.288		LOC118263166	voltage-dependent calcium channel type A subunit alpha-1	117249	3415313	3669789	离子/渗透
NC_064223.1_3786875	NC_064223.1	3786875		4.085		LOC118263064	probable E3 ubiquitin-protein ligase HERC2	10895	3774934	3820607	
NC_064223.1_3787453	NC_064223.1	3787453		-4.206		LOC118263064	probable E3 ubiquitin-protein ligase HERC2	10317	3774934	3820607	
NC_064223.1_3793988	NC_064223.1	3793988		-4.619		LOC118263064	probable E3 ubiquitin-protein ligase HERC2	3782	3774934	3820607	
NC_064223.1_3812895	NC_064223.1	3812895		4.194		LOC118262531	cyclic AMP-dependent transcription factor ATF-6 alpha	14599	3821083	3833906	
NC_064223.1_3874708	NC_064223.1	3874708		4.218		LOC118262332	GTPase-activating Rap/Ran-GAP domain-like protein 3	78654	3838908	4067817	
NC_064223.1_3936748	NC_064223.1	3936748		-4.337		LOC118262337	ZZ-type zinc finger-containing protein 3	14362	3950403	3951817	
NC_064223.1_3984118	NC_064223.1	3984118		4.22		Trnap-ugg	transfer RNA proline (anticodon UGG)	4018	3980064	3980135	
NC_064223.1_4189721	NC_064223.1	4189721		-4.045		LOC118262529	uncharacterized LOC118262529	14653	4203070	4205678	
NC_064223.1_4213472	NC_064223.1	4213472		-5.758		LOC118262529	uncharacterized LOC118262529	9098	4203070	4205678	
NC_064223.1_4404349	NC_064223.1	4404349		-4.038		LOC118262304	ATP-dependent helicase brm	1755	4396436	4408751	
NC_064223.1_4591595	NC_064223.1	4591595		-4.783		LOC118262760	homeobox protein B-H2	6302	4584594	4611200	
NC_064223.1_4695419	NC_064223.1	4695419		4.752		LOC118262346	kallikrein-8-like	1657	4696321	4697832	
NC_064223.1_4783416	NC_064223.1	4783416		4.247		LOC118262971	uncharacterized LOC118262971	11883	4769586	4821012	
NC_064223.1_4784610	NC_064223.1	4784610		-4.078		LOC118262971	uncharacterized LOC118262971	10689	4769586	4821012	
NC_064223.1_4882775	NC_064223.1	4882775		4.081		LOC118262954	uncharacterized LOC118262954	5849	4887562	4889686	
NC_064223.1_4929494	NC_064223.1	4929494		4.181		LOC118262961	uncharacterized LOC118262961	22743	4880145	4933356	
NC_064223.1_5033957	NC_064223.1	5033957		4.068		LOC118262950	beta-1,4-glucuronyltransferase 1	30656	5023962	5105264	解毒/代谢
NC_064223.1_5065689	NC_064223.1	5065689		-4.127		LOC118262950	beta-1,4-glucuronyltransferase 1	1076	5023962	5105264	解毒/代谢
NC_064223.1_5099299	NC_064223.1	5099299		4.01		LOC118262906	protein obstructor-E	23113	5115683	5129142	
NC_064223.1_5209744	NC_064223.1	5209744		4.28		LOC118262538	formin-binding protein 1-like	10342	5180277	5218526	
NC_064223.1_5241971	NC_064223.1	5241971		-4.122		LOC118262496	nose resistant to fluoxetine protein 6	40427	5225818	5338979	
NC_064223.1_5390878	NC_064223.1	5390878		-4.065		LOC118263012	cytochrome P450 6l1	3063	5382594	5393036	氧化应激
NC_064223.1_5408737	NC_064223.1	5408737		-4.117		LOC118263012	cytochrome P450 6l1	20922	5382594	5393036	氧化应激
NC_064223.1_5569273	NC_064223.1	5569273		4.021		LOC118262432	1-acyl-sn-glycerol-3-phosphate acyltransferase alpha	6015	5569560	5581016	解毒/代谢
NC_064223.1_5698880	NC_064223.1	5698880		-4.314		LOC118262401	gamma-aminobutyric acid type B receptor subunit 1	75534	5686408	5862421	
NC_064223.1_5719151	NC_064223.1	5719151		4.228		LOC118262401	gamma-aminobutyric acid type B receptor subunit 1	55263	5686408	5862421	
NC_064223.1_5772399	NC_064223.1	5772399		-4.05		LOC118262401	gamma-aminobutyric acid type B receptor subunit 1	2015	5686408	5862421	
NC_064223.1_5982474	NC_064223.1	5982474		4.018		LOC118262397	protein sickie	10665	5866031	6077586	
NC_064223.1_6015404	NC_064223.1	6015404		-4.023		LOC118262397	protein sickie	43595	5866031	6077586	
NC_064223.1_6280934	NC_064223.1	6280934		4.053		LOC118262263	guanine nucleotide-releasing factor 2	6544	6270536	6304421	
NC_064223.1_6425091	NC_064223.1	6425091		-4.063		LOC118262495	uncharacterized LOC118262495	46869	6441729	6502192	
NC_064223.1_6539063	NC_064223.1	6539063		-4.446		(基因间区)		-1			
NC_064223.1_6539064	NC_064223.1	6539064		-4.624		(基因间区)		-1			
NC_064223.1_6633552	NC_064223.1	6633552		-4.086		LOC118262323	cytoplasmic 60S subunit biogenesis factor ZNF622	1149	6631990	6637412	
NC_064223.1_6644208	NC_064223.1	6644208		-4.317		LOC118262566	zinc finger CCCH-type with G patch domain-containing protein	1241	6640775	6645158	
NC_064223.1_6665321	NC_064223.1	6665321		-4.195		LOC118262565	uncharacterized LOC118262565	3640	6644251	6693672	
NC_064223.1_6691807	NC_064223.1	6691807		-4.499		LOC118262567	uncharacterized LOC118262567	8146	6693916	6705991	
NC_064223.1_6813939	NC_064223.1	6813939		-4.054		LOC118262514	integrator complex subunit 8	297	6810793	6816491	
NC_064223.1_6887589	NC_064223.1	6887589		4.906		LOC118262242	matrix metalloproteinase-14	5245	6878806	6906862	
NC_064223.1_7000316	NC_064223.1	7000316		-4.096		LOC118262424	nicastrin	276	6996931	7003149	
NC_064223.1_7000318	NC_064223.1	7000318		-4.44		LOC118262424	nicastrin	278	6996931	7003149	
NC_064223.1_7000322	NC_064223.1	7000322		-4.993		LOC118262424	nicastrin	282	6996931	7003149	
NC_064223.1_7000338	NC_064223.1	7000338		-5.271		LOC118262424	nicastrin	298	6996931	7003149	
NC_064223.1_7083697	NC_064223.1	7083697		-4.413		LOC118262486	uncharacterized LOC118262486	6611	7046875	7107296	
NC_064223.1_7108876	NC_064223.1	7108876		-4.576		LOC118262253	serine/threonine-protein kinase mig-15	7866	7110406	7123078	
NC_064223.1_7167424	NC_064223.1	7167424		-4.927		LOC118262384	potassium voltage-gated channel unc-103-like	8161	7158088	7193083	离子/渗透
NC_064223.1_7296425	NC_064223.1	7296425		-4.24		LOC118262383	uncharacterized protein CG16817	9087	7304654	7306371	
NC_064223.1_7296429	NC_064223.1	7296429		-4.82		LOC118262383	uncharacterized protein CG16817	9083	7304654	7306371	
NC_064223.1_7346766	NC_064223.1	7346766		-4.396		LOC118262416	cilium assembly protein DZIP1L	478	7344495	7349994	
NC_064223.1_7362551	NC_064223.1	7362551		4.626		LOC118262415	DNA replication complex GINS protein SLD5	4542	7357501	7358517	
NC_064223.1_7377836	NC_064223.1	7377836		-4.496		LOC118262414	ATP-binding cassette sub-family C member 4	6100	7358683	7384788	
NC_064223.1_7397573	NC_064223.1	7397573		-4.483		LOC118262363	AP-3 complex subunit delta	405	7392535	7401801	
NC_064223.1_7398115	NC_064223.1	7398115		-4.228		LOC118262363	AP-3 complex subunit delta	947	7392535	7401801	
NC_064223.1_7430402	NC_064223.1	7430402		-4.031		LOC118262360	uncharacterized LOC118262360	5893	7422900	7426117	
NC_064223.1_7493419	NC_064223.1	7493419		4.154		LOC118262358	uncharacterized LOC118262358	19540	7413952	7533805	
NC_064223.1_7502438	NC_064223.1	7502438		-4.021		LOC118262358	uncharacterized LOC118262358	28559	7413952	7533805	
NC_064223.1_7825235	NC_064223.1	7825235		-4.189		LOC118263138	uncharacterized LOC118263138	4806	7810247	7849835	
NC_064223.1_7832119	NC_064223.1	7832119		-4.229		LOC118263138	uncharacterized LOC118263138	2078	7810247	7849835	
NC_064223.1_7857262	NC_064223.1	7857262		-4.07		LOC118263137	ATP-binding cassette sub-family C member 4	12908	7849820	7890520	
NC_064223.1_7858607	NC_064223.1	7858607		-4.066		LOC118263137	ATP-binding cassette sub-family C member 4	11563	7849820	7890520	
NC_064223.1_7924210	NC_064223.1	7924210		-4.088		Trnas-gcu	transfer RNA serine (anticodon GCU)	1684	7925854	7925935	
NC_064223.1_8061400	NC_064223.1	8061400		-4.214		LOC126911271	uncharacterized LOC126911271	11615	8048328	8051241	
NC_064223.1_8116395	NC_064223.1	8116395		4.452		LOC118262262	filamin-B	33201	8042275	8124113	
NC_064223.1_8150424	NC_064223.1	8150424		4.024		LOC118262523	cyclic nucleotide-gated cation channel alpha-3	50163	8162507	8238667	离子/渗透
NC_064223.1_8175289	NC_064223.1	8175289		-4.016		LOC118262523	cyclic nucleotide-gated cation channel alpha-3	25298	8162507	8238667	离子/渗透
NC_064223.1_8192541	NC_064223.1	8192541		-4.219		LOC118262523	cyclic nucleotide-gated cation channel alpha-3	8046	8162507	8238667	离子/渗透
NC_064223.1_8420088	NC_064223.1	8420088		4.062		LOC118263142	beta-catenin-like protein 1	1548	8416494	8420585	
NC_064223.1_8466169	NC_064223.1	8466169		-4.018		LOC118262748	protein ECT2	5292	8459087	8483836	
NC_064223.1_8620405	NC_064223.1	8620405		4.331		LOC118262710	TAR DNA-binding protein 43	6958	8625041	8629686	
NC_064223.1_8625632	NC_064223.1	8625632		-4.279		LOC118262710	TAR DNA-binding protein 43	1731	8625041	8629686	
NC_064223.1_8699811	NC_064223.1	8699811		-4.808		LOC118262675	COP9 signalosome complex subunit 6	6067	8691042	8696446	
NC_064223.1_8699812	NC_064223.1	8699812		-4.752		LOC118262675	COP9 signalosome complex subunit 6	6068	8691042	8696446	
NC_064223.1_8699813	NC_064223.1	8699813		-4.149		LOC118262675	COP9 signalosome complex subunit 6	6069	8691042	8696446	
NC_064223.1_8772024	NC_064223.1	8772024		-4.479		LOC118262666	eukaryotic translation initiation factor 2A	322	8769631	8775061	
NC_064223.1_8805628	NC_064223.1	8805628		-4.114		LOC118262667	protein tramtrack, alpha isoform-like	16258	8806333	8837440	
NC_064223.1_9044734	NC_064223.1	9044734		-4.046		LOC118262657	coiled-coil domain-containing protein 39	3785	9039273	9057766	
NC_064223.1_9052849	NC_064223.1	9052849		-4.231		LOC118263214	U1 spliceosomal RNA	3300	9049468	9049630	
NC_064223.1_9065332	NC_064223.1	9065332		-4.279		LOC118262668	zinc finger protein ZFP2	5718	9058133	9061094	
NC_064223.1_9216132	NC_064223.1	9216132		4.037		LOC118262756	para-nitrobenzyl esterase-like	5633	9220613	9222918	解毒/代谢
NC_064223.1_9285051	NC_064223.1	9285051		-4.31		LOC118262879	cholinesterase 1	1917	9285822	9288115	解毒/代谢
NC_064223.1_9285052	NC_064223.1	9285052		4.41		LOC118262879	cholinesterase 1	1916	9285822	9288115	解毒/代谢
NC_064223.1_9417655	NC_064223.1	9417655		-4.078		LOC118262316	replication factor C subunit 4	1661	9417393	9421239	
NC_064223.1_9430376	NC_064223.1	9430376		4.745		LOC118262316	replication factor C subunit 4	11060	9417393	9421239	
NC_064223.1_9441044	NC_064223.1	9441044		4.01		LOC118262316	replication factor C subunit 4	21728	9417393	9421239	
NC_064223.1_9441052	NC_064223.1	9441052		-4.469		LOC118262316	replication factor C subunit 4	21736	9417393	9421239	
NC_064223.1_9459055	NC_064223.1	9459055		-4.325		LOC118262205	myotubularin-related protein 9	16519	9470424	9480724	
NC_064223.1_9625598	NC_064223.1	9625598		-4.269		LOC118262286	uncharacterized LOC118262286	19256	9605639	9607045	
NC_064223.1_9647343	NC_064223.1	9647343		-4.407		LOC118262280	serine/threonine-protein phosphatase 2A regulatory subunit B'' subunit delta	60579	9510841	9662686	
NC_064223.1_9659502	NC_064223.1	9659502		-4.134		LOC126911265	uncharacterized LOC126911265	12931	9669607	9675260	
NC_064223.1_9667318	NC_064223.1	9667318		-4.069		LOC126911265	uncharacterized LOC126911265	5115	9669607	9675260	
NC_064223.1_9871978	NC_064223.1	9871978		5.084		LOC118263199	U4 spliceosomal RNA	3049	9868859	9868998	
NC_064223.1_9958927	NC_064223.1	9958927		-4.044		(基因间区)		-1			
NC_064223.1_10103871	NC_064223.1	10103871		4.698		LOC118262492	DNA replication licensing factor Mcm7	20265	10120777	10127496	
NC_064223.1_10138512	NC_064223.1	10138512		-4.247		LOC118262423	uncharacterized protein CG7065	2528	10134352	10147728	
NC_064223.1_10144407	NC_064223.1	10144407		4.149		LOC118262423	uncharacterized protein CG7065	3367	10134352	10147728	
NC_064223.1_10208577	NC_064223.1	10208577		-4.451		LOC118262738	maternal protein pumilio	10185	10162953	10233831	
NC_064223.1_10208670	NC_064223.1	10208670		-4.567		LOC118262738	maternal protein pumilio	10278	10162953	10233831	
NC_064223.1_10209160	NC_064223.1	10209160		-4.036		LOC118262738	maternal protein pumilio	10768	10162953	10233831	
NC_064223.1_10226431	NC_064223.1	10226431		-4.638		LOC118262739	pre-mRNA 3'-end-processing factor FIP1	13118	10237471	10241627	
NC_064223.1_10344305	NC_064223.1	10344305		4.104		LOC118262221	uncharacterized protein DDB_G0290685-like	139	10342794	10345538	
NC_064223.1_10344310	NC_064223.1	10344310		-4.387		LOC118262221	uncharacterized protein DDB_G0290685-like	144	10342794	10345538	
NC_064223.1_10554906	NC_064223.1	10554906		-4.213		LOC118262991	60S acidic ribosomal protein P1	685	10553563	10554878	
NC_064223.1_10640624	NC_064223.1	10640624		-4.028		Trnat-cgu	transfer RNA threonine (anticodon CGU)	16002	10656591	10656662	
NC_064223.1_10831791	NC_064223.1	10831791		4.743		LOC118262798	gustatory receptor for sugar taste 64e-like	6269	10818562	10832482	
NC_064223.1_10845359	NC_064223.1	10845359		4.391		LOC118262210	gustatory receptor for sugar taste 64a-like	3533	10846029	10851756	
NC_064223.1_10846431	NC_064223.1	10846431		-4.231		LOC118262210	gustatory receptor for sugar taste 64a-like	2461	10846029	10851756	
NC_064223.1_10846432	NC_064223.1	10846432		-4.353		LOC118262210	gustatory receptor for sugar taste 64a-like	2460	10846029	10851756	
NC_064223.1_10883769	NC_064223.1	10883769		4.126		LOC118262463	5-hydroxytryptamine receptor 2B	47195	10871007	10990921	
NC_064223.1_10883813	NC_064223.1	10883813		4.194		LOC118262463	5-hydroxytryptamine receptor 2B	47151	10871007	10990921	
NC_064223.1_10977123	NC_064223.1	10977123		4.295		LOC118262463	5-hydroxytryptamine receptor 2B	46159	10871007	10990921	
NC_064223.1_11016045	NC_064223.1	11016045		-4.926		LOC118262556	uncharacterized LOC118262556	1209	11012692	11021816	
NC_064223.1_11079928	NC_064223.1	11079928		-4.303		LOC118262919	uncharacterized LOC118262919	13459	10892848	11293927	
NC_064223.1_11133930	NC_064223.1	11133930		4.039		LOC118262919	uncharacterized LOC118262919	40542	10892848	11293927	
NC_064223.1_11176733	NC_064223.1	11176733		4.149		LOC118262822	probable G-protein coupled receptor No18	7176	11120542	11247276	
NC_064223.1_11213740	NC_064223.1	11213740		-4.225		LOC118262822	probable G-protein coupled receptor No18	29831	11120542	11247276	
NC_064223.1_11341797	NC_064223.1	11341797		4.081		LOC118262724	uncharacterized LOC118262724	4448	11335061	11339637	
NC_064223.1_11407869	NC_064223.1	11407869		-4.13		LOC118263085	uncharacterized LOC118263085	11206	11416825	11421326	
NC_064223.1_11431172	NC_064223.1	11431172		-4.261		LOC118263150	uncharacterized LOC118263150	1166	11429775	11434902	
NC_064223.1_11431241	NC_064223.1	11431241		-4.11		LOC118263150	uncharacterized LOC118263150	1097	11429775	11434902	
NC_064223.1_11437668	NC_064223.1	11437668		4.196		LOC118262973	uncharacterized LOC118262973	321	11435616	11439077	
NC_064223.1_11457853	NC_064223.1	11457853		4.045		LOC118263051	uncharacterized LOC118263051	9188	11447056	11450274	
NC_064223.1_11463900	NC_064223.1	11463900		-4.107		LOC118263051	uncharacterized LOC118263051	15235	11447056	11450274	
NC_064223.1_11483417	NC_064223.1	11483417		4.161		LOC118262451	acetylcholinesterase	175	11455013	11511470	解毒/代谢
NC_064223.1_11485086	NC_064223.1	11485086		-4.072		LOC118262451	acetylcholinesterase	1844	11455013	11511470	解毒/代谢
NC_064223.1_11503620	NC_064223.1	11503620		4.211		LOC118262451	acetylcholinesterase	20378	11455013	11511470	解毒/代谢
NC_064223.1_11517326	NC_064223.1	11517326		-4.217		LOC118262834	protein lifeguard 4	12371	11527517	11531878	
NC_064223.1_11519377	NC_064223.1	11519377		4.035		LOC118262834	protein lifeguard 4	10320	11527517	11531878	
NC_064223.1_11534357	NC_064223.1	11534357		4.001		LOC118263187	uncharacterized LOC118263187	3421	11532887	11542669	
NC_064223.1_11534358	NC_064223.1	11534358		4.287		LOC118263187	uncharacterized LOC118263187	3420	11532887	11542669	
NC_064223.1_11534775	NC_064223.1	11534775		-4.142		LOC118263187	uncharacterized LOC118263187	3003	11532887	11542669	
NC_064223.1_11534781	NC_064223.1	11534781		4.47		LOC118263187	uncharacterized LOC118263187	2997	11532887	11542669	
NC_064223.1_11534782	NC_064223.1	11534782		4.502		LOC118263187	uncharacterized LOC118263187	2996	11532887	11542669	
NC_064223.1_11540391	NC_064223.1	11540391		4.109		LOC118263187	uncharacterized LOC118263187	2613	11532887	11542669	
NC_064223.1_11543247	NC_064223.1	11543247		4.719		LOC118263188	periodic tryptophan protein 1 homolog	3171	11542809	11550027	滞育/光周期
NC_064223.1_11549359	NC_064223.1	11549359		-4.002		LOC118263188	periodic tryptophan protein 1 homolog	2941	11542809	11550027	滞育/光周期
NC_064223.1_11551067	NC_064223.1	11551067		-4.285		LOC118263188	periodic tryptophan protein 1 homolog	4649	11542809	11550027	滞育/光周期
NC_064223.1_11551546	NC_064223.1	11551546		-4.045		LOC118263188	periodic tryptophan protein 1 homolog	5128	11542809	11550027	滞育/光周期
NC_064223.1_11554271	NC_064223.1	11554271		4.412		LOC118263189	aspartate aminotransferase, cytoplasmic	3596	11550627	11565107	解毒/代谢
NC_064223.1_11554779	NC_064223.1	11554779		-4.359		LOC118263189	aspartate aminotransferase, cytoplasmic	3088	11550627	11565107	解毒/代谢
NC_064223.1_11554799	NC_064223.1	11554799		4.234		LOC118263189	aspartate aminotransferase, cytoplasmic	3068	11550627	11565107	解毒/代谢
NC_064223.1_11558277	NC_064223.1	11558277		-4.346		LOC118263189	aspartate aminotransferase, cytoplasmic	410	11550627	11565107	解毒/代谢
NC_064223.1_11558339	NC_064223.1	11558339		-5.032		LOC118263189	aspartate aminotransferase, cytoplasmic	472	11550627	11565107	解毒/代谢
NC_064223.1_11559071	NC_064223.1	11559071		-4.363		LOC118263189	aspartate aminotransferase, cytoplasmic	1204	11550627	11565107	解毒/代谢
NC_064223.1_11559593	NC_064223.1	11559593		-4.292		LOC118263189	aspartate aminotransferase, cytoplasmic	1726	11550627	11565107	解毒/代谢
NC_064223.1_11560292	NC_064223.1	11560292		-4.357		LOC118263189	aspartate aminotransferase, cytoplasmic	2425	11550627	11565107	解毒/代谢
NC_064223.1_11560329	NC_064223.1	11560329		4.295		LOC118263189	aspartate aminotransferase, cytoplasmic	2462	11550627	11565107	解毒/代谢
NC_064223.1_11564363	NC_064223.1	11564363		4.031		LOC118262430	uncharacterized LOC118262430	4817	11566698	11571663	
NC_064223.1_11564903	NC_064223.1	11564903		-4.326		LOC118262430	uncharacterized LOC118262430	4277	11566698	11571663	
NC_064223.1_11567303	NC_064223.1	11567303		4.97		LOC118262430	uncharacterized LOC118262430	1877	11566698	11571663	
NC_064223.1_11572970	NC_064223.1	11572970		5.414		LOC118262427	replication factor C subunit 1	1897	11567320	11582415	
NC_064223.1_11572987	NC_064223.1	11572987		-4.518		LOC118262427	replication factor C subunit 1	1880	11567320	11582415	
NC_064223.1_11588084	NC_064223.1	11588084		-4.444		LOC118262428	uncharacterized LOC118262428	3295	11583763	11585815	
NC_064223.1_11588399	NC_064223.1	11588399		4.194		LOC118262428	uncharacterized LOC118262428	3610	11583763	11585815	
NC_064223.1_11588400	NC_064223.1	11588400		4.875		LOC118262428	uncharacterized LOC118262428	3611	11583763	11585815	
NC_064223.1_11588406	NC_064223.1	11588406		4.94		LOC118262428	uncharacterized LOC118262428	3617	11583763	11585815	
NC_064223.1_11591093	NC_064223.1	11591093		-4.573		LOC118262428	uncharacterized LOC118262428	6304	11583763	11585815	
NC_064223.1_11593583	NC_064223.1	11593583		-4.238		LOC118262769	probable phospholipid-transporting ATPase IIB	7112	11589173	11612217	
NC_064223.1_11608842	NC_064223.1	11608842		-4.139		LOC126911292	myb-related transcription factor, partner of profilin-like	4895	11602435	11605458	
NC_064223.1_11611803	NC_064223.1	11611803		-4.144		LOC126911292	myb-related transcription factor, partner of profilin-like	7856	11602435	11605458	
NC_064223.1_11612161	NC_064223.1	11612161		-4.346		LOC126911292	myb-related transcription factor, partner of profilin-like	8214	11602435	11605458	
NC_064223.1_11615119	NC_064223.1	11615119		-4.359		LOC126911292	myb-related transcription factor, partner of profilin-like	11172	11602435	11605458	
NC_064223.1_11615940	NC_064223.1	11615940		-4.028		LOC126911292	myb-related transcription factor, partner of profilin-like	11993	11602435	11605458	
NC_064223.1_11615957	NC_064223.1	11615957		-4.36		LOC126911292	myb-related transcription factor, partner of profilin-like	12010	11602435	11605458	
NC_064223.1_11616316	NC_064223.1	11616316		-4.596		LOC126911292	myb-related transcription factor, partner of profilin-like	12369	11602435	11605458	
NC_064223.1_11616319	NC_064223.1	11616319		-4.5		LOC126911292	myb-related transcription factor, partner of profilin-like	12372	11602435	11605458	
NC_064223.1_11616798	NC_064223.1	11616798		-4.157		LOC126911292	myb-related transcription factor, partner of profilin-like	12851	11602435	11605458	
NC_064223.1_11618208	NC_064223.1	11618208		-4.472		LOC126911292	myb-related transcription factor, partner of profilin-like	14261	11602435	11605458	
NC_064223.1_11618417	NC_064223.1	11618417		-4.115		LOC126911292	myb-related transcription factor, partner of profilin-like	14470	11602435	11605458	
NC_064223.1_11640987	NC_064223.1	11640987		-4.317		LOC118262939	FERM, ARHGEF and pleckstrin domain-containing protein 1	3394	11612465	11676298	
NC_064223.1_11641039	NC_064223.1	11641039		-4.09		LOC118262939	FERM, ARHGEF and pleckstrin domain-containing protein 1	3342	11612465	11676298	
NC_064223.1_11641109	NC_064223.1	11641109		-4.057		LOC118262939	FERM, ARHGEF and pleckstrin domain-containing protein 1	3272	11612465	11676298	
NC_064223.1_11647890	NC_064223.1	11647890		-4.155		LOC118262939	FERM, ARHGEF and pleckstrin domain-containing protein 1	3508	11612465	11676298	
NC_064223.1_11648304	NC_064223.1	11648304		-4.082		LOC118262939	FERM, ARHGEF and pleckstrin domain-containing protein 1	3922	11612465	11676298	
NC_064223.1_11648617	NC_064223.1	11648617		-4.807		LOC118262939	FERM, ARHGEF and pleckstrin domain-containing protein 1	4235	11612465	11676298	
NC_064223.1_11648640	NC_064223.1	11648640		-4.858		LOC118262939	FERM, ARHGEF and pleckstrin domain-containing protein 1	4258	11612465	11676298	
NC_064223.1_11648678	NC_064223.1	11648678		-5.119		LOC118262939	FERM, ARHGEF and pleckstrin domain-containing protein 1	4296	11612465	11676298	
NC_064223.1_11649045	NC_064223.1	11649045		-5.36		LOC118262939	FERM, ARHGEF and pleckstrin domain-containing protein 1	4663	11612465	11676298	
NC_064223.1_11649100	NC_064223.1	11649100		-5.49		LOC118262939	FERM, ARHGEF and pleckstrin domain-containing protein 1	4718	11612465	11676298	
NC_064223.1_11649103	NC_064223.1	11649103		-4.237		LOC118262939	FERM, ARHGEF and pleckstrin domain-containing protein 1	4721	11612465	11676298	
NC_064223.1_11649125	NC_064223.1	11649125		-4.026		LOC118262939	FERM, ARHGEF and pleckstrin domain-containing protein 1	4743	11612465	11676298	
NC_064223.1_11649633	NC_064223.1	11649633		-4.097		LOC118262939	FERM, ARHGEF and pleckstrin domain-containing protein 1	5251	11612465	11676298	
NC_064223.1_11649638	NC_064223.1	11649638		-4.073		LOC118262939	FERM, ARHGEF and pleckstrin domain-containing protein 1	5256	11612465	11676298	
NC_064223.1_11649857	NC_064223.1	11649857		-4.448		LOC118262939	FERM, ARHGEF and pleckstrin domain-containing protein 1	5475	11612465	11676298	
NC_064223.1_11650083	NC_064223.1	11650083		-4.115		LOC118262939	FERM, ARHGEF and pleckstrin domain-containing protein 1	5701	11612465	11676298	
NC_064223.1_11650088	NC_064223.1	11650088		-4.066		LOC118262939	FERM, ARHGEF and pleckstrin domain-containing protein 1	5706	11612465	11676298	
NC_064223.1_11650105	NC_064223.1	11650105		-4.585		LOC118262939	FERM, ARHGEF and pleckstrin domain-containing protein 1	5723	11612465	11676298	
NC_064223.1_11651331	NC_064223.1	11651331		-4.641		LOC118262939	FERM, ARHGEF and pleckstrin domain-containing protein 1	6949	11612465	11676298	
NC_064223.1_11651910	NC_064223.1	11651910		-4.027		LOC118262939	FERM, ARHGEF and pleckstrin domain-containing protein 1	7528	11612465	11676298	
NC_064223.1_11652193	NC_064223.1	11652193		-4.566		LOC118262939	FERM, ARHGEF and pleckstrin domain-containing protein 1	7811	11612465	11676298	
NC_064223.1_11652348	NC_064223.1	11652348		-4.281		LOC118262939	FERM, ARHGEF and pleckstrin domain-containing protein 1	7966	11612465	11676298	
NC_064223.1_11652591	NC_064223.1	11652591		-4.923		LOC118262939	FERM, ARHGEF and pleckstrin domain-containing protein 1	8209	11612465	11676298	
NC_064223.1_11652606	NC_064223.1	11652606		4.506		LOC118262939	FERM, ARHGEF and pleckstrin domain-containing protein 1	8224	11612465	11676298	
NC_064223.1_11653267	NC_064223.1	11653267		-4.45		LOC118262939	FERM, ARHGEF and pleckstrin domain-containing protein 1	8885	11612465	11676298	
NC_064223.1_11653530	NC_064223.1	11653530		-4.251		LOC118262939	FERM, ARHGEF and pleckstrin domain-containing protein 1	9148	11612465	11676298	
NC_064223.1_11653533	NC_064223.1	11653533		-4.375		LOC118262939	FERM, ARHGEF and pleckstrin domain-containing protein 1	9151	11612465	11676298	
NC_064223.1_11653665	NC_064223.1	11653665		-4.198		LOC118262939	FERM, ARHGEF and pleckstrin domain-containing protein 1	9283	11612465	11676298	
NC_064223.1_11654538	NC_064223.1	11654538		-4.768		LOC118262939	FERM, ARHGEF and pleckstrin domain-containing protein 1	10156	11612465	11676298	
NC_064223.1_11654622	NC_064223.1	11654622		-5.158		LOC118262939	FERM, ARHGEF and pleckstrin domain-containing protein 1	10240	11612465	11676298	
NC_064223.1_11654658	NC_064223.1	11654658		-4.313		LOC118262939	FERM, ARHGEF and pleckstrin domain-containing protein 1	10276	11612465	11676298	
NC_064223.1_11654832	NC_064223.1	11654832		-4.317		LOC118262939	FERM, ARHGEF and pleckstrin domain-containing protein 1	10450	11612465	11676298	
NC_064223.1_11655003	NC_064223.1	11655003		-4.078		LOC118262939	FERM, ARHGEF and pleckstrin domain-containing protein 1	10621	11612465	11676298	
NC_064223.1_11657079	NC_064223.1	11657079		-4.449		LOC118262939	FERM, ARHGEF and pleckstrin domain-containing protein 1	12697	11612465	11676298	
NC_064223.1_11657850	NC_064223.1	11657850		4.004		LOC118262939	FERM, ARHGEF and pleckstrin domain-containing protein 1	13468	11612465	11676298	
NC_064223.1_11659674	NC_064223.1	11659674		-4.135		LOC118262939	FERM, ARHGEF and pleckstrin domain-containing protein 1	15292	11612465	11676298	
NC_064223.1_11661153	NC_064223.1	11661153		-4.246		LOC118262939	FERM, ARHGEF and pleckstrin domain-containing protein 1	16771	11612465	11676298	
NC_064223.1_11661171	NC_064223.1	11661171		-4.223		LOC118262939	FERM, ARHGEF and pleckstrin domain-containing protein 1	16789	11612465	11676298	
NC_064223.1_11665960	NC_064223.1	11665960		-4.389		LOC118262939	FERM, ARHGEF and pleckstrin domain-containing protein 1	21578	11612465	11676298	
NC_064223.1_11665969	NC_064223.1	11665969		-4.186		LOC118262939	FERM, ARHGEF and pleckstrin domain-containing protein 1	21587	11612465	11676298	
NC_064223.1_11666101	NC_064223.1	11666101		-5.381		LOC118262939	FERM, ARHGEF and pleckstrin domain-containing protein 1	21719	11612465	11676298	
NC_064223.1_11666182	NC_064223.1	11666182		-4.016		LOC118262939	FERM, ARHGEF and pleckstrin domain-containing protein 1	21800	11612465	11676298	
NC_064223.1_11666244	NC_064223.1	11666244		4.466		LOC118262939	FERM, ARHGEF and pleckstrin domain-containing protein 1	21862	11612465	11676298	
NC_064223.1_11666247	NC_064223.1	11666247		5.521		LOC118262939	FERM, ARHGEF and pleckstrin domain-containing protein 1	21865	11612465	11676298	
NC_064223.1_11666281	NC_064223.1	11666281		-4.036		LOC118262939	FERM, ARHGEF and pleckstrin domain-containing protein 1	21899	11612465	11676298	
NC_064223.1_11667288	NC_064223.1	11667288		-4.63		LOC118262939	FERM, ARHGEF and pleckstrin domain-containing protein 1	22906	11612465	11676298	
NC_064223.1_11670459	NC_064223.1	11670459		-4.147		LOC118262939	FERM, ARHGEF and pleckstrin domain-containing protein 1	26077	11612465	11676298	
NC_064223.1_11670676	NC_064223.1	11670676		-4.324		LOC118262939	FERM, ARHGEF and pleckstrin domain-containing protein 1	26294	11612465	11676298	
NC_064223.1_11673539	NC_064223.1	11673539		-4.034		LOC118262939	FERM, ARHGEF and pleckstrin domain-containing protein 1	29157	11612465	11676298	
NC_064223.1_11675692	NC_064223.1	11675692		-4.222		LOC118281557	uncharacterized LOC118281557	20493	11693592	11698779	
NC_064223.1_11676433	NC_064223.1	11676433		-4.082		LOC118281557	uncharacterized LOC118281557	19752	11693592	11698779	
NC_064223.1_11677213	NC_064223.1	11677213		-4.284		LOC118281557	uncharacterized LOC118281557	18972	11693592	11698779	
NC_064223.1_11677417	NC_064223.1	11677417		-4.021		LOC118281557	uncharacterized LOC118281557	18768	11693592	11698779	
NC_064223.1_11677433	NC_064223.1	11677433		-4.398		LOC118281557	uncharacterized LOC118281557	18752	11693592	11698779	
NC_064223.1_11677449	NC_064223.1	11677449		-4.129		LOC118281557	uncharacterized LOC118281557	18736	11693592	11698779	
NC_064223.1_11683176	NC_064223.1	11683176		-4.565		LOC118281557	uncharacterized LOC118281557	13009	11693592	11698779	
NC_064223.1_11683192	NC_064223.1	11683192		-4.424		LOC118281557	uncharacterized LOC118281557	12993	11693592	11698779	
NC_064223.1_11683719	NC_064223.1	11683719		-4.483		LOC118281557	uncharacterized LOC118281557	12466	11693592	11698779	
NC_064223.1_11685142	NC_064223.1	11685142		4.037		LOC118281557	uncharacterized LOC118281557	11043	11693592	11698779	
NC_064223.1_11691303	NC_064223.1	11691303		-4.351		LOC118281557	uncharacterized LOC118281557	4882	11693592	11698779	
NC_064223.1_11692819	NC_064223.1	11692819		-4.497		LOC118281557	uncharacterized LOC118281557	3366	11693592	11698779	
NC_064223.1_11722429	NC_064223.1	11722429		-4.158		LOC118262938	adenylyl cyclase 78C	23436	11676295	11815436	
NC_064223.1_11723007	NC_064223.1	11723007		-4.44		LOC118262938	adenylyl cyclase 78C	22858	11676295	11815436	
NC_064223.1_11724323	NC_064223.1	11724323		-4.635		LOC118262938	adenylyl cyclase 78C	21542	11676295	11815436	
NC_064223.1_11724404	NC_064223.1	11724404		-4.757		LOC118262938	adenylyl cyclase 78C	21461	11676295	11815436	
NC_064223.1_11724499	NC_064223.1	11724499		-4.201		LOC118262938	adenylyl cyclase 78C	21366	11676295	11815436	
NC_064223.1_11733220	NC_064223.1	11733220		-4.408		LOC118262938	adenylyl cyclase 78C	12645	11676295	11815436	
NC_064223.1_11733421	NC_064223.1	11733421		-4.407		LOC118262938	adenylyl cyclase 78C	12444	11676295	11815436	
NC_064223.1_11733427	NC_064223.1	11733427		-4.512		LOC118262938	adenylyl cyclase 78C	12438	11676295	11815436	
NC_064223.1_11735466	NC_064223.1	11735466		-4.595		LOC118262938	adenylyl cyclase 78C	10399	11676295	11815436	
NC_064223.1_11737255	NC_064223.1	11737255		4.879		LOC118262938	adenylyl cyclase 78C	8610	11676295	11815436	
NC_064223.1_11737759	NC_064223.1	11737759		-4.037		LOC118262938	adenylyl cyclase 78C	8106	11676295	11815436	
NC_064223.1_11739605	NC_064223.1	11739605		-4.059		LOC118262938	adenylyl cyclase 78C	6260	11676295	11815436	
NC_064223.1_11739611	NC_064223.1	11739611		-4.022		LOC118262938	adenylyl cyclase 78C	6254	11676295	11815436	
NC_064223.1_11744202	NC_064223.1	11744202		-4.01		LOC118262938	adenylyl cyclase 78C	1663	11676295	11815436	
NC_064223.1_11753784	NC_064223.1	11753784		4.119		LOC118262938	adenylyl cyclase 78C	7918	11676295	11815436	
NC_064223.1_11756166	NC_064223.1	11756166		4.125		LOC118262938	adenylyl cyclase 78C	10300	11676295	11815436	
NC_064223.1_11760174	NC_064223.1	11760174		-4.381		LOC118262938	adenylyl cyclase 78C	14308	11676295	11815436	
NC_064223.1_11761372	NC_064223.1	11761372		4.732		LOC118262938	adenylyl cyclase 78C	15506	11676295	11815436	
NC_064223.1_11790172	NC_064223.1	11790172		4.009		LOC118262938	adenylyl cyclase 78C	44306	11676295	11815436	
NC_064223.1_11842225	NC_064223.1	11842225		-4.149		LOC118263023	adenylyl cyclase 78C	11980	11817877	11842612	
NC_064223.1_11889027	NC_064223.1	11889027		-4.081		LOC118262208	anoctamin-1	4965	11865738	11902385	
NC_064223.1_11893307	NC_064223.1	11893307		5.611		LOC118262208	anoctamin-1	9245	11865738	11902385	
NC_064223.1_11894827	NC_064223.1	11894827		-4.353		LOC118262208	anoctamin-1	10765	11865738	11902385	
NC_064223.1_11894844	NC_064223.1	11894844		-4.659		LOC118262208	anoctamin-1	10782	11865738	11902385	
NC_064223.1_11896086	NC_064223.1	11896086		-4.057		LOC118262208	anoctamin-1	12024	11865738	11902385	
NC_064223.1_11942473	NC_064223.1	11942473		-4.336		LOC118262378	uncharacterized LOC118262378	9213	11931700	11934820	
NC_064223.1_11942774	NC_064223.1	11942774		-5.595		LOC118262378	uncharacterized LOC118262378	9514	11931700	11934820	
NC_064223.1_11942914	NC_064223.1	11942914		-4.267		LOC118262378	uncharacterized LOC118262378	9654	11931700	11934820	
NC_064223.1_11954134	NC_064223.1	11954134		-4.062		LOC118262439	actin nucleation-promoting factor WASL	10321	11951721	11977190	
NC_064223.1_11955509	NC_064223.1	11955509		4.067		LOC118262439	actin nucleation-promoting factor WASL	8946	11951721	11977190	
NC_064223.1_11968711	NC_064223.1	11968711		-4.132		LOC118262439	actin nucleation-promoting factor WASL	4255	11951721	11977190	
NC_064223.1_11973645	NC_064223.1	11973645		-4.503		LOC118262438	zinc finger protein 91-like	8224	11977178	11986560	
NC_064223.1_12036933	NC_064223.1	12036933		-4.085		LOC126911269	uncharacterized LOC126911269	4032	12030546	12035256	
NC_064223.1_12037018	NC_064223.1	12037018		-4.449		LOC126911269	uncharacterized LOC126911269	4117	12030546	12035256	
NC_064223.1_12052038	NC_064223.1	12052038		-4.685		LOC126911295	uncharacterized LOC126911295	7870	12042235	12046101	
NC_064223.1_12052151	NC_064223.1	12052151		4.272		LOC126911295	uncharacterized LOC126911295	7983	12042235	12046101	
NC_064223.1_12052159	NC_064223.1	12052159		4.73		LOC126911295	uncharacterized LOC126911295	7991	12042235	12046101	
NC_064223.1_12052562	NC_064223.1	12052562		-4.003		LOC126911295	uncharacterized LOC126911295	8394	12042235	12046101	
NC_064223.1_12098318	NC_064223.1	12098318		-4.257		LOC118262350	E3 ubiquitin-protein ligase RNF13	34628	12046965	12080414	
NC_064223.1_12113573	NC_064223.1	12113573		4.132		LOC118262625	general transcription factor IIF subunit 1	28341	12131635	12152193	
NC_064223.1_12120438	NC_064223.1	12120438		-4.679		LOC126910618	asparagine-rich protein-like	19260	12138493	12140903	
NC_064223.1_12122536	NC_064223.1	12122536		-4.254		LOC126910618	asparagine-rich protein-like	17162	12138493	12140903	
NC_064223.1_12126314	NC_064223.1	12126314		4.186		LOC126910618	asparagine-rich protein-like	13384	12138493	12140903	
NC_064223.1_12131522	NC_064223.1	12131522		-4.038		LOC126910618	asparagine-rich protein-like	8176	12138493	12140903	
NC_064223.1_12131780	NC_064223.1	12131780		-4.075		LOC126910618	asparagine-rich protein-like	7918	12138493	12140903	
NC_064223.1_12135783	NC_064223.1	12135783		-4.849		LOC126910618	asparagine-rich protein-like	3915	12138493	12140903	
NC_064223.1_12136050	NC_064223.1	12136050		4.12		LOC126910618	asparagine-rich protein-like	3648	12138493	12140903	
NC_064223.1_12144917	NC_064223.1	12144917		4.204		LOC118262625	general transcription factor IIF subunit 1	3003	12131635	12152193	
NC_064223.1_12144927	NC_064223.1	12144927		-4.036		LOC118262625	general transcription factor IIF subunit 1	3013	12131635	12152193	
NC_064223.1_12144933	NC_064223.1	12144933		4.219		LOC118262625	general transcription factor IIF subunit 1	3019	12131635	12152193	
NC_064223.1_12144936	NC_064223.1	12144936		4.431		LOC118262625	general transcription factor IIF subunit 1	3022	12131635	12152193	
NC_064223.1_12157332	NC_064223.1	12157332		-4.25		LOC118262233	kelch domain-containing protein 4	1862	12152655	12158284	
NC_064223.1_12159107	NC_064223.1	12159107		4.114		LOC118262233	kelch domain-containing protein 4	3637	12152655	12158284	
NC_064223.1_12273996	NC_064223.1	12273996		-4.265		LOC118262184	probable glutamate--tRNA ligase, mitochondrial	827	12272975	12276672	
NC_064223.1_12290387	NC_064223.1	12290387		-4.462		LOC118262730	diacylglycerol kinase eta	13759	12280907	12327386	
NC_064223.1_12290421	NC_064223.1	12290421		-4.234		LOC118262730	diacylglycerol kinase eta	13725	12280907	12327386	
NC_064223.1_12298592	NC_064223.1	12298592		-4.223		LOC118262730	diacylglycerol kinase eta	5554	12280907	12327386	
NC_064223.1_12299942	NC_064223.1	12299942		-4.029		LOC118262730	diacylglycerol kinase eta	4204	12280907	12327386	
NC_064223.1_12310073	NC_064223.1	12310073		-4.183		LOC118262730	diacylglycerol kinase eta	5926	12280907	12327386	
NC_064223.1_12314990	NC_064223.1	12314990		-4.756		LOC118262730	diacylglycerol kinase eta	10843	12280907	12327386	
NC_064223.1_12329072	NC_064223.1	12329072		5.196		LOC126911294	cytochrome P450 9e2-like	15440	12341868	12347156	氧化应激
NC_064223.1_12333438	NC_064223.1	12333438		-4.217		LOC126911294	cytochrome P450 9e2-like	11074	12341868	12347156	氧化应激
NC_064223.1_12333610	NC_064223.1	12333610		-4.052		LOC126911294	cytochrome P450 9e2-like	10902	12341868	12347156	氧化应激
NC_064223.1_12335967	NC_064223.1	12335967		-4.084		LOC126911294	cytochrome P450 9e2-like	8545	12341868	12347156	氧化应激
NC_064223.1_12362760	NC_064223.1	12362760		-4.176		LOC118262627	uncharacterized LOC118262627	3618	12358948	12373809	
NC_064223.1_12463463	NC_064223.1	12463463		-4.481		LOC118262910	GATA-binding factor A	18869	12461808	12502857	
NC_064223.1_12489590	NC_064223.1	12489590		4.539		LOC118262910	GATA-binding factor A	7257	12461808	12502857	
NC_064223.1_12497556	NC_064223.1	12497556		4.054		LOC118262911	thialysine N-epsilon-acetyltransferase	5772	12502566	12504090	解毒/代谢
NC_064223.1_12507109	NC_064223.1	12507109		-4.044		LOC118262909	zinc finger protein 93	49	12504617	12509503	
NC_064223.1_12528219	NC_064223.1	12528219		-5.378		LOC118262914	uncharacterized LOC118262914	5539	12531442	12536074	
NC_064223.1_12536771	NC_064223.1	12536771		-4.028		LOC118262913	dnaJ homolog subfamily C member 3	2855	12536073	12543180	HSP/热激蛋白
NC_064223.1_12536773	NC_064223.1	12536773		-4.011		LOC118262913	dnaJ homolog subfamily C member 3	2853	12536073	12543180	HSP/热激蛋白
NC_064223.1_12733064	NC_064223.1	12733064		-4.694		LOC118262918	ichor	7664	12722016	12759441	
NC_064223.1_12781078	NC_064223.1	12781078		4.166		LOC118263036	uncharacterized LOC118263036	2181	12775977	12781817	
NC_064223.1_12892986	NC_064223.1	12892986		4.507		LOC118262623	uncharacterized LOC118262623	11321	12879490	12883839	
NC_064223.1_13061567	NC_064223.1	13061567		-4.801		LOC118262827	neuroligin-4, X-linked	55657	13063589	13170860	
NC_064223.1_13061570	NC_064223.1	13061570		-4.363		LOC118262827	neuroligin-4, X-linked	55654	13063589	13170860	
NC_064223.1_13081638	NC_064223.1	13081638		-4.06		LOC118262827	neuroligin-4, X-linked	35586	13063589	13170860	
NC_064223.1_13147521	NC_064223.1	13147521		4.185		LOC118262827	neuroligin-4, X-linked	30296	13063589	13170860	
NC_064223.1_13289531	NC_064223.1	13289531		4.3		LOC118262772	uncharacterized LOC118262772	21205	13294532	13326941	
NC_064223.1_13386368	NC_064223.1	13386368		-4.013		(基因间区)		-1			
NC_064223.1_13448917	NC_064223.1	13448917		4.021		(基因间区)		-1			
NC_064223.1_13570125	NC_064223.1	13570125		4.117		(基因间区)		-1			
NC_064223.1_13755039	NC_064223.1	13755039		4.027		LOC118262651	inactive ubiquitin carboxyl-terminal hydrolase MINDY-4B	16970	13759764	13784255	
NC_064223.1_13813255	NC_064223.1	13813255		4.138		LOC118263183	uncharacterized LOC118263183	3320	13811985	13821166	
NC_064223.1_14033323	NC_064223.1	14033323		-4.887		LOC118262889	neuroligin-4, Y-linked	7232	13995586	14085524	
NC_064223.1_14246081	NC_064223.1	14246081		-4.525		LOC118262785	cytochrome P450 6B5	6948	14251120	14254938	氧化应激
NC_064223.1_14305037	NC_064223.1	14305037		-4.088		LOC118263005	cytochrome P450 6B6-like	16936	14321036	14322911	氧化应激
NC_064223.1_14308764	NC_064223.1	14308764		4.382		LOC118263005	cytochrome P450 6B6-like	13209	14321036	14322911	氧化应激
NC_064223.1_14311693	NC_064223.1	14311693		4.098		LOC118263005	cytochrome P450 6B6-like	10280	14321036	14322911	氧化应激
NC_064223.1_14311716	NC_064223.1	14311716		4.204		LOC118263005	cytochrome P450 6B6-like	10257	14321036	14322911	氧化应激
NC_064223.1_14311718	NC_064223.1	14311718		4.499		LOC118263005	cytochrome P450 6B6-like	10255	14321036	14322911	氧化应激
NC_064223.1_14311719	NC_064223.1	14311719		-4.25		LOC118263005	cytochrome P450 6B6-like	10254	14321036	14322911	氧化应激
NC_064223.1_14324320	NC_064223.1	14324320		4.481		LOC118263005	cytochrome P450 6B6-like	2346	14321036	14322911	氧化应激
NC_064223.1_14324726	NC_064223.1	14324726		-4.02		LOC118263005	cytochrome P450 6B6-like	2752	14321036	14322911	氧化应激
NC_064223.1_14325631	NC_064223.1	14325631		4.09		LOC118263005	cytochrome P450 6B6-like	3657	14321036	14322911	氧化应激
NC_064223.1_14327244	NC_064223.1	14327244		4.338		LOC118262778	uncharacterized LOC118262778	2222	14327823	14331109	
NC_064223.1_14327399	NC_064223.1	14327399		4.262		LOC118262778	uncharacterized LOC118262778	2067	14327823	14331109	
NC_064223.1_14328284	NC_064223.1	14328284		-4.751		LOC118262778	uncharacterized LOC118262778	1182	14327823	14331109	
NC_064223.1_14328467	NC_064223.1	14328467		4.304		LOC118262778	uncharacterized LOC118262778	999	14327823	14331109	
NC_064223.1_14328620	NC_064223.1	14328620		4.203		LOC118262778	uncharacterized LOC118262778	846	14327823	14331109	
NC_064223.1_14328650	NC_064223.1	14328650		4.507		LOC118262778	uncharacterized LOC118262778	816	14327823	14331109	
NC_064223.1_14328743	NC_064223.1	14328743		4.422		LOC118262778	uncharacterized LOC118262778	723	14327823	14331109	
NC_064223.1_14328755	NC_064223.1	14328755		4.083		LOC118262778	uncharacterized LOC118262778	711	14327823	14331109	
NC_064223.1_14329404	NC_064223.1	14329404		4.308		LOC118262778	uncharacterized LOC118262778	62	14327823	14331109	
NC_064223.1_14332334	NC_064223.1	14332334		-4.968		LOC118262778	uncharacterized LOC118262778	2868	14327823	14331109	
NC_064223.1_14332769	NC_064223.1	14332769		4.021		LOC118263048	cytochrome P450 6B6-like	2462	14334319	14336143	氧化应激
NC_064223.1_14332901	NC_064223.1	14332901		4.262		LOC118263048	cytochrome P450 6B6-like	2330	14334319	14336143	氧化应激
NC_064223.1_14332904	NC_064223.1	14332904		4.806		LOC118263048	cytochrome P450 6B6-like	2327	14334319	14336143	氧化应激
NC_064223.1_14332906	NC_064223.1	14332906		4.476		LOC118263048	cytochrome P450 6B6-like	2325	14334319	14336143	氧化应激
NC_064223.1_14332939	NC_064223.1	14332939		4.641		LOC118263048	cytochrome P450 6B6-like	2292	14334319	14336143	氧化应激
NC_064223.1_14332961	NC_064223.1	14332961		4.043		LOC118263048	cytochrome P450 6B6-like	2270	14334319	14336143	氧化应激
NC_064223.1_14333781	NC_064223.1	14333781		4.603		LOC118263048	cytochrome P450 6B6-like	1450	14334319	14336143	氧化应激
NC_064223.1_14333818	NC_064223.1	14333818		4.643		LOC118263048	cytochrome P450 6B6-like	1413	14334319	14336143	氧化应激
NC_064223.1_14334074	NC_064223.1	14334074		4.9		LOC118263048	cytochrome P450 6B6-like	1157	14334319	14336143	氧化应激
NC_064223.1_14334483	NC_064223.1	14334483		4.922		LOC118263048	cytochrome P450 6B6-like	748	14334319	14336143	氧化应激
NC_064223.1_14334816	NC_064223.1	14334816		4.306		LOC118263048	cytochrome P450 6B6-like	415	14334319	14336143	氧化应激
NC_064223.1_14335665	NC_064223.1	14335665		-4.108		LOC118263048	cytochrome P450 6B6-like	434	14334319	14336143	氧化应激
NC_064223.1_14349917	NC_064223.1	14349917		-4.356		LOC118262818	uncharacterized LOC118262818	2418	14348675	14355996	
NC_064223.1_14399461	NC_064223.1	14399461		-4.636		LOC118263071	tubulin beta-4B chain-like	480	14399087	14400795	
NC_064223.1_14400461	NC_064223.1	14400461		-4.19		LOC118263071	tubulin beta-4B chain-like	520	14399087	14400795	
NC_064223.1_14422141	NC_064223.1	14422141		-4.002		LOC118268702	myb/SANT-like DNA-binding domain-containing protein 4	43092	14401174	14529292	
NC_064223.1_14424840	NC_064223.1	14424840		-4.566		LOC118268702	myb/SANT-like DNA-binding domain-containing protein 4	40393	14401174	14529292	
NC_064223.1_14451066	NC_064223.1	14451066		-4.606		LOC118268702	myb/SANT-like DNA-binding domain-containing protein 4	14167	14401174	14529292	
NC_064223.1_14451351	NC_064223.1	14451351		-4.126		LOC118268702	myb/SANT-like DNA-binding domain-containing protein 4	13882	14401174	14529292	
NC_064223.1_14470039	NC_064223.1	14470039		-4.23		LOC118268702	myb/SANT-like DNA-binding domain-containing protein 4	4806	14401174	14529292	
NC_064223.1_14475409	NC_064223.1	14475409		-4.968		LOC118268702	myb/SANT-like DNA-binding domain-containing protein 4	10176	14401174	14529292	
NC_064223.1_14491736	NC_064223.1	14491736		-4.002		LOC118268702	myb/SANT-like DNA-binding domain-containing protein 4	26503	14401174	14529292	
NC_064223.1_14510766	NC_064223.1	14510766		-4.042		LOC118268700	putative nuclease HARBI1	19226	14528574	14531411	
NC_064223.1_14510777	NC_064223.1	14510777		-4.113		LOC118268700	putative nuclease HARBI1	19215	14528574	14531411	
NC_064223.1_14514586	NC_064223.1	14514586		-4.389		LOC118268700	putative nuclease HARBI1	15406	14528574	14531411	
NC_064223.1_14517694	NC_064223.1	14517694		-4.256		LOC118268700	putative nuclease HARBI1	12298	14528574	14531411	
NC_064223.1_14518423	NC_064223.1	14518423		-4.003		LOC118268700	putative nuclease HARBI1	11569	14528574	14531411	
NC_064223.1_14518835	NC_064223.1	14518835		-4.242		LOC118268700	putative nuclease HARBI1	11157	14528574	14531411	
NC_064224.1_224574	NC_064224.1	224574		-4.009		(基因间区)		-1			
NC_064224.1_481371	NC_064224.1	481371		4.236		LOC126911310	uncharacterized LOC126911310	5125	483468	489525	
NC_064224.1_685673	NC_064224.1	685673		4.284		LOC126911326	uncharacterized LOC126911326	120910	555296	1057871	
NC_064224.1_937143	NC_064224.1	937143		-4.286		LOC118270570	uncharacterized LOC118270570	184	925939	948716	
NC_064224.1_985690	NC_064224.1	985690		4.163		LOC126911326	uncharacterized LOC126911326	179106	555296	1057871	
NC_064224.1_1037447	NC_064224.1	1037447		4.144		LOC118270698	G-protein coupled receptor Mth2-like	2874	1033178	1047464	
NC_064224.1_1037453	NC_064224.1	1037453		4.317		LOC118270698	G-protein coupled receptor Mth2-like	2868	1033178	1047464	
NC_064224.1_1230358	NC_064224.1	1230358		4.271		LOC118270299	thyrotropin-releasing hormone receptor	77097	1248917	1365993	
NC_064224.1_1308157	NC_064224.1	1308157		4.374		LOC118270299	thyrotropin-releasing hormone receptor	702	1248917	1365993	
NC_064224.1_1310141	NC_064224.1	1310141		-4.14		LOC118270299	thyrotropin-releasing hormone receptor	2686	1248917	1365993	
NC_064224.1_1319682	NC_064224.1	1319682		4.22		LOC118270299	thyrotropin-releasing hormone receptor	12227	1248917	1365993	
NC_064224.1_1319683	NC_064224.1	1319683		-4.412		LOC118270299	thyrotropin-releasing hormone receptor	12228	1248917	1365993	
NC_064224.1_1513962	NC_064224.1	1513962		-4.085		LOC118270268	casein kinase I	4250	1500579	1518845	
NC_064224.1_1542525	NC_064224.1	1542525		4.519		LOC118270599	probable sodium/potassium/calcium exchanger CG1090	8603	1521611	1580645	离子/渗透
NC_064224.1_1548216	NC_064224.1	1548216		-4.039		LOC118270599	probable sodium/potassium/calcium exchanger CG1090	2912	1521611	1580645	离子/渗透
NC_064224.1_1701048	NC_064224.1	1701048		-4.138		LOC118270331	protein TRC8 homolog	4470	1687298	1705857	
NC_064224.1_1711261	NC_064224.1	1711261		4.418		LOC118270566	F-box/LRR-repeat protein 2	2667	1707295	1720562	
NC_064224.1_2029658	NC_064224.1	2029658		-4.088		LOC118270251	inositol polyphosphate-5-phosphatase A	18170	1994973	2028002	
NC_064224.1_2062962	NC_064224.1	2062962		4.245		LOC118270421	myrosinase 1	217	2060510	2064979	
NC_064224.1_2088274	NC_064224.1	2088274		-4.238		LOC118270849	uncharacterized LOC118270849	3175	2066587	2103611	
NC_064224.1_2089710	NC_064224.1	2089710		4.01		LOC118270849	uncharacterized LOC118270849	4611	2066587	2103611	
NC_064224.1_2143164	NC_064224.1	2143164		4.194		LOC118270723	uncharacterized LOC118270723	5686	2137720	2159981	
NC_064224.1_2199368	NC_064224.1	2199368		-4.126		LOC118270847	venom allergen 3-like	3319	2194440	2197658	
NC_064224.1_2210080	NC_064224.1	2210080		4.025		LOC118270749	uncharacterized LOC118270749	1018	2209651	2212545	
NC_064224.1_2373386	NC_064224.1	2373386		4.326		LOC118270360	hemolymph lipopolysaccharide-binding protein-like	2290	2374000	2377352	
NC_064224.1_2390868	NC_064224.1	2390868		4.022		LOC118270404	cecropin	4646	2382084	2390359	
NC_064224.1_2397178	NC_064224.1	2397178		4.21		LOC118270821	uncharacterized LOC118270821	4152	2399207	2403453	
NC_064224.1_2610955	NC_064224.1	2610955		4.249		LOC118270618	uncharacterized LOC118270618	8274	2607924	2630535	
NC_064224.1_2611974	NC_064224.1	2611974		4.873		LOC118270618	uncharacterized LOC118270618	7255	2607924	2630535	
NC_064224.1_2665109	NC_064224.1	2665109		4.48		LOC118270816	uncharacterized LOC118270816	1098	2654437	2677977	
NC_064224.1_2665110	NC_064224.1	2665110		4.192		LOC118270816	uncharacterized LOC118270816	1097	2654437	2677977	
NC_064224.1_2789452	NC_064224.1	2789452		4.396		LOC118270786	uncharacterized LOC118270786	6791	2794213	2798273	
NC_064224.1_3040709	NC_064224.1	3040709		-4.171		Trnae-cuc	transfer RNA glutamic acid (anticodon CUC)	10757	3029916	3029987	
NC_064224.1_3104374	NC_064224.1	3104374		4.207		LOC118270437	uncharacterized LOC118270437	480	3104156	3105553	
NC_064224.1_3110218	NC_064224.1	3110218		4.302		LOC118270437	uncharacterized LOC118270437	5363	3104156	3105553	
NC_064224.1_3110230	NC_064224.1	3110230		-5.032		LOC118270437	uncharacterized LOC118270437	5375	3104156	3105553	
NC_064224.1_3113122	NC_064224.1	3113122		-4.209		LOC118270527	golgin subfamily A member 7	4890	3111547	3124478	
NC_064224.1_3275112	NC_064224.1	3275112		-4.926		LOC118270719	cytochrome P450 4C1-like	282	3271256	3278404	氧化应激
NC_064224.1_3290538	NC_064224.1	3290538		-4.011		LOC118270695	cytochrome P450 4V2-like	6185	3278766	3289940	氧化应激
NC_064224.1_3313984	NC_064224.1	3313984		-4.612		LOC118270627	uncharacterized LOC118270627	4854	3308555	3309704	
NC_064224.1_3350222	NC_064224.1	3350222		-4.328		LOC118270408	uncharacterized LOC118270408	22976	3309803	3344689	
NC_064224.1_3375556	NC_064224.1	3375556		4.032		LOC118270440	uncharacterized LOC118270440	14891	3372987	3407907	
NC_064224.1_3380523	NC_064224.1	3380523		-4.243		LOC118270440	uncharacterized LOC118270440	9924	3372987	3407907	
NC_064224.1_3457797	NC_064224.1	3457797		-4.03		LOC118270850	ubiquitin thioesterase trabid	4728	3446917	3459220	解毒/代谢
NC_064224.1_3481010	NC_064224.1	3481010		-4.75		LOC118270612	actin-binding LIM protein 2	11108	3473059	3511177	
NC_064224.1_3482953	NC_064224.1	3482953		-4.38		LOC118270612	actin-binding LIM protein 2	9165	3473059	3511177	
NC_064224.1_3501484	NC_064224.1	3501484		-4.138		LOC118270612	actin-binding LIM protein 2	9366	3473059	3511177	
NC_064224.1_3579364	NC_064224.1	3579364		4.421		LOC118270716	uncharacterized LOC118270716	6431	3566322	3579543	
NC_064224.1_3596681	NC_064224.1	3596681		-4.147		LOC118270536	uncharacterized LOC118270536	1854	3592053	3597601	
NC_064224.1_3599141	NC_064224.1	3599141		-4.216		LOC118270500	uncharacterized LOC118270500	2840	3599070	3604892	
NC_064224.1_3645702	NC_064224.1	3645702		4.148		(基因间区)		-1			
NC_064224.1_3656197	NC_064224.1	3656197		4.53		(基因间区)		-1			
NC_064224.1_3683930	NC_064224.1	3683930		4.13		(基因间区)		-1			
NC_064224.1_3795393	NC_064224.1	3795393		-5.308		LOC118270853	uncharacterized LOC118270853	8942	3769938	3802964	
NC_064224.1_3878626	NC_064224.1	3878626		4.697		LOC118270565	octopamine receptor Oamb	14829	3804367	3982544	
NC_064224.1_3922427	NC_064224.1	3922427		4.223		LOC118270565	octopamine receptor Oamb	28971	3804367	3982544	
NC_064224.1_3976469	NC_064224.1	3976469		4.616		LOC118270565	octopamine receptor Oamb	83013	3804367	3982544	
NC_064224.1_4093836	NC_064224.1	4093836		4.029		LOC118270377	facilitated trehalose transporter Tret1	10905	4095902	4113580	离子/渗透
NC_064224.1_4257401	NC_064224.1	4257401		4.282		LOC118270855	cytochrome P450 4C1-like	2987	4256441	4264336	氧化应激
NC_064224.1_4266315	NC_064224.1	4266315		-4.035		LOC118270305	cytochrome P450 4C1-like	5683	4269564	4274433	氧化应激
NC_064224.1_4558825	NC_064224.1	4558825		4.019		LOC118270752	myrosinase 1-like	3351	4553195	4557753	
NC_064224.1_4677758	NC_064224.1	4677758		4.234		LOC118270379	dopamine receptor 1	25557	4689248	4717382	
NC_064224.1_4750784	NC_064224.1	4750784		-4.179		(基因间区)		-1			
NC_064224.1_4768214	NC_064224.1	4768214		4.089		(基因间区)		-1			
NC_064224.1_4922060	NC_064224.1	4922060		5.019		LOC118267280	uncharacterized LOC118267280	6903	4928538	4929389	
NC_064224.1_5083936	NC_064224.1	5083936		-4.06		LOC118270451	uncharacterized LOC118270451	2429	5079147	5083866	
NC_064224.1_5143698	NC_064224.1	5143698		-4.09		LOC118270481	pro-corazonin	18239	5156183	5167692	
NC_064224.1_5338364	NC_064224.1	5338364		-5.556		LOC118270318	uncharacterized LOC118270318	1029	5336587	5338083	
NC_064224.1_5750240	NC_064224.1	5750240		-4.064		(基因间区)		-1			
NC_064224.1_5750243	NC_064224.1	5750243		-4.133		(基因间区)		-1			
NC_064224.1_5753062	NC_064224.1	5753062		5.163		(基因间区)		-1			
NC_064224.1_5898482	NC_064224.1	5898482		-4.095		LOC126911316	uncharacterized LOC126911316	182	5893143	5903457	
NC_064224.1_5974806	NC_064224.1	5974806		4.599		LOC118270262	uncharacterized LOC118270262	1010	5969949	5977643	
NC_064224.1_6124059	NC_064224.1	6124059		-4.1		LOC118270659	muscle segmentation homeobox	7482	6119330	6143752	
NC_064224.1_6657859	NC_064224.1	6657859		-4.136		LOC118270549	luciferin sulfotransferase-like	273	6656101	6659070	解毒/代谢
NC_064224.1_6670650	NC_064224.1	6670650		4.206		LOC118270234	uncharacterized LOC118270234	2046	6671958	6673435	
NC_064224.1_6694307	NC_064224.1	6694307		-4.542		LOC118270230	vesicular integral-membrane protein VIP36	1689	6689314	6702679	
NC_064224.1_6710703	NC_064224.1	6710703		4.061		LOC118270230	vesicular integral-membrane protein VIP36	14706	6689314	6702679	
NC_064224.1_6782750	NC_064224.1	6782750		-4.1		(基因间区)		-1			
NC_064224.1_6784860	NC_064224.1	6784860		-4.304		(基因间区)		-1			
NC_064224.1_6885418	NC_064224.1	6885418		4.424		LOC118270637	uncharacterized LOC118270637	12316	6867482	6878721	
NC_064224.1_6915648	NC_064224.1	6915648		5.081		LOC118270522	protein slit-like	8221	6922497	6925241	
NC_064224.1_6962811	NC_064224.1	6962811		4.032		LOC118270269	equilibrative nucleoside transporter 1	4844	6946105	6989205	
NC_064224.1_6983494	NC_064224.1	6983494		-4.804		LOC118270271	uncharacterized LOC118270271	7438	6989473	6992391	
NC_064224.1_7153913	NC_064224.1	7153913		-4.154		LOC118270806	coatomer subunit alpha	1734	7143016	7161341	
NC_064224.1_7160883	NC_064224.1	7160883		4.044		LOC118270363	exosome complex component CSL4	2458	7161617	7165066	
NC_064224.1_7330019	NC_064224.1	7330019		-4.876		LOC118277062	uncharacterized LOC118277062	3418	7326017	7327185	
NC_064224.1_7483060	NC_064224.1	7483060		-4.187		LOC118270224	uncharacterized LOC118270224	537	7477217	7489977	
NC_064224.1_7519001	NC_064224.1	7519001		4.144		LOC118270222	ABC transporter G family member 23	23218	7513952	7570487	
NC_064224.1_7649518	NC_064224.1	7649518		-4.215		LOC118270335	lysyl oxidase homolog 2	20964	7665293	7675672	
NC_064224.1_7717085	NC_064224.1	7717085		-4.787		LOC118270206	uncharacterized LOC118270206	1697	7708932	7728632	
NC_064224.1_7823238	NC_064224.1	7823238		-4.064		LOC118270634	octopamine receptor 1	14817	7799673	7876437	
NC_064224.1_8086468	NC_064224.1	8086468		-4.158		LOC118270607	attractin-like protein 1	34669	8036471	8067127	
NC_064224.1_8095739	NC_064224.1	8095739		-4.551		LOC118270242	mushroom body large-type Kenyon cell-specific protein 1	84010	8082067	8277431	
NC_064224.1_8363880	NC_064224.1	8363880		4.055		LOC118270227	lactase/phlorizin hydrolase-like	3632	8356221	8364275	
NC_064224.1_8453993	NC_064224.1	8453993		4.198		LOC118270420	homeobox protein HMX3-B	23229	8462202	8492243	
NC_064224.1_8576678	NC_064224.1	8576678		4.13		LOC118270713	retinol dehydrogenase 14	2551	8569743	8578511	
NC_064224.1_8616850	NC_064224.1	8616850		5.101		LOC118270264	uncharacterized LOC118270264	429	8611942	8622617	
NC_064224.1_8677378	NC_064224.1	8677378		-4.205		LOC118270239	facilitated trehalose transporter Tret1	9597	8666090	8707860	离子/渗透
NC_064224.1_8803868	NC_064224.1	8803868		-4.104		LOC118270394	NADPH-dependent diflavin oxidoreductase 1	1617	8797619	8806883	
NC_064224.1_8809018	NC_064224.1	8809018		-4.237		LOC118270395	THO complex subunit 3	1747	8808753	8812777	
NC_064224.1_8828310	NC_064224.1	8828310		4.067		LOC118270663	uncharacterized LOC118270663	9120	8816500	8821879	
NC_064224.1_8996775	NC_064224.1	8996775		4.972		LOC118270343	homeotic protein empty spiracles	7352	8970723	9008122	
NC_064224.1_9266333	NC_064224.1	9266333		-4.062		LOC118270236	ommochrome-binding protein	19577	9244319	9249193	
NC_064224.1_9331133	NC_064224.1	9331133		-4.09		LOC118270235	alpha-2Db adrenergic receptor	88585	9203314	9636123	
NC_064224.1_9652566	NC_064224.1	9652566		4.116		LOC118270457	trichohyalin	2042	9643301	9657747	
NC_064224.1_9788744	NC_064224.1	9788744		4.54		LOC118270582	ABC transporter G family member 20	20735	9756036	9862923	
NC_064224.1_9788746	NC_064224.1	9788746		4.017		LOC118270582	ABC transporter G family member 20	20733	9756036	9862923	
NC_064224.1_9815123	NC_064224.1	9815123		4.583		LOC118270582	ABC transporter G family member 20	5643	9756036	9862923	
NC_064224.1_9876214	NC_064224.1	9876214		-4.172		LOC118270581	muscle M-line assembly protein unc-89	5710	9870280	9893568	
NC_064224.1_9876217	NC_064224.1	9876217		-4.269		LOC118270581	muscle M-line assembly protein unc-89	5707	9870280	9893568	
NC_064224.1_9997102	NC_064224.1	9997102		4.684		LOC118270244	protein Skeletor, isoforms B/C	6393	9956945	10024472	
NC_064224.1_10074173	NC_064224.1	10074173		4.056		LOC118270197	putative autophagy-related protein 11	7732	10062163	10070719	
NC_064224.1_10152583	NC_064224.1	10152583		4.604		LOC118270735	uncharacterized LOC118270735	17089	10166978	10172366	
NC_064224.1_10215291	NC_064224.1	10215291		-4.188		LOC118270737	complexin	3664	10102271	10320982	
NC_064224.1_10225933	NC_064224.1	10225933		-4.053		LOC118270737	complexin	14306	10102271	10320982	
NC_064224.1_10262326	NC_064224.1	10262326		-4.156		LOC118270737	complexin	50699	10102271	10320982	
NC_064224.1_10322176	NC_064224.1	10322176		-4.36		LOC118270782	ankyrin repeat domain-containing protein 54	2195	10321938	10326804	
NC_064225.1_42019	NC_064225.1	42019		-4.169		LOC118279200	nematocyst expressed protein 4	1068	38304	43598	
NC_064225.1_50832	NC_064225.1	50832		4.19		LOC118279289	uncharacterized LOC118279289	137	48610	53329	
NC_064225.1_50835	NC_064225.1	50835		-5.331		LOC118279289	uncharacterized LOC118279289	134	48610	53329	
NC_064225.1_233733	NC_064225.1	233733		4.187		LOC118279347	hydroxylysine kinase	20545	207484	218892	
NC_064225.1_260761	NC_064225.1	260761		4.262		LOC118279333	NADPH oxidase 5	4788	230776	300323	
NC_064225.1_262692	NC_064225.1	262692		4.668		LOC118279333	NADPH oxidase 5	2857	230776	300323	
NC_064225.1_295510	NC_064225.1	295510		-4.102		Trnaf-gaa	transfer RNA phenylalanine (anticodon GAA)	4891	290583	290655	
NC_064225.1_352260	NC_064225.1	352260		-4.223		LOC126911368	uncharacterized LOC126911368	2602	348740	350575	
NC_064225.1_444597	NC_064225.1	444597		-4.238		LOC118279279	muscle M-line assembly protein unc-89	1741	440890	451786	
NC_064225.1_735197	NC_064225.1	735197		-4.721		LOC126911363	uncharacterized LOC126911363	9383	725662	725965	
NC_064225.1_951128	NC_064225.1	951128		-4.271		LOC118279327	uncharacterized LOC118279327	1566	942128	963261	
NC_064225.1_1062564	NC_064225.1	1062564		-4.289		LOC118279121	nose resistant to fluoxetine protein 6-like	1224	1055387	1072190	
NC_064225.1_1172129	NC_064225.1	1172129		-4.292		LOC118276753	uncharacterized LOC118276753	19959	1190368	1193809	
NC_064225.1_1243271	NC_064225.1	1243271		4.087		LOC126911384	zinc finger protein 83-like	14054	1256323	1258328	
NC_064225.1_1302286	NC_064225.1	1302286		-4.197		LOC126911385	uncharacterized LOC126911385	2472	1303866	1305651	
NC_064225.1_1644550	NC_064225.1	1644550		4.229		LOC118279229	phenoloxidase-activating factor 2-like	241	1643263	1645355	
NC_064225.1_1966696	NC_064225.1	1966696		-4.474		LOC126911377	facilitated trehalose transporter Tret1-like	8477	1956532	1959906	离子/渗透
NC_064225.1_2175121	NC_064225.1	2175121		4.454		LOC118279349	CLIP domain-containing serine protease HP8	9474	2182086	2187104	
NC_064225.1_2233207	NC_064225.1	2233207		-4.163		LOC118279124	cell adhesion molecule Dscam2	55278	2195861	2381109	
NC_064225.1_2327782	NC_064225.1	2327782		4.028		LOC118279124	cell adhesion molecule Dscam2	39297	2195861	2381109	
NC_064225.1_2611460	NC_064225.1	2611460		-4.018		LOC118279330	facilitated trehalose transporter Tret1-like	7799	2601222	2606100	离子/渗透
NC_064225.1_2834912	NC_064225.1	2834912		-5.109		LOC118279126	photoreceptor-specific nuclear receptor	14529	2829562	2869321	
NC_064225.1_2950313	NC_064225.1	2950313		-4.086		LOC118279288	lachesin	71625	2942837	3101039	
NC_064225.1_2968938	NC_064225.1	2968938		4.798		LOC118279288	lachesin	53000	2942837	3101039	
NC_064225.1_3047839	NC_064225.1	3047839		4.109		LOC118279288	lachesin	25901	2942837	3101039	
NC_064225.1_3238002	NC_064225.1	3238002		-4.08		LOC126911417	uncharacterized LOC126911417	3092	3232330	3237490	
NC_064225.1_3270526	NC_064225.1	3270526		4.215		LOC118279270	vitellin-degrading protease-like	2099	3267069	3269784	
NC_064225.1_3466472	NC_064225.1	3466472		4.281		LOC126911419	UDP-glycosyltransferase UGT5-like	1482	3466191	3469717	解毒/代谢
NC_064225.1_3730838	NC_064225.1	3730838		4.524		LOC126911425	uncharacterized LOC126911425	5165	3709378	3741968	
NC_064225.1_3840566	NC_064225.1	3840566		-4.288		LOC118279240	attacin-like	3227	3835845	3838832	
NC_064225.1_4047836	NC_064225.1	4047836		-4.004		LOC126911421	uncharacterized LOC126911421	108093	3754784	4124702	
NC_064225.1_4446654	NC_064225.1	4446654		-4.02		LOC126911422	uncharacterized LOC126911422	169774	4086798	4466961	
NC_064225.1_4460180	NC_064225.1	4460180		4.16		LOC126911422	uncharacterized LOC126911422	183300	4086798	4466961	
NC_064225.1_4460190	NC_064225.1	4460190		4.142		LOC126911422	uncharacterized LOC126911422	183310	4086798	4466961	
NC_064225.1_4460205	NC_064225.1	4460205		4.274		LOC126911422	uncharacterized LOC126911422	183325	4086798	4466961	
NC_064225.1_4464033	NC_064225.1	4464033		-4.442		LOC126911422	uncharacterized LOC126911422	187153	4086798	4466961	
NC_064225.1_4538518	NC_064225.1	4538518		4.49		LOC118279366	glucose dehydrogenase [FAD, quinone]	20141	4544492	4572826	
NC_064225.1_4977035	NC_064225.1	4977035		4.349		LOC118279398	paired box pox-neuro protein	18662	4963878	5027516	
NC_064225.1_4977038	NC_064225.1	4977038		4.134		LOC118279398	paired box pox-neuro protein	18659	4963878	5027516	
NC_064225.1_5149165	NC_064225.1	5149165		4.583		LOC118269149	maternal protein exuperantia	3603	5137731	5153393	
NC_064225.1_5188756	NC_064225.1	5188756		4.284		LOC118279239	heme oxygenase 1	1011	5188045	5191490	
NC_064225.1_5197921	NC_064225.1	5197921		-4.624		LOC118279239	heme oxygenase 1	8153	5188045	5191490	
NC_064225.1_5197924	NC_064225.1	5197924		-4.195		LOC118279239	heme oxygenase 1	8156	5188045	5191490	
NC_064225.1_5734116	NC_064225.1	5734116		4.151		(基因间区)		-1			
NC_064225.1_5821113	NC_064225.1	5821113		-5.337		LOC118279298	acidic mammalian chitinase-like	5046	5814203	5817931	
NC_064225.1_5960128	NC_064225.1	5960128		-4.902		LOC118279184	uncharacterized LOC118279184	27160	5883782	5982154	
NC_064225.1_6487010	NC_064225.1	6487010		-4.067		LOC126911396	putative nuclease HARBI1	18866	6505175	6506577	
NC_064225.1_6539482	NC_064225.1	6539482		4.272		LOC118279293	uncharacterized LOC118279293	11079	6524064	6532742	
NC_064225.1_6789002	NC_064225.1	6789002		4.205		LOC118279249	rho guanine nucleotide exchange factor 2	23907	6783291	6842528	
NC_064225.1_6831521	NC_064225.1	6831521		-4.346		LOC118279183	uncharacterized LOC118279183	17641	6846615	6851710	
NC_064225.1_6848234	NC_064225.1	6848234		-4.294		LOC118279183	uncharacterized LOC118279183	928	6846615	6851710	
NC_064225.1_7014029	NC_064225.1	7014029		-4.052		LOC118279182	multiple C2 and transmembrane domain-containing protein	4289	6894751	7124728	
NC_064225.1_7113120	NC_064225.1	7113120		-4.205		LOC118279198	receptor expression-enhancing protein 5	19443	7125337	7139790	
NC_064225.1_7118152	NC_064225.1	7118152		-4.372		LOC118279198	receptor expression-enhancing protein 5	14411	7125337	7139790	
NC_064225.1_7182118	NC_064225.1	7182118		4.442		LOC118279419	plectin	4873	7143947	7210542	
NC_064225.1_7198436	NC_064225.1	7198436		-4.368		LOC118279419	plectin	21191	7143947	7210542	
NC_064225.1_7264764	NC_064225.1	7264764		4.01		LOC118279273	uncharacterized LOC118279273	1984	7261158	7272338	
NC_064225.1_7403979	NC_064225.1	7403979		-4.386		LOC118279315	trichohyalin	11128	7403470	7426745	
NC_064225.1_7528602	NC_064225.1	7528602		-4.007		LOC118279145	pikachurin	67337	7507533	7684346	
NC_064225.1_7997108	NC_064225.1	7997108		-4.085		LOC118279407	retinal homeobox protein Rx3	25866	7951386	7991097	
NC_064225.1_8046871	NC_064225.1	8046871		-4.04		LOC118279079	uncharacterized LOC118279079	2742	8041823	8046435	
NC_064225.1_8048013	NC_064225.1	8048013		-4.394		LOC118279079	uncharacterized LOC118279079	3884	8041823	8046435	
NC_064225.1_8049440	NC_064225.1	8049440		-4.044		LOC118279079	uncharacterized LOC118279079	5311	8041823	8046435	
NC_064225.1_8168357	NC_064225.1	8168357		-4.053		LOC118279180	uncharacterized LOC118279180	299	8167982	8169330	
NC_064225.1_8383463	NC_064225.1	8383463		-4.301		Trnas-cga	transfer RNA serine (anticodon CGA)	4260	8387683	8387764	
NC_064225.1_8698308	NC_064225.1	8698308		4.019		LOC118279231	facilitated trehalose transporter Tret1-like	23649	8662650	8781264	离子/渗透
NC_064225.1_8721052	NC_064225.1	8721052		-4.19		LOC118279231	facilitated trehalose transporter Tret1-like	905	8662650	8781264	离子/渗透
NC_064225.1_8723586	NC_064225.1	8723586		-4.098		LOC118279231	facilitated trehalose transporter Tret1-like	1629	8662650	8781264	离子/渗透
NC_064225.1_8738995	NC_064225.1	8738995		4.338		LOC118279421	5S ribosomal RNA	3446	8742382	8742500	
NC_064225.1_8933101	NC_064225.1	8933101		-4.021		LOC118279241	probable 39S ribosomal protein L24, mitochondrial	3893	8926623	8931793	
NC_064225.1_9063493	NC_064225.1	9063493		4.15		LOC118279393	protein madd-4	196659	9055488	9464817	
NC_064225.1_9411953	NC_064225.1	9411953		4.45		LOC118279393	protein madd-4	151800	9055488	9464817	
NC_064225.1_9454429	NC_064225.1	9454429		-4.042		LOC118279394	uncharacterized LOC118279394	8884	9443740	9447350	
NC_064225.1_9547004	NC_064225.1	9547004		4.234		LOC118279304	uncharacterized LOC118279304	7501	9532577	9546428	
NC_064225.1_9690212	NC_064225.1	9690212		4.6		Trnal-cag	transfer RNA leucine (anticodon CAG)	1828	9688342	9688425	
NC_064225.1_9690229	NC_064225.1	9690229		4.274		Trnal-cag	transfer RNA leucine (anticodon CAG)	1845	9688342	9688425	
NC_064225.1_10041820	NC_064225.1	10041820		-4.508		LOC118279352	uncharacterized LOC118279352	20726	10037905	10087187	
NC_064225.1_10052348	NC_064225.1	10052348		4.276		LOC118279352	uncharacterized LOC118279352	10198	10037905	10087187	
NC_064225.1_10081919	NC_064225.1	10081919		-5.164		LOC118279352	uncharacterized LOC118279352	19373	10037905	10087187	
NC_064225.1_10185231	NC_064225.1	10185231		-4.459		LOC118279408	uncharacterized LOC118279408	5446	10175245	10184325	
NC_064225.1_10314759	NC_064225.1	10314759		-4.272		LOC126911395	protein Wnt-7b-like	2767	10269422	10354561	
NC_064225.1_10330371	NC_064225.1	10330371		-4.218		LOC126911395	protein Wnt-7b-like	18379	10269422	10354561	
NC_064225.1_10370906	NC_064225.1	10370906		-4.362		LOC126911361	calcium-independent phospholipase A2-gamma-like	3733	10362946	10371400	
NC_064226.1_228434	NC_064226.1	228434		-4.265		LOC118271760	nucleoporin Nup43	2747	230204	232158	
NC_064226.1_228458	NC_064226.1	228458		4.017		LOC118271760	nucleoporin Nup43	2723	230204	232158	
NC_064226.1_232522	NC_064226.1	232522		4.323		LOC118271760	nucleoporin Nup43	1341	230204	232158	
NC_064226.1_257785	NC_064226.1	257785		4.442		LOC118279336	uncharacterized LOC118279336	29806	236246	338937	
NC_064226.1_418902	NC_064226.1	418902		-4.734		LOC126911469	uncharacterized LOC126911469	14515	401447	407326	
NC_064226.1_467109	NC_064226.1	467109		4.096		LOC118276452	platelet binding protein GspB	29562	425619	449474	
NC_064226.1_600933	NC_064226.1	600933		4.128		LOC118274558	solute carrier organic anion transporter family member 4A1	5952	579840	633930	
NC_064226.1_908597	NC_064226.1	908597		-4.355		LOC118275363	hairy/enhancer-of-split related with YRPW motif protein	5152	909429	918069	
NC_064226.1_1026055	NC_064226.1	1026055		4.058		LOC118277637	uncharacterized LOC118277637	335	1025751	1027030	
NC_064226.1_1100199	NC_064226.1	1100199		-4.934		LOC118277563	zwei Ig domain protein zig-8-like	128722	1098789	1359054	
NC_064226.1_1161339	NC_064226.1	1161339		-4.272		LOC118277563	zwei Ig domain protein zig-8-like	67582	1098789	1359054	
NC_064226.1_1179501	NC_064226.1	1179501		4.255		LOC118277563	zwei Ig domain protein zig-8-like	49420	1098789	1359054	
NC_064226.1_1245705	NC_064226.1	1245705		-4.135		LOC118277563	zwei Ig domain protein zig-8-like	16783	1098789	1359054	
NC_064226.1_1344919	NC_064226.1	1344919		-4.066		LOC126911441	uncharacterized LOC126911441	9039	1335235	1336525	
NC_064226.1_1389151	NC_064226.1	1389151		-4.002		LOC118278301	uncharacterized LOC118278301	732	1387348	1389489	
NC_064226.1_1394235	NC_064226.1	1394235		-4.365		LOC118275935	probable malonyl-CoA-acyl carrier protein transacylase, mitochondrial	1598	1394733	1396934	
NC_064226.1_1405684	NC_064226.1	1405684		4.255		LOC126911442	DNA repair protein complementing XP-A cells homolog	547	1399650	1412813	
NC_064226.1_1740872	NC_064226.1	1740872		-4.076		Trnah-gug	transfer RNA histidin (anticodon GUG)	6101	1746938	1747009	
NC_064226.1_1742942	NC_064226.1	1742942		-4.556		Trnah-gug	transfer RNA histidin (anticodon GUG)	4031	1746938	1747009	
NC_064226.1_1808038	NC_064226.1	1808038		-4.588		LOC118269460	protein lin-10	63773	1790402	1953221	
NC_064226.1_1830657	NC_064226.1	1830657		-4.096		LOC118269460	protein lin-10	41154	1790402	1953221	
NC_064226.1_1864226	NC_064226.1	1864226		4.146		LOC118269460	protein lin-10	7585	1790402	1953221	
NC_064226.1_1993404	NC_064226.1	1993404		4.029		Trnaf-gaa	transfer RNA phenylalanine (anticodon GAA)	2253	1991115	1991187	
NC_064226.1_2183046	NC_064226.1	2183046		-4.205		LOC118277391	FK506-binding protein 5-like	7382	2174770	2176558	
NC_064226.1_2183048	NC_064226.1	2183048		-4.289		LOC118277391	FK506-binding protein 5-like	7384	2174770	2176558	
NC_064226.1_2183069	NC_064226.1	2183069		-4.071		LOC118277391	FK506-binding protein 5-like	7405	2174770	2176558	
NC_064226.1_2290470	NC_064226.1	2290470		-4.293		LOC118278144	deoxynucleoside kinase	10490	2296660	2305261	
NC_064226.1_2722602	NC_064226.1	2722602		4.05		LOC126911539	uncharacterized LOC126911539	19880	2739238	2745726	
NC_064226.1_2843660	NC_064226.1	2843660		4.024		LOC118274449	ras-related protein Rab-32	8840	2817666	2851973	
NC_064226.1_3307462	NC_064226.1	3307462		4.054		(基因间区)		-1			
NC_064226.1_3307486	NC_064226.1	3307486		4.279		(基因间区)		-1			
NC_064226.1_3362634	NC_064226.1	3362634		-4.027		Trnaq-uug	transfer RNA glutamine (anticodon UUG)	2323	3364922	3364993	
NC_064226.1_3525102	NC_064226.1	3525102		-4.016		LOC118275647	tyrosine-protein kinase Dnt	43393	3448143	3515275	
NC_064226.1_3579797	NC_064226.1	3579797		4.519		Trnav-aac	transfer RNA valine (anticodon AAC)	16192	3595953	3596025	
NC_064226.1_3741741	NC_064226.1	3741741		-4.236		LOC118277744	venom carboxylesterase-6	17984	3722006	3725508	解毒/代谢
NC_064226.1_3995567	NC_064226.1	3995567		4.102		LOC126911511	uncharacterized LOC126911511	2198	3996839	3998691	
NC_064226.1_4045446	NC_064226.1	4045446		-4.024		LOC118272324	nucleoporin Nup188	1738	4043383	4050985	
NC_064226.1_4052932	NC_064226.1	4052932		-4.132		LOC118272363	adenylate kinase	964	4051173	4052762	
NC_064226.1_4127716	NC_064226.1	4127716		-4.079		LOC118274916	uncharacterized protein K02A2.6-like	5350	4119594	4125138	
NC_064226.1_4242996	NC_064226.1	4242996		4.128		(基因间区)		-1			
NC_064226.1_4289732	NC_064226.1	4289732		4.526		LOC126911479	uncharacterized LOC126911479	8680	4297795	4299030	
NC_064226.1_4301730	NC_064226.1	4301730		4.296		Trnak-cuu	transfer RNA lysine (anticodon CUU)	2631	4304325	4304397	
NC_064226.1_4363869	NC_064226.1	4363869		-4.022		LOC118273898	uncharacterized LOC118273898	2201	4358872	4364463	
NC_064226.1_4376839	NC_064226.1	4376839		-5.05		LOC118278076	ATP-dependent RNA helicase glh-1	2220	4373039	4376198	
NC_064226.1_4376847	NC_064226.1	4376847		-4.809		LOC118278076	ATP-dependent RNA helicase glh-1	2228	4373039	4376198	
NC_064226.1_4507608	NC_064226.1	4507608		-4.45		LOC118272002	uncharacterized LOC118272002	7915	4508090	4522957	
NC_064226.1_4555566	NC_064226.1	4555566		4.216		LOC118275436	putative phosphoenolpyruvate synthase	865	4551363	4561500	
NC_064226.1_4674948	NC_064226.1	4674948		-4.394		LOC118279999	U4atac minor spliceosomal RNA	2638	4672244	4672375	
NC_064226.1_4689500	NC_064226.1	4689500		4.256		Trnaa-cgc	transfer RNA alanine (anticodon CGC)	10405	4679059	4679130	
NC_064226.1_4755828	NC_064226.1	4755828		-4.087		LOC118276192	mid1-interacting protein 1A	2669	4757359	4759635	
NC_064226.1_4790840	NC_064226.1	4790840		4.24		Trnap-ugg	transfer RNA proline (anticodon UGG)	264	4790540	4790611	
NC_064226.1_4834941	NC_064226.1	4834941		-4.012		LOC118274904	homeobox protein dve-1	5441	4805236	4875529	
NC_064226.1_5138024	NC_064226.1	5138024		4.423		LOC118273082	sequestosome-1	717	5136094	5141389	
NC_064226.1_5221916	NC_064226.1	5221916		-4.11		LOC118273313	pancreatic triacylglycerol lipase-like	909	5221386	5224264	
NC_064226.1_5284839	NC_064226.1	5284839		-4.141		LOC118272752	adenylate cyclase type 2	8754	5265995	5286174	
NC_064226.1_5363230	NC_064226.1	5363230		-4.729		LOC118274884	toll-like receptor 6	32722	5297280	5363735	
NC_064226.1_5543708	NC_064226.1	5543708		-4.555		LOC118276210	larval cuticle protein LCP-30	9689	5532318	5535720	
NC_064226.1_5571129	NC_064226.1	5571129		4.228		LOC126911533	uncharacterized LOC126911533	6865	5566191	5589798	
NC_064226.1_6006710	NC_064226.1	6006710		-4.104		LOC126911525	facilitated trehalose transporter Tret1-like	4166	5989723	6015364	离子/渗透
NC_064226.1_6021546	NC_064226.1	6021546		-4.097		LOC126911525	facilitated trehalose transporter Tret1-like	19002	5989723	6015364	离子/渗透
NC_064226.1_6202444	NC_064226.1	6202444		4.394		LOC118275258	A disintegrin and metalloproteinase with thrombospondin motifs adt-2	7932	6180877	6208147	
NC_064226.1_6278037	NC_064226.1	6278037		-4.158		LOC118269590	histone-lysine N-methyltransferase, H3 lysine-79 specific	3403	6269962	6292918	解毒/代谢
NC_064226.1_6307121	NC_064226.1	6307121		-4.804		LOC118274220	cullin-associated NEDD8-dissociated protein 1	2541	6304944	6314381	
NC_064226.1_6598058	NC_064226.1	6598058		-4.705		LOC118273386	integrator complex subunit 6	1907	6586784	6605517	
NC_064226.1_6681953	NC_064226.1	6681953		4.039		LOC118277045	lachesin	52182	6685205	6783065	
NC_064226.1_6706338	NC_064226.1	6706338		4.171		LOC118277045	lachesin	27797	6685205	6783065	
NC_064226.1_6778565	NC_064226.1	6778565		4.036		LOC118277045	lachesin	44430	6685205	6783065	
NC_064226.1_7058940	NC_064226.1	7058940		-4.094		LOC118277139	lachesin-like	55989	6957978	7047924	
NC_064226.1_7178237	NC_064226.1	7178237		4.535		LOC118274143	uncharacterized LOC118274143	5928	7171125	7173493	
NC_064226.1_7566676	NC_064226.1	7566676		-4.118		LOC118275620	gamma-interferon-inducible lysosomal thiol reductase	9704	7554453	7559490	
NC_064226.1_7566688	NC_064226.1	7566688		-4.051		LOC118275620	gamma-interferon-inducible lysosomal thiol reductase	9716	7554453	7559490	
NC_064226.1_7668090	NC_064226.1	7668090		4.302		LOC118279008	solute carrier family 12 member 8	16608	7681633	7687763	
NC_064226.1_7668114	NC_064226.1	7668114		4.126		LOC118279008	solute carrier family 12 member 8	16584	7681633	7687763	
NC_064226.1_7838930	NC_064226.1	7838930		-4.358		LOC118279590	splicing factor 3B subunit 6	1595	7836034	7838636	
NC_064226.1_7999317	NC_064226.1	7999317		-4.627		LOC118270935	delta and Notch-like epidermal growth factor-related receptor	6207	7985104	8001116	
NC_064226.1_8126900	NC_064226.1	8126900		-4.122		LOC118270285	DNA-directed RNA polymerase II subunit RPB1	3179	8119800	8127641	
NC_064226.1_8132045	NC_064226.1	8132045		-4.164		LOC118270328	acetylcholine receptor subunit beta-like 1	1780	8127637	8132892	
NC_064226.1_8170005	NC_064226.1	8170005		-4.256		LOC118270293	uncharacterized LOC118270293	2825	8151687	8193974	
NC_064226.1_8281652	NC_064226.1	8281652		4.511		LOC118274325	band 4.1-like protein 4	20655	8233788	8288205	
NC_064226.1_8284802	NC_064226.1	8284802		4.001		LOC118274325	band 4.1-like protein 4	23805	8233788	8288205	
NC_064226.1_8373880	NC_064226.1	8373880		4.156		LOC118276331	long-chain-fatty-acid--CoA ligase ACSBG2	6172	8369452	8390653	
NC_064226.1_8433073	NC_064226.1	8433073		-4.07		LOC118272708	phenoloxidase-activating factor 2	4354	8434306	8440549	
NC_064226.1_8441759	NC_064226.1	8441759		-4.233		LOC118272708	phenoloxidase-activating factor 2	4331	8434306	8440549	
NC_064226.1_8595592	NC_064226.1	8595592		4.526		LOC118276012	ras GTPase-activating-like protein IQGAP1	3045	8594032	8603243	
NC_064226.1_8802291	NC_064226.1	8802291		-4.185		LOC118278681	agrin	2188	8795362	8804844	
NC_064226.1_8901063	NC_064226.1	8901063		-4.03		LOC118278581	agrin	20705	8842428	9001108	
NC_064226.1_8926083	NC_064226.1	8926083		-4.067		LOC118278581	agrin	4315	8842428	9001108	
NC_064226.1_8986186	NC_064226.1	8986186		4.273		LOC118278581	agrin	64418	8842428	9001108	
NC_064226.1_8986247	NC_064226.1	8986247		4.1		LOC118278581	agrin	64479	8842428	9001108	
NC_064226.1_9027037	NC_064226.1	9027037		-4.157		(基因间区)		-1			
NC_064226.1_9188779	NC_064226.1	9188779		4.134		LOC118279775	uncharacterized LOC118279775	41717	9204955	9256037	
NC_064226.1_9202224	NC_064226.1	9202224		-4.187		LOC118279775	uncharacterized LOC118279775	28272	9204955	9256037	
NC_064226.1_9365044	NC_064226.1	9365044		-4.004		LOC118270907	uncharacterized LOC118270907	855	9364755	9367044	
NC_064226.1_9367534	NC_064226.1	9367534		4.071		LOC118270907	uncharacterized LOC118270907	1634	9364755	9367044	
NC_064226.1_9788296	NC_064226.1	9788296		4.758		LOC118275842	uncharacterized LOC118275842	21369	9737897	9795956	
NC_064226.1_9797522	NC_064226.1	9797522		-4.021		LOC118275842	uncharacterized LOC118275842	30595	9737897	9795956	
NC_064226.1_9797875	NC_064226.1	9797875		-4.333		LOC118275842	uncharacterized LOC118275842	30948	9737897	9795956	
NC_064226.1_9937618	NC_064226.1	9937618		4.033		Trnap-ugg	transfer RNA proline (anticodon UGG)	8879	9928703	9928774	
NC_064226.1_10116321	NC_064226.1	10116321		-4.313		LOC118278944	uncharacterized LOC118278944	3134	10109608	10116765	
NC_064226.1_10470919	NC_064226.1	10470919		-4.375		LOC118271598	dynein axonemal heavy chain 8	4375	10442408	10490680	
NC_064226.1_10506618	NC_064226.1	10506618		-4.02		LOC118271606	uncharacterized LOC118271606	4957	10490675	10512646	
NC_064226.1_10633901	NC_064226.1	10633901		-4.483		LOC118276994	short stature homeobox protein 2-like	2610	10625909	10647113	
NC_064226.1_10808737	NC_064226.1	10808737		-4.351		LOC126911518	uncharacterized LOC126911518	8389	10797735	10802960	
NC_064226.1_10808776	NC_064226.1	10808776		-4.227		LOC126911518	uncharacterized LOC126911518	8428	10797735	10802960	
NC_064226.1_10872465	NC_064226.1	10872465		-4.036		LOC118269654	ubiquitin-protein ligase E3C	2723	10865148	10874335	
NC_064226.1_11197763	NC_064226.1	11197763		-4.057		LOC118278825	protein rolling stone	8952	11178117	11199504	
NC_064226.1_11343342	NC_064226.1	11343342		-4.196		LOC118270240	E3 ubiquitin-protein ligase Topors	522	11341337	11346391	
NC_064226.1_11391019	NC_064226.1	11391019		4.607		LOC118275048	FAST kinase domain-containing protein 3, mitochondrial-like	7262	11382550	11384963	
NC_064226.1_11534083	NC_064226.1	11534083		-4.008		LOC118274623	trypsin, alkaline C	8668	11524797	11526033	
NC_064226.1_12061900	NC_064226.1	12061900		4.218		LOC118271946	uncharacterized LOC118271946	31025	12019415	12166436	
NC_064226.1_12274941	NC_064226.1	12274941		-4.065		LOC118282029	kinesin-like protein KIF13B	27913	12248950	12356759	
NC_064226.1_12450481	NC_064226.1	12450481		5.166		LOC118271688	protein eiger	22046	12439955	12505099	
NC_064226.1_12613456	NC_064226.1	12613456		-4.072		LOC118272058	STE20/SPS1-related proline-alanine-rich protein kinase	3012	12615363	12617574	
NC_064226.1_12618355	NC_064226.1	12618355		-4.08		LOC118272065	acyl-coenzyme A diphosphatase NUDT19	699	12615363	12619948	
NC_064226.1_12627473	NC_064226.1	12627473		-4.096		LOC118272065	acyl-coenzyme A diphosphatase NUDT19	9817	12615363	12619948	
NC_064226.1_12849581	NC_064226.1	12849581		-4.004		LOC118276064	U2 snRNP-associated SURP motif-containing protein	3153	12838592	12854263	
NC_064226.1_12885320	NC_064226.1	12885320		4.1		LOC118269428	beta-arrestin-1	3381	12857262	12920140	
NC_064226.1_12952684	NC_064226.1	12952684		-4.129		LOC118273724	atlastin	316	12948846	12955890	
NC_064226.1_13191262	NC_064226.1	13191262		-4.213		LOC118270378	autotransporter adhesin BpaC	9732	13184025	13217964	
NC_064226.1_13256819	NC_064226.1	13256819		-4.011		LOC126911438	uncharacterized LOC126911438	1377	13256993	13259399	
NC_064226.1_13354716	NC_064226.1	13354716		4.149		LOC118270012	calaxin	1814	13350325	13362736	
NC_064226.1_13490191	NC_064226.1	13490191		-4.626		LOC118269865	zinc finger protein 175	4191	13493028	13495736	
NC_064226.1_13512974	NC_064226.1	13512974		4.244		LOC118270080	uncharacterized LOC118270080	7042	13500582	13511281	
NC_064226.1_13564207	NC_064226.1	13564207		-4.107		(基因间区)		-1			
NC_064226.1_13618584	NC_064226.1	13618584		-4.183		LOC118270005	uncharacterized LOC118270005	94510	13599870	13826318	
NC_064226.1_13634160	NC_064226.1	13634160		4.248		LOC118270005	uncharacterized LOC118270005	78934	13599870	13826318	
NC_064226.1_13634170	NC_064226.1	13634170		4.251		LOC118270005	uncharacterized LOC118270005	78924	13599870	13826318	
NC_064226.1_13660910	NC_064226.1	13660910		-4.958		LOC118270005	uncharacterized LOC118270005	52184	13599870	13826318	
NC_064226.1_13670803	NC_064226.1	13670803		-4.009		LOC118280018	5S ribosomal RNA	17626	13688370	13688488	
NC_064226.1_13671003	NC_064226.1	13671003		-4.296		LOC118280018	5S ribosomal RNA	17426	13688370	13688488	
NC_064226.1_13672445	NC_064226.1	13672445		4.295		LOC118280018	5S ribosomal RNA	15984	13688370	13688488	
NC_064226.1_13864419	NC_064226.1	13864419		4.809		LOC118275307	mediator of RNA polymerase II transcription subunit 27	14570	13878406	13879573	
NC_064226.1_13865171	NC_064226.1	13865171		4.541		LOC118275307	mediator of RNA polymerase II transcription subunit 27	13818	13878406	13879573	
NC_064226.1_13882187	NC_064226.1	13882187		-4.377		LOC118275296	RCC1-like G exchanging factor-like protein	486	13880194	13883208	
NC_064226.1_13888548	NC_064226.1	13888548		4.167		LOC118272400	translocon-associated protein subunit beta	575	13888095	13890152	
NC_064226.1_13915700	NC_064226.1	13915700		-4.262		LOC118275544	scm-like with four MBT domains protein 1	3266	13906386	13918481	
NC_064226.1_13950053	NC_064226.1	13950053		-4.242		LOC118275568	neuroglian	10826	13920899	13957554	
NC_064226.1_14170827	NC_064226.1	14170827		-4.112		LOC118274029	myrosinase 1-like	9211	14177672	14182404	
NC_064226.1_14286403	NC_064226.1	14286403		4.649		LOC118274391	uncharacterized LOC118274391	9703	14293612	14298600	
NC_064226.1_14296128	NC_064226.1	14296128		-4.242		LOC118274391	uncharacterized LOC118274391	22	14293612	14298600	
NC_064226.1_14547091	NC_064226.1	14547091		-4.16		(基因间区)		-1			
NC_064226.1_14581875	NC_064226.1	14581875		4.449		LOC118276742	serine protease 52-like	8423	14589416	14591181	
NC_064226.1_14649683	NC_064226.1	14649683		4.236		LOC118278876	centrosomal protein of 131 kDa-like	10558	14638122	14640128	
NC_064226.1_14653491	NC_064226.1	14653491		-4.401		LOC118278876	centrosomal protein of 131 kDa-like	14366	14638122	14640128	
NC_064226.1_14756072	NC_064226.1	14756072		-4.3		LOC118270623	tripeptidyl-peptidase 2	5759	14752199	14771463	
NC_064226.1_14833599	NC_064226.1	14833599		4.319		LOC126911474	uncharacterized LOC126911474	5200	14826205	14830593	
NC_064226.1_14872106	NC_064226.1	14872106		-4.113		LOC118271476	atrial natriuretic peptide-converting enzyme	40584	14875844	14949536	
NC_064226.1_14876170	NC_064226.1	14876170		-4.251		LOC118271476	atrial natriuretic peptide-converting enzyme	36520	14875844	14949536	
NC_064226.1_14907598	NC_064226.1	14907598		4.33		LOC118271476	atrial natriuretic peptide-converting enzyme	5092	14875844	14949536	
NC_064226.1_15022907	NC_064226.1	15022907		4.116		LOC118270697	uncharacterized LOC118270697	4796	15027014	15028392	
NC_064226.1_15150945	NC_064226.1	15150945		-4.297		LOC118269809	cell adhesion molecule Dscam2	34966	15110508	15261315	
NC_064226.1_15216604	NC_064226.1	15216604		-4.108		LOC126911472	uncharacterized LOC126911472	6269	15218508	15227239	
NC_064226.1_15236260	NC_064226.1	15236260		-4.172		LOC118267209	uncharacterized LOC118267209	4504	15227328	15236184	
NC_064226.1_15236678	NC_064226.1	15236678		-4.102		LOC118267209	uncharacterized LOC118267209	4922	15227328	15236184	
NC_064226.1_15240879	NC_064226.1	15240879		-4.417		LOC118267209	uncharacterized LOC118267209	9123	15227328	15236184	
NC_064226.1_15241871	NC_064226.1	15241871		-4.172		LOC118267209	uncharacterized LOC118267209	10115	15227328	15236184	
NC_064226.1_15241873	NC_064226.1	15241873		-4.045		LOC118267209	uncharacterized LOC118267209	10117	15227328	15236184	
NC_064226.1_15241902	NC_064226.1	15241902		-4.309		LOC118267209	uncharacterized LOC118267209	10146	15227328	15236184	
NC_064226.1_15245207	NC_064226.1	15245207		-4.319		LOC118267209	uncharacterized LOC118267209	13451	15227328	15236184	
NC_064226.1_15245278	NC_064226.1	15245278		-4.398		LOC118267209	uncharacterized LOC118267209	13522	15227328	15236184	
NC_064226.1_15245310	NC_064226.1	15245310		-4.294		LOC118267209	uncharacterized LOC118267209	13554	15227328	15236184	
NC_064226.1_15266247	NC_064226.1	15266247		-4.297		LOC118269809	cell adhesion molecule Dscam2	80335	15110508	15261315	
NC_064226.1_15279098	NC_064226.1	15279098		-5.684		LOC118269809	cell adhesion molecule Dscam2	93186	15110508	15261315	
NC_064226.1_15325172	NC_064226.1	15325172		-4.584		LOC126910621	cell adhesion molecule DSCAM-like	3889	15316153	15326413	
NC_064226.1_15359166	NC_064226.1	15359166		4.038		LOC118275184	odorant receptor 4-like	163	15356750	15361256	
NC_064226.1_15369362	NC_064226.1	15369362		-4.108		LOC118278926	odorant receptor 4	1910	15365661	15369243	
NC_064227.1_23097	NC_064227.1	23097		4.272		(基因间区)		-1			
NC_064227.1_266530	NC_064227.1	266530		-4.498		LOC118280586	trypsin 3A1-like	4342	267377	274367	
NC_064227.1_516846	NC_064227.1	516846		-4.078		LOC118280712	talin-1	12526	487204	571541	
NC_064227.1_531028	NC_064227.1	531028		-4.818		LOC118280712	talin-1	1655	487204	571541	
NC_064227.1_589107	NC_064227.1	589107		4.171		LOC118280713	vinculin	18559	578396	636937	
NC_064227.1_589108	NC_064227.1	589108		4.018		LOC118280713	vinculin	18558	578396	636937	
NC_064227.1_642298	NC_064227.1	642298		4.399		LOC118280690	gamma-aminobutyric acid type B receptor subunit 2	5804	637574	658631	
NC_064227.1_650721	NC_064227.1	650721		-4.242		LOC118280690	gamma-aminobutyric acid type B receptor subunit 2	2618	637574	658631	
NC_064227.1_650724	NC_064227.1	650724		-4.033		LOC118280690	gamma-aminobutyric acid type B receptor subunit 2	2621	637574	658631	
NC_064227.1_779139	NC_064227.1	779139		-4.1		LOC118280599	muscle calcium channel subunit alpha-1	27331	698397	805219	离子/渗透
NC_064227.1_980036	NC_064227.1	980036		-4.018		LOC118280590	nuclear factor 1 X-type	16667	939633	987105	
NC_064227.1_994389	NC_064227.1	994389		-4.967		LOC118280751	hepatocyte nuclear factor 6	9797	996265	1012107	
NC_064227.1_1175148	NC_064227.1	1175148		-4.269		LOC118280740	paired box protein Pax-5	4008	1130512	1227801	
NC_064227.1_1220181	NC_064227.1	1220181		4.245		LOC118280727	uncharacterized LOC118280727	13215	1231842	1234950	
NC_064227.1_1332793	NC_064227.1	1332793		4.198		LOC118280602	uncharacterized LOC118280602	19068	1313820	1389902	
NC_064227.1_1427434	NC_064227.1	1427434		-4.432		LOC126911585	uncharacterized LOC126911585	11918	1266658	1564373	
NC_064227.1_1519147	NC_064227.1	1519147		4.125		LOC118280730	uncharacterized LOC118280730	13301	1511259	1553638	
NC_064227.1_1644090	NC_064227.1	1644090		4.331		LOC118280564	serine/threonine-protein kinase WNK1	2770	1609694	1672945	
NC_064227.1_1649801	NC_064227.1	1649801		-4.434		LOC118280564	serine/threonine-protein kinase WNK1	8481	1609694	1672945	
NC_064227.1_1655920	NC_064227.1	1655920		-4.5		LOC118280564	serine/threonine-protein kinase WNK1	14600	1609694	1672945	
NC_064227.1_1698992	NC_064227.1	1698992		-4.194		LOC118280810	trypsin CFT-1	18795	1673972	1686422	
NC_064227.1_1740283	NC_064227.1	1740283		4.382		LOC118280811	inositol 1,4,5-trisphosphate receptor	1044	1692920	1785558	
NC_064227.1_1796792	NC_064227.1	1796792		4.029		LOC118280797	trypsin, alkaline C-like	1491	1796557	1800009	
NC_064227.1_1813523	NC_064227.1	1813523		4.289		LOC118280745	membrane-associated guanylate kinase, WW and PDZ domain-containing protein 1	58	1800319	1826844	
NC_064227.1_2106115	NC_064227.1	2106115		-4.116		LOC118280641	zinc finger protein rotund	73368	1945460	2120033	
NC_064227.1_2210545	NC_064227.1	2210545		-4.293		LOC118281929	zinc finger protein 628	2760	2144451	2271119	
NC_064227.1_2490340	NC_064227.1	2490340		4.155		LOC118280718	potassium channel subfamily K member 9	7112	2492409	2502495	离子/渗透
NC_064227.1_2542298	NC_064227.1	2542298		4.017		(基因间区)		-1			
NC_064227.1_2545336	NC_064227.1	2545336		-4.15		(基因间区)		-1			
NC_064227.1_2557191	NC_064227.1	2557191		-4.296		(基因间区)		-1			
NC_064227.1_2557197	NC_064227.1	2557197		-4.639		(基因间区)		-1			
NC_064227.1_2745110	NC_064227.1	2745110		4.013		(基因间区)		-1			
NC_064227.1_2802232	NC_064227.1	2802232		4.139		LOC118280634	proline-, glutamic acid- and leucine-rich protein 1	5896	2802970	2813287	
NC_064227.1_2805274	NC_064227.1	2805274		-4.09		LOC118280634	proline-, glutamic acid- and leucine-rich protein 1	2854	2802970	2813287	
NC_064227.1_2860100	NC_064227.1	2860100		4.099		LOC118280685	uncharacterized LOC118280685	1698	2841467	2875337	
NC_064227.1_3101093	NC_064227.1	3101093		4.894		LOC118280777	mucin-5AC	38315	3081029	3197787	
NC_064227.1_3210815	NC_064227.1	3210815		-5.103		LOC118280777	mucin-5AC	71407	3081029	3197787	
NC_064227.1_3374296	NC_064227.1	3374296		-4.155		LOC126911597	dihydropyrimidinase	24922	3369900	3428537	
NC_064227.1_3478871	NC_064227.1	3478871		4.256		LOC118280642	endothelin-converting enzyme homolog	7731	3428918	3513361	
NC_064227.1_3509491	NC_064227.1	3509491		-4.045		LOC118280646	uncharacterized LOC118280646	8245	3514017	3521456	
NC_064227.1_3562559	NC_064227.1	3562559		-4.145		LOC118280801	growth/differentiation factor 8	1610	3562260	3566079	
NC_064227.1_3834741	NC_064227.1	3834741		4.074		LOC118280800	latrophilin Cirl	109211	3567068	3883992	
NC_064227.1_4178023	NC_064227.1	4178023		-4.138		LOC118280735	collagen alpha-1(I) chain	4502	4166121	4180920	
NC_064227.1_4208695	NC_064227.1	4208695		-4.246		LOC118280738	delta(24)-sterol reductase-like	2078	4204995	4216551	
NC_064227.1_4238103	NC_064227.1	4238103		-4.366		LOC118280656	fibulin-1	336	4224446	4252432	
NC_064227.1_4320280	NC_064227.1	4320280		4.57		LOC118280754	uncharacterized LOC118280754	6387	4318144	4335191	
NC_064227.1_4334887	NC_064227.1	4334887		-4.044		LOC118280754	uncharacterized LOC118280754	8219	4318144	4335191	
NC_064227.1_4334888	NC_064227.1	4334888		-4.504		LOC118280754	uncharacterized LOC118280754	8220	4318144	4335191	
NC_064227.1_4351395	NC_064227.1	4351395		4.115		LOC118280754	uncharacterized LOC118280754	24727	4318144	4335191	
NC_064227.1_4444108	NC_064227.1	4444108		4.424		LOC118280717	ankyrin-3	37563	4339873	4473217	
NC_064227.1_4459197	NC_064227.1	4459197		-4.271		LOC118280717	ankyrin-3	52652	4339873	4473217	
NC_064227.1_4558262	NC_064227.1	4558262		-4.454		LOC118280703	polyamine-transporting ATPase 13A3	45530	4485660	4539804	
NC_064227.1_4569935	NC_064227.1	4569935		-4.259		LOC118280580	uncharacterized LOC118280580	13430	4580172	4586559	
NC_064227.1_4748698	NC_064227.1	4748698		4.414		LOC118280711	plastin-2	7351	4732304	4779795	
NC_064227.1_4800980	NC_064227.1	4800980		-4.522		LOC118280696	heat shock protein beta-1-like	3601	4797031	4797726	HSP/热激蛋白
NC_064227.1_4864027	NC_064227.1	4864027		-4.723		LOC118280609	uncharacterized LOC118280609	11863	4836726	4867602	
NC_064227.1_4905077	NC_064227.1	4905077		4.065		Trnar-acg	transfer RNA arginine (anticodon ACG)	19736	4885305	4885377	
NC_064227.1_4905087	NC_064227.1	4905087		4.855		Trnar-acg	transfer RNA arginine (anticodon ACG)	19746	4885305	4885377	
NC_064227.1_4905134	NC_064227.1	4905134		4.172		Trnar-acg	transfer RNA arginine (anticodon ACG)	19793	4885305	4885377	
NC_064227.1_4905147	NC_064227.1	4905147		4.326		Trnar-acg	transfer RNA arginine (anticodon ACG)	19806	4885305	4885377	
NC_064227.1_5012807	NC_064227.1	5012807		-4.263		LOC118280644	uncharacterized LOC118280644	21720	4991423	5077632	
NC_064227.1_5149640	NC_064227.1	5149640		-4.124		LOC118280582	twitchin	42248	5121194	5262583	
NC_064227.1_5272065	NC_064227.1	5272065		4.378		LOC126911570	uncharacterized LOC126911570	1267	5270334	5271261	
NC_064227.1_5291357	NC_064227.1	5291357		-4.235		LOC118280610	zinc finger protein GLI4	40418	5279546	5384004	
NC_064227.1_5425211	NC_064227.1	5425211		4.394		(基因间区)		-1			
NC_064227.1_5570750	NC_064227.1	5570750		-4.411		LOC126911594	uncharacterized LOC126911594	1480	5569696	5574764	
NC_064227.1_5990380	NC_064227.1	5990380		-4.115		(基因间区)		-1			
NC_064227.1_6095762	NC_064227.1	6095762		-4.124		LOC118280596	solute carrier family 41 member 1	49244	6088892	6201120	
NC_064227.1_6323187	NC_064227.1	6323187		-4.103		LOC118280755	uncharacterized LOC118280755	194798	6219474	6816496	
NC_064227.1_6656920	NC_064227.1	6656920		4.325		LOC118280755	uncharacterized LOC118280755	138935	6219474	6816496	
NC_064227.1_6695133	NC_064227.1	6695133		-5.196		LOC118280755	uncharacterized LOC118280755	177148	6219474	6816496	
NC_064227.1_6837539	NC_064227.1	6837539		4.477		LOC126911617	uncharacterized LOC126911617	5605	6831182	6832686	
NC_064227.1_6894545	NC_064227.1	6894545		-4.149		LOC118280773	procathepsin L-like	8458	6882975	6889199	
NC_064227.1_6958638	NC_064227.1	6958638		4.142		LOC118280704	beta-1,3-galactosyltransferase 5-like	2383	6959817	6962226	解毒/代谢
NC_064227.1_6973810	NC_064227.1	6973810		-4.047		LOC118280695	gastrula zinc finger protein XlCGF26.1-like	3834	6962861	6977091	
NC_064227.1_7336200	NC_064227.1	7336200		4.059		LOC126911591	uncharacterized LOC126911591	4931	7339630	7342633	
NC_064227.1_7484710	NC_064227.1	7484710		4.553		(基因间区)		-1			
NC_064227.1_7625609	NC_064227.1	7625609		-4.44		LOC118280725	fibulin-2	4211	7605123	7637672	
NC_064227.1_7774971	NC_064227.1	7774971		4.465		LOC118281893	chloride channel protein 2	899	7728772	7819371	
NC_064227.1_8029233	NC_064227.1	8029233		-4.306		LOC118280709	uncharacterized LOC118280709	5172	7931927	8116194	
NC_064227.1_8042550	NC_064227.1	8042550		-4.091		LOC126911554	facilitated trehalose transporter Tret1-like	7434	8022856	8047376	离子/渗透
NC_064227.1_8166866	NC_064227.1	8166866		-4.383		LOC118280721	zinc finger protein 579	7392	8144340	8204176	
NC_064227.1_8314948	NC_064227.1	8314948		4.008		LOC118280594	probable small nuclear ribonucleoprotein G	15489	8329742	8331132	
NC_064227.1_8363616	NC_064227.1	8363616		-4.338		LOC118280681	serine protease snake-like	2203	8360746	8370893	
NC_064227.1_8427177	NC_064227.1	8427177		-4.152		LOC118280666	facilitated trehalose transporter Tret1	3637	8426603	8435026	离子/渗透
NC_064227.1_8589117	NC_064227.1	8589117		4.045		LOC118280744	facilitated trehalose transporter Tret1	7440	8590691	8602424	离子/渗透
NC_064227.1_8681614	NC_064227.1	8681614		-4.528		LOC118280763	uncharacterized LOC118280763	456	8671200	8692940	
NC_064227.1_8792295	NC_064227.1	8792295		-4.213		LOC126911563	fez family zinc finger protein erm-like	26323	8810570	8826667	
NC_064227.1_8854241	NC_064227.1	8854241		4.039		LOC126911564	transcriptional activator protein Pur-alpha	1932	8843987	8868360	
NC_064227.1_8859894	NC_064227.1	8859894		-4.274		LOC126911564	transcriptional activator protein Pur-alpha	3720	8843987	8868360	
NC_064227.1_8899521	NC_064227.1	8899521		-5.113		LOC126911569	uncharacterized LOC126911569	419	8897389	8900814	
NC_064227.1_8899522	NC_064227.1	8899522		-5.053		LOC126911569	uncharacterized LOC126911569	420	8897389	8900814	
NC_064227.1_8918848	NC_064227.1	8918848		4.463		LOC126911561	zinc finger protein ZFP2-like	6107	8905795	8919687	
NC_064228.1_87263	NC_064228.1	87263		-4.255		LOC118276862	protein IWS1 homolog	1904	86858	91476	
NC_064228.1_106540	NC_064228.1	106540		4.14		LOC118276761	RNA polymerase-associated protein Rtf1	3160	98475	108285	
NC_064228.1_106546	NC_064228.1	106546		4.689		LOC118276761	RNA polymerase-associated protein Rtf1	3166	98475	108285	
NC_064228.1_141597	NC_064228.1	141597		-4.418		(基因间区)		-1			
NC_064228.1_370217	NC_064228.1	370217		4.029		LOC118276608	nose resistant to fluoxetine protein 6-like	15162	378090	392668	
NC_064228.1_371470	NC_064228.1	371470		4.371		LOC118276608	nose resistant to fluoxetine protein 6-like	13909	378090	392668	
NC_064228.1_478341	NC_064228.1	478341		4.148		LOC118276606	nephrin	58398	277803	562082	
NC_064228.1_540636	NC_064228.1	540636		-4.03		LOC118276606	nephrin	120693	277803	562082	
NC_064228.1_610627	NC_064228.1	610627		-4.046		(基因间区)		-1			
NC_064228.1_677931	NC_064228.1	677931		-4.045		LOC118276796	lactoylglutathione lyase	919	673881	680142	氧化应激
NC_064228.1_756579	NC_064228.1	756579		-4.093		LOC118277016	probable ATP-dependent RNA helicase DHX35	21808	701703	767839	
NC_064228.1_845864	NC_064228.1	845864		4.166		LOC118276751	hemicentin-2	200273	807830	1284445	
NC_064228.1_1039941	NC_064228.1	1039941		4.005		LOC118276754	ecdysone oxidase-like	118	1038256	1041862	滞育/光周期
NC_064228.1_1412234	NC_064228.1	1412234		-4.009		LOC118277012	protein argonaute-2-like	130	1410778	1413951	
NC_064228.1_1456333	NC_064228.1	1456333		4.557		LOC118276749	homeobox protein SIX2	2672	1442570	1475441	
NC_064228.1_1733066	NC_064228.1	1733066		-4.082		LOC118276654	transmembrane channel-like protein 7	16387	1742102	1756805	
NC_064228.1_1835161	NC_064228.1	1835161		4.245		LOC118276815	protein enabled	9123	1783819	1868256	
NC_064228.1_1850690	NC_064228.1	1850690		-4.066		LOC118276815	protein enabled	24652	1783819	1868256	
NC_064228.1_1927720	NC_064228.1	1927720		4.245		LOC118276813	phospholipid transfer protein C2CD2L	1253	1889339	1963595	
NC_064228.1_2001343	NC_064228.1	2001343		-4.536		LOC118276807	mitogen-activated protein kinase kinase kinase kinase 5	362	1974492	2027469	
NC_064228.1_2362485	NC_064228.1	2362485		-4.142		LOC118276662	serine/threonine-protein kinase MARK2	5492	2255456	2458529	
NC_064228.1_2485313	NC_064228.1	2485313		4.136		LOC118276551	poly(A) polymerase type 3-like	3177	2479173	2485098	
NC_064228.1_2485331	NC_064228.1	2485331		4.174		LOC118276551	poly(A) polymerase type 3-like	3195	2479173	2485098	
NC_064228.1_2532367	NC_064228.1	2532367		-4.071		LOC118276893	zinc finger protein 275	5132	2530332	2544666	
NC_064228.1_2596284	NC_064228.1	2596284		4.235		LOC118277022	valine--tRNA ligase	2111	2593198	2603593	
NC_064228.1_2845968	NC_064228.1	2845968		4.394		LOC118276693	sex peptide receptor	138852	2824771	3144869	
NC_064228.1_2854371	NC_064228.1	2854371		5.064		LOC118276693	sex peptide receptor	130449	2824771	3144869	
NC_064228.1_2935795	NC_064228.1	2935795		-4.417		LOC118276693	sex peptide receptor	49025	2824771	3144869	
NC_064228.1_3109780	NC_064228.1	3109780		4.774		LOC118276693	sex peptide receptor	124960	2824771	3144869	
NC_064228.1_3201304	NC_064228.1	3201304		-4.044		LOC118276629	calpain-B	12037	3177696	3248987	
NC_064228.1_3231797	NC_064228.1	3231797		-4.082		LOC118276629	calpain-B	18455	3177696	3248987	
NC_064228.1_3231801	NC_064228.1	3231801		-4.281		LOC118276629	calpain-B	18459	3177696	3248987	
NC_064228.1_3277679	NC_064228.1	3277679		-4.165		LOC118276941	calpain-A-like	6678	3264393	3277609	
NC_064228.1_3386592	NC_064228.1	3386592		-5.644		LOC118276741	deubiquitinase DESI2	10766	3358945	3392706	
NC_064228.1_3555895	NC_064228.1	3555895		-4.103		LOC118276959	serologically defined colon cancer antigen 8 homolog	20970	3568038	3585693	
NC_064228.1_3861177	NC_064228.1	3861177		4.028		LOC118276666	sperm surface protein Sp17	18189	3783123	3975610	
NC_064228.1_4044259	NC_064228.1	4044259		4.101		LOC118276676	E3 ubiquitin-protein ligase CBL	10657	4008132	4101701	
NC_064228.1_4051631	NC_064228.1	4051631		4.84		LOC118276676	E3 ubiquitin-protein ligase CBL	3285	4008132	4101701	
NC_064228.1_4182490	NC_064228.1	4182490		-4.65		LOC118276681	irregular chiasm C-roughest protein	34763	4169495	4265011	
NC_064228.1_4229006	NC_064228.1	4229006		-4.016		LOC118276681	irregular chiasm C-roughest protein	11753	4169495	4265011	
NC_064228.1_4229052	NC_064228.1	4229052		-5.018		LOC118276681	irregular chiasm C-roughest protein	11799	4169495	4265011	
NC_064228.1_4571953	NC_064228.1	4571953		-4.309		LOC118276846	irregular chiasm C-roughest protein	7883	4517997	4641676	
NC_064228.1_4850790	NC_064228.1	4850790		-4.041		LOC118276823	uncharacterized LOC118276823	5523	4854781	4857846	
NC_064228.1_5050869	NC_064228.1	5050869		-4.449		LOC118276990	proton-coupled amino acid transporter-like protein pathetic	10496	5032036	5048710	
NC_064228.1_5174543	NC_064228.1	5174543		4.06		LOC126911621	uncharacterized LOC126911621	8674	5182161	5184274	
NC_064228.1_5387147	NC_064228.1	5387147		-4.577		LOC118276660	glycerol kinase	4030	5358965	5407268	
NC_064228.1_5395471	NC_064228.1	5395471		-4.298		LOC118276660	glycerol kinase	12354	5358965	5407268	
NC_064228.1_5455147	NC_064228.1	5455147		4.979		LOC118276772	putative mediator of RNA polymerase II transcription subunit 24	5534	5458142	5463221	
NC_064228.1_5521211	NC_064228.1	5521211		4.104		LOC126911647	uncharacterized LOC126911647	14698	5535171	5536647	
NC_064228.1_5521212	NC_064228.1	5521212		4.031		LOC126911647	uncharacterized LOC126911647	14697	5535171	5536647	
NC_064228.1_5561936	NC_064228.1	5561936		-4.017		(基因间区)		-1			
NC_064228.1_5717080	NC_064228.1	5717080		4.153		LOC118276605	nephrin-like	176546	5654821	6132432	
NC_064228.1_5921936	NC_064228.1	5921936		4.035		LOC118276605	nephrin-like	28309	5654821	6132432	
NC_064228.1_5953162	NC_064228.1	5953162		4.28		LOC118276605	nephrin-like	59535	5654821	6132432	
NC_064228.1_6300851	NC_064228.1	6300851		-4.272		LOC118276802	uncharacterized LOC118276802	1606	6292826	6305663	
NC_064228.1_6439818	NC_064228.1	6439818		-4.439		LOC118276870	homeobox protein OTX1	35535	6442894	6507813	
NC_064228.1_6668606	NC_064228.1	6668606		-4.143		LOC118276597	pleckstrin homology-like domain family B member 2	33750	6640914	6763799	
NC_064228.1_6883444	NC_064228.1	6883444		4.203		LOC118276912	uncharacterized LOC118276912	11397	6870227	6873867	
NC_064228.1_6888870	NC_064228.1	6888870		4.369		LOC118276912	uncharacterized LOC118276912	16823	6870227	6873867	
NC_064228.1_6898289	NC_064228.1	6898289		-4.347		LOC118276825	neural cell adhesion molecule 1	76891	6884564	7065796	
NC_064228.1_6956130	NC_064228.1	6956130		4.085		LOC118276825	neural cell adhesion molecule 1	19050	6884564	7065796	
NC_064228.1_7014512	NC_064228.1	7014512		-4.024		LOC118276960	uncharacterized LOC118276960	33432	6915270	7180618	
NC_064228.1_7061926	NC_064228.1	7061926		-4.052		LOC118276585	proton-coupled amino acid transporter-like protein CG1139	7567	7066544	7072442	
NC_064228.1_7319547	NC_064228.1	7319547		-4.175		LOC118276558	heterogeneous nuclear ribonucleoprotein L	167696	7267359	7707128	
NC_064228.1_7466536	NC_064228.1	7466536		-4.718		LOC118276558	heterogeneous nuclear ribonucleoprotein L	20707	7267359	7707128	
NC_064228.1_7471104	NC_064228.1	7471104		4.075		LOC118276558	heterogeneous nuclear ribonucleoprotein L	16139	7267359	7707128	
NC_064228.1_7650467	NC_064228.1	7650467		-4.208		LOC118276558	heterogeneous nuclear ribonucleoprotein L	163223	7267359	7707128	
NC_064228.1_7713148	NC_064228.1	7713148		4.178		LOC118276546	zinc finger protein 600	13733	7712930	7740832	
NC_064228.1_7816698	NC_064228.1	7816698		4.374		LOC118276592	uncharacterized LOC118276592	1542	7811764	7824716	
NC_064228.1_8004903	NC_064228.1	8004903		4.047		LOC118276748	neural/ectodermal development factor IMP-L2	3891	7992025	8025563	
NC_064228.1_8004905	NC_064228.1	8004905		4.409		LOC118276748	neural/ectodermal development factor IMP-L2	3889	7992025	8025563	
NC_064228.1_8005085	NC_064228.1	8005085		4.023		LOC118276748	neural/ectodermal development factor IMP-L2	3709	7992025	8025563	
NC_064228.1_8030514	NC_064228.1	8030514		4.157		LOC126911656	uncharacterized LOC126911656	13351	7902476	8131850	
NC_064228.1_8237442	NC_064228.1	8237442		4.945		LOC118276779	brachyurin-like	4606	8232351	8233321	
NC_064228.1_8237489	NC_064228.1	8237489		-4.304		LOC118276779	brachyurin-like	4653	8232351	8233321	
NC_064228.1_8237500	NC_064228.1	8237500		-4.204		LOC118276779	brachyurin-like	4664	8232351	8233321	
NC_064228.1_8255184	NC_064228.1	8255184		-4.005		LOC118276850	protein stum	3201	8234509	8282262	
NC_064228.1_8345393	NC_064228.1	8345393		-4.321		LOC118276679	thyroid receptor-interacting protein 11-like	5887	8307243	8371768	
NC_064228.1_8495771	NC_064228.1	8495771		4.337		LOC118281405	uncharacterized LOC118281405	6297	8486667	8492281	
NC_064228.1_8574514	NC_064228.1	8574514		4.278		LOC118276831	rho guanine nucleotide exchange factor 12	40050	8434748	8634179	
NC_064228.1_8671006	NC_064228.1	8671006		-4.698		LOC118276963	putative serine protease K12H4.7	12941	8645189	8670941	
NC_064228.1_8738961	NC_064228.1	8738961		-4.044		(基因间区)		-1			
NC_064228.1_8840285	NC_064228.1	8840285		4.273		LOC126911659	uncharacterized LOC126911659	7870	8831360	8833470	
NC_064228.1_8924145	NC_064228.1	8924145		4.422		LOC118276868	uncharacterized LOC118276868	23501	8939087	8956205	
NC_064228.1_8941173	NC_064228.1	8941173		-4.854		LOC118276868	uncharacterized LOC118276868	6473	8939087	8956205	
NC_064228.1_8961229	NC_064228.1	8961229		4.349		LOC118277018	uncharacterized LOC118277018	1027	8959771	8960632	
NC_064229.1_80309	NC_064229.1	80309		4.875		LOC118277763	atrial natriuretic peptide receptor 1	38270	45687	191472	
NC_064229.1_100208	NC_064229.1	100208		-4.398		LOC118277763	atrial natriuretic peptide receptor 1	18371	45687	191472	
NC_064229.1_101111	NC_064229.1	101111		-4.433		LOC118277763	atrial natriuretic peptide receptor 1	17468	45687	191472	
NC_064229.1_101138	NC_064229.1	101138		-4.598		LOC118277763	atrial natriuretic peptide receptor 1	17441	45687	191472	
NC_064229.1_101149	NC_064229.1	101149		-4.18		LOC118277763	atrial natriuretic peptide receptor 1	17430	45687	191472	
NC_064229.1_104202	NC_064229.1	104202		-4.25		LOC118277763	atrial natriuretic peptide receptor 1	14377	45687	191472	
NC_064229.1_111236	NC_064229.1	111236		-4.001		LOC118277763	atrial natriuretic peptide receptor 1	7343	45687	191472	
NC_064229.1_113597	NC_064229.1	113597		-4.293		LOC118277763	atrial natriuretic peptide receptor 1	4982	45687	191472	
NC_064229.1_116716	NC_064229.1	116716		-4.014		LOC118277763	atrial natriuretic peptide receptor 1	1863	45687	191472	
NC_064229.1_116815	NC_064229.1	116815		4.036		LOC118277763	atrial natriuretic peptide receptor 1	1764	45687	191472	
NC_064229.1_118954	NC_064229.1	118954		-4.55		LOC118277763	atrial natriuretic peptide receptor 1	374	45687	191472	
NC_064229.1_119387	NC_064229.1	119387		-4.116		LOC118277763	atrial natriuretic peptide receptor 1	807	45687	191472	
NC_064229.1_120938	NC_064229.1	120938		-4.542		LOC118277763	atrial natriuretic peptide receptor 1	2358	45687	191472	
NC_064229.1_131880	NC_064229.1	131880		-4.1		LOC118277763	atrial natriuretic peptide receptor 1	13300	45687	191472	
NC_064229.1_135257	NC_064229.1	135257		-4.476		LOC118277763	atrial natriuretic peptide receptor 1	16677	45687	191472	
NC_064229.1_236420	NC_064229.1	236420		-4.173		LOC118277764	uncharacterized LOC118277764	7944	224226	232725	
NC_064229.1_243603	NC_064229.1	243603		4.299		LOC126911720	uncharacterized LOC126911720	13641	256603	257886	
NC_064229.1_244418	NC_064229.1	244418		-4.455		LOC126911720	uncharacterized LOC126911720	12826	256603	257886	
NC_064229.1_283809	NC_064229.1	283809		4.183		LOC126911719	uncharacterized LOC126911719	6091	219496	360305	
NC_064229.1_312241	NC_064229.1	312241		-4.425		Trnad-guc	transfer RNA aspartic acid (anticodon GUC)	11559	323765	323836	
NC_064229.1_333027	NC_064229.1	333027		-4.486		Trnad-guc	transfer RNA aspartic acid (anticodon GUC)	9226	323765	323836	
NC_064229.1_361224	NC_064229.1	361224		-4.035		LOC126911719	uncharacterized LOC126911719	71323	219496	360305	
NC_064229.1_379901	NC_064229.1	379901		-4.271		LOC118278165	F-box/LRR-repeat protein 7	43277	382366	463990	
NC_064229.1_522466	NC_064229.1	522466		-4.298		LOC118278115	zinc finger CCHC domain-containing protein 10	6814	514482	516822	
NC_064229.1_609010	NC_064229.1	609010		4.128		LOC118278096	sarcoplasmic reticulum histidine-rich calcium-binding protein-like	4043	612338	613769	
NC_064229.1_727220	NC_064229.1	727220		-4.33		LOC118278101	calcium uptake protein 3, mitochondrial	17684	699094	790715	
NC_064229.1_795568	NC_064229.1	795568		4.151		LOC118278152	uncharacterized LOC118278152	158	794608	796845	
NC_064229.1_989829	NC_064229.1	989829		-4.291		LOC118278194	MYG1 exonuclease	4513	993067	995617	
NC_064229.1_989834	NC_064229.1	989834		-4.007		LOC118278194	MYG1 exonuclease	4508	993067	995617	
NC_064229.1_1257156	NC_064229.1	1257156		4.717		LOC118277801	putative uncharacterized protein DDB_G0291608	4350	1257007	1266006	
NC_064229.1_1324471	NC_064229.1	1324471		4.481		LOC126911694	uncharacterized LOC126911694	8087	1315399	1317369	
NC_064229.1_1373815	NC_064229.1	1373815		4.126		LOC118282002	chitinase A	4198	1370974	1385053	
NC_064229.1_1388431	NC_064229.1	1388431		-5.045		LOC118282002	chitinase A	10417	1370974	1385053	
NC_064229.1_1394040	NC_064229.1	1394040		4.196		LOC118277799	uncharacterized LOC118277799	5087	1394673	1403582	
NC_064229.1_1434212	NC_064229.1	1434212		-4.834		LOC118278130	hemicentin-2	71828	1425188	1586892	
NC_064229.1_1699779	NC_064229.1	1699779		-4.026		LOC118277949	protein krasavietz	23474	1715255	1731251	
NC_064229.1_1745986	NC_064229.1	1745986		4.258		LOC118277918	probable 39S ribosomal protein L45, mitochondrial	12656	1731729	1734931	
NC_064229.1_1757686	NC_064229.1	1757686		-4.2		LOC118277919	regulator of G-protein signaling loco	33077	1736044	1845483	
NC_064229.1_1804390	NC_064229.1	1804390		4.565		LOC126911724	uncharacterized LOC126911724	6046	1798261	1798427	
NC_064229.1_1831315	NC_064229.1	1831315		4.106		LOC126911722	uncharacterized LOC126911722	18252	1848084	1851051	
NC_064229.1_1840597	NC_064229.1	1840597		4.038		LOC126911722	uncharacterized LOC126911722	8970	1848084	1851051	
NC_064229.1_1842005	NC_064229.1	1842005		-4.258		LOC126911722	uncharacterized LOC126911722	7562	1848084	1851051	
NC_064229.1_1873073	NC_064229.1	1873073		-4.291		LOC118277968	uncharacterized LOC118277968	595	1872835	1874502	
NC_064229.1_1943424	NC_064229.1	1943424		4.109		LOC118277865	glutamate-gated chloride channel	5866	1929988	1968593	
NC_064229.1_1982641	NC_064229.1	1982641		-4.172		LOC118277948	ras-like protein 2	1961	1980788	1988417	
NC_064229.1_2041740	NC_064229.1	2041740		4.133		LOC118278212	solute carrier organic anion transporter family member 74D	2930	2034956	2042663	
NC_064229.1_2258271	NC_064229.1	2258271		4.271		LOC118277781	synapse-associated protein of 47 kDa	23281	2244589	2318515	
NC_064229.1_2268651	NC_064229.1	2268651		-4.073		LOC118277781	synapse-associated protein of 47 kDa	12901	2244589	2318515	
NC_064229.1_2301606	NC_064229.1	2301606		4.05		LOC118277780	solute carrier family 22 member 13	3227	2300815	2308851	
NC_064229.1_2350723	NC_064229.1	2350723		-4.102		LOC118277783	organic cation transporter protein-like	2337	2337271	2359500	
NC_064229.1_2406072	NC_064229.1	2406072		-4.309		LOC118277796	inverted formin-2	24451	2378208	2482839	
NC_064229.1_2513145	NC_064229.1	2513145		-4.019		LOC118277991	dystrophin, isoforms A/C/F/G/H	198767	2492556	2931268	
NC_064229.1_2527864	NC_064229.1	2527864		-4.233		LOC118277991	dystrophin, isoforms A/C/F/G/H	184048	2492556	2931268	
NC_064229.1_2538218	NC_064229.1	2538218		4.596		LOC118277991	dystrophin, isoforms A/C/F/G/H	173694	2492556	2931268	
NC_064229.1_2629419	NC_064229.1	2629419		4.351		LOC118277991	dystrophin, isoforms A/C/F/G/H	82493	2492556	2931268	
NC_064229.1_2760135	NC_064229.1	2760135		4.172		LOC118277991	dystrophin, isoforms A/C/F/G/H	48223	2492556	2931268	
NC_064229.1_2856135	NC_064229.1	2856135		-4.089		LOC118277991	dystrophin, isoforms A/C/F/G/H	144223	2492556	2931268	
NC_064229.1_2949842	NC_064229.1	2949842		4.494		LOC126911676	uncharacterized LOC126911676	2484	2946843	2947873	
NC_064229.1_2964811	NC_064229.1	2964811		4.051		LOC118278261	uncharacterized LOC118278261	7136	2950313	2965037	
NC_064229.1_3080787	NC_064229.1	3080787		4.501		LOC118277779	glutathione S-transferase 1	13739	3064919	3069176	氧化应激;解毒/代谢
NC_064229.1_3080788	NC_064229.1	3080788		4.503		LOC118277779	glutathione S-transferase 1	13740	3064919	3069176	氧化应激;解毒/代谢
NC_064229.1_3081410	NC_064229.1	3081410		-4.014		LOC118277779	glutathione S-transferase 1	14362	3064919	3069176	氧化应激;解毒/代谢
NC_064229.1_3081817	NC_064229.1	3081817		4.152		LOC118277779	glutathione S-transferase 1	14769	3064919	3069176	氧化应激;解毒/代谢
NC_064229.1_3081845	NC_064229.1	3081845		4.291		LOC118277779	glutathione S-transferase 1	14797	3064919	3069176	氧化应激;解毒/代谢
NC_064229.1_3103999	NC_064229.1	3103999		-4.367		LOC118277772	leucine-rich repeats and immunoglobulin-like domains protein 1	30121	3092231	3176010	
NC_064229.1_3104003	NC_064229.1	3104003		-4.171		LOC118277772	leucine-rich repeats and immunoglobulin-like domains protein 1	30117	3092231	3176010	
NC_064229.1_3129310	NC_064229.1	3129310		-4.097		LOC118277772	leucine-rich repeats and immunoglobulin-like domains protein 1	4810	3092231	3176010	
NC_064229.1_3129331	NC_064229.1	3129331		-4.091		LOC118277772	leucine-rich repeats and immunoglobulin-like domains protein 1	4789	3092231	3176010	
NC_064229.1_3129431	NC_064229.1	3129431		-4.529		LOC118277772	leucine-rich repeats and immunoglobulin-like domains protein 1	4689	3092231	3176010	
NC_064229.1_3132130	NC_064229.1	3132130		4.63		LOC118277772	leucine-rich repeats and immunoglobulin-like domains protein 1	1990	3092231	3176010	
NC_064229.1_3137086	NC_064229.1	3137086		-4.735		LOC118277772	leucine-rich repeats and immunoglobulin-like domains protein 1	2965	3092231	3176010	
NC_064229.1_3137091	NC_064229.1	3137091		4.128		LOC118277772	leucine-rich repeats and immunoglobulin-like domains protein 1	2970	3092231	3176010	
NC_064229.1_3144377	NC_064229.1	3144377		-4.185		LOC118277772	leucine-rich repeats and immunoglobulin-like domains protein 1	10256	3092231	3176010	
NC_064229.1_3147418	NC_064229.1	3147418		4.019		LOC118277772	leucine-rich repeats and immunoglobulin-like domains protein 1	13297	3092231	3176010	
NC_064229.1_3154189	NC_064229.1	3154189		-4.12		LOC118277772	leucine-rich repeats and immunoglobulin-like domains protein 1	20068	3092231	3176010	
NC_064229.1_3169478	NC_064229.1	3169478		4.669		LOC118277772	leucine-rich repeats and immunoglobulin-like domains protein 1	35357	3092231	3176010	
NC_064229.1_3169480	NC_064229.1	3169480		4.286		LOC118277772	leucine-rich repeats and immunoglobulin-like domains protein 1	35359	3092231	3176010	
NC_064229.1_3169481	NC_064229.1	3169481		4.512		LOC118277772	leucine-rich repeats and immunoglobulin-like domains protein 1	35360	3092231	3176010	
NC_064229.1_3170183	NC_064229.1	3170183		-4.639		LOC118277772	leucine-rich repeats and immunoglobulin-like domains protein 1	36062	3092231	3176010	
NC_064229.1_3170228	NC_064229.1	3170228		-4.005		LOC118277772	leucine-rich repeats and immunoglobulin-like domains protein 1	36107	3092231	3176010	
NC_064229.1_3183392	NC_064229.1	3183392		-4.252		LOC118277772	leucine-rich repeats and immunoglobulin-like domains protein 1	49271	3092231	3176010	
NC_064229.1_3184287	NC_064229.1	3184287		-4.008		LOC118277772	leucine-rich repeats and immunoglobulin-like domains protein 1	50166	3092231	3176010	
NC_064229.1_3205380	NC_064229.1	3205380		-4.082		LOC118277768	UDP-glucosyltransferase 2	15291	3214634	3226709	解毒/代谢
NC_064229.1_3287788	NC_064229.1	3287788		-4.349		(基因间区)		-1			
NC_064229.1_3326160	NC_064229.1	3326160		-4.318		(基因间区)		-1			
NC_064229.1_3331278	NC_064229.1	3331278		-4.062		(基因间区)		-1			
NC_064229.1_3337555	NC_064229.1	3337555		4.044		LOC126911707	uncharacterized LOC126911707	20644	3357205	3359194	
NC_064229.1_3348967	NC_064229.1	3348967		4.412		LOC126911707	uncharacterized LOC126911707	9232	3357205	3359194	
NC_064229.1_3351504	NC_064229.1	3351504		-4.204		LOC126911707	uncharacterized LOC126911707	6695	3357205	3359194	
NC_064229.1_3408167	NC_064229.1	3408167		-4.655		LOC118278222	apyrase-like	2501	3404756	3416580	
NC_064229.1_3514877	NC_064229.1	3514877		-4.867		LOC118277895	UDP-glucosyltransferase 2-like	1472	3513634	3519065	解毒/代谢
NC_064229.1_3562255	NC_064229.1	3562255		4.821		LOC118277904	UDP-glycosyltransferase UGT5-like	3127	3552526	3565730	解毒/代谢
NC_064229.1_3616433	NC_064229.1	3616433		4.038		LOC118277899	UDP-glucosyltransferase 2	3737	3607692	3617700	解毒/代谢
NC_064229.1_3644366	NC_064229.1	3644366		-4.244		LOC118278039	UDP-glucosyltransferase 2-like	401	3640296	3647634	解毒/代谢
NC_064229.1_3671083	NC_064229.1	3671083		4.016		LOC118278243	mitochondrial pyruvate carrier 2	582	3664886	3676115	
NC_064229.1_3687053	NC_064229.1	3687053		4.1		LOC118278242	septin-interacting protein 1	5649	3677196	3685612	
NC_064229.1_3690778	NC_064229.1	3690778		-4.454		LOC118278242	septin-interacting protein 1	9374	3677196	3685612	
NC_064229.1_3695196	NC_064229.1	3695196		-4.163		LOC118277833	FHIP family protein GI14169	6031	3686067	3716387	
NC_064229.1_3695202	NC_064229.1	3695202		-4.771		LOC118277833	FHIP family protein GI14169	6025	3686067	3716387	
NC_064229.1_3695204	NC_064229.1	3695204		-4.645		LOC118277833	FHIP family protein GI14169	6023	3686067	3716387	
NC_064229.1_3695208	NC_064229.1	3695208		-4.517		LOC118277833	FHIP family protein GI14169	6019	3686067	3716387	
NC_064229.1_3753937	NC_064229.1	3753937		-4.2		LOC118277836	spidroin-2-like	26036	3720094	3735708	
NC_064229.1_3853978	NC_064229.1	3853978		-4.445		LOC118277837	tight junction protein ZO-1	33037	3750939	3890943	
NC_064229.1_3860907	NC_064229.1	3860907		-4.387		LOC118277837	tight junction protein ZO-1	39966	3750939	3890943	
NC_064229.1_3870200	NC_064229.1	3870200		-4.113		LOC118277837	tight junction protein ZO-1	49259	3750939	3890943	
NC_064229.1_3879794	NC_064229.1	3879794		4.363		LOC118277909	another transcription unit protein	18943	3895057	3902418	
NC_064229.1_3902349	NC_064229.1	3902349		-4.164		LOC118277911	uncharacterized LOC118277911	2920	3902853	3907686	
NC_064229.1_3902350	NC_064229.1	3902350		-4.608		LOC118277911	uncharacterized LOC118277911	2919	3902853	3907686	
NC_064229.1_3909424	NC_064229.1	3909424		-4.471		LOC118277911	uncharacterized LOC118277911	4154	3902853	3907686	
NC_064229.1_3958158	NC_064229.1	3958158		4.114		LOC118277934	CDC42 small effector protein homolog	8435	3944950	3988237	
NC_064229.1_4099404	NC_064229.1	4099404		-4.228		LOC118278178	katanin p60 ATPase-containing subunit A-like 1	913	4083034	4117600	
NC_064229.1_4112579	NC_064229.1	4112579		-4.182		LOC118278178	katanin p60 ATPase-containing subunit A-like 1	12262	4083034	4117600	
NC_064229.1_4150514	NC_064229.1	4150514		-4.069		LOC118278179	mothers against decapentaplegic homolog 4	8386	4136407	4147849	
NC_064229.1_4157702	NC_064229.1	4157702		-4.274		LOC118277851	uncharacterized LOC118277851	4335	4154976	4169099	
NC_064229.1_4173087	NC_064229.1	4173087		4.257		LOC118277851	uncharacterized LOC118277851	11049	4154976	4169099	
NC_064229.1_4173098	NC_064229.1	4173098		4.05		LOC118277851	uncharacterized LOC118277851	11060	4154976	4169099	
NC_064229.1_4174766	NC_064229.1	4174766		-4.321		LOC118277851	uncharacterized LOC118277851	12728	4154976	4169099	
NC_064229.1_4271024	NC_064229.1	4271024		-4.173		(基因间区)		-1			
NC_064229.1_4365175	NC_064229.1	4365175		-4.661		LOC118277957	uncharacterized LOC118277957	27455	4374251	4411010	
NC_064229.1_4369014	NC_064229.1	4369014		4.41		LOC118277957	uncharacterized LOC118277957	23616	4374251	4411010	
NC_064229.1_4370734	NC_064229.1	4370734		-4.065		LOC118277957	uncharacterized LOC118277957	21896	4374251	4411010	
NC_064229.1_4371223	NC_064229.1	4371223		-4.046		LOC118277957	uncharacterized LOC118277957	21407	4374251	4411010	
NC_064229.1_4382261	NC_064229.1	4382261		-4.755		LOC118277957	uncharacterized LOC118277957	10369	4374251	4411010	
NC_064229.1_4382266	NC_064229.1	4382266		-4.123		LOC118277957	uncharacterized LOC118277957	10364	4374251	4411010	
NC_064229.1_4382750	NC_064229.1	4382750		-4.045		LOC118277957	uncharacterized LOC118277957	9880	4374251	4411010	
NC_064229.1_4496049	NC_064229.1	4496049		4.087		LOC118278161	DE-cadherin	81262	4455115	4699508	
NC_064229.1_4934517	NC_064229.1	4934517		-4.025		LOC118281701	dynein light chain Tctex-type	10117	4944066	4945202	
NC_064229.1_4955531	NC_064229.1	4955531		-4.525		LOC118281699	palmitoyltransferase ZDHHC15B	3025	4945502	4959510	解毒/代谢
NC_064229.1_4955534	NC_064229.1	4955534		-4.578		LOC118281699	palmitoyltransferase ZDHHC15B	3028	4945502	4959510	解毒/代谢
NC_064229.1_4955556	NC_064229.1	4955556		-4.901		LOC118281699	palmitoyltransferase ZDHHC15B	3050	4945502	4959510	解毒/代谢
NC_064229.1_5134791	NC_064229.1	5134791		-4.249		LOC126911700	uncharacterized LOC126911700	2576	5131309	5133121	
NC_064229.1_5157272	NC_064229.1	5157272		-4.036		LOC118278339	U6atac minor spliceosomal RNA	1487	5155740	5155830	
NC_064229.1_5182117	NC_064229.1	5182117		-4.116		LOC118278122	UDP-glucosyltransferase 2	13854	5166862	5169663	解毒/代谢
NC_064229.1_5186450	NC_064229.1	5186450		-4.081		LOC118278122	UDP-glucosyltransferase 2	18187	5166862	5169663	解毒/代谢
NC_064229.1_5261510	NC_064229.1	5261510		-4.102		LOC118278269	atrial natriuretic peptide receptor 2	29587	5193671	5270175	
NC_064229.1_5276861	NC_064229.1	5276861		-4.144		LOC118278269	atrial natriuretic peptide receptor 2	44938	5193671	5270175	
NC_064229.1_5276863	NC_064229.1	5276863		-4.748		LOC118278269	atrial natriuretic peptide receptor 2	44940	5193671	5270175	
NC_064229.1_5412024	NC_064229.1	5412024		4.115		LOC118278128	uncharacterized LOC118278128	13863	5392107	5404215	
NC_064229.1_5543287	NC_064229.1	5543287		-4.277		LOC118278135	protein Pixie	6508	5533661	5539896	
NC_064229.1_5587237	NC_064229.1	5587237		-4.173		LOC118278284	biotin--protein ligase	2781	5579129	5589783	
NC_064229.1_5607395	NC_064229.1	5607395		-4.057		LOC118278285	SWI/SNF complex subunit SMARCC2	3346	5601155	5620328	
NC_064229.1_6194524	NC_064229.1	6194524		4.878		LOC118277975	protein male-specific lethal-3	737	6191425	6199097	
NC_064229.1_6533149	NC_064229.1	6533149		-4.272		LOC118278255	microtubule-associated protein Jupiter	20547	6445802	6579402	
NC_064229.1_6728157	NC_064229.1	6728157		-4.035		LOC118277885	serine protease inhibitor A3K	3315	6722711	6740233	
NC_064229.1_6728414	NC_064229.1	6728414		-4.007		LOC118277885	serine protease inhibitor A3K	3058	6722711	6740233	
NC_064229.1_6916152	NC_064229.1	6916152		4.348		LOC118278204	tRNA (adenine(58)-N(1))-methyltransferase catalytic subunit TRMT61A	470	6881147	6950216	解毒/代谢
NC_064229.1_7080437	NC_064229.1	7080437		4.292		LOC118277877	PAS domain-containing protein cky-1	54463	6953795	7098152	
NC_064229.1_7093782	NC_064229.1	7093782		4.775		LOC118277877	PAS domain-containing protein cky-1	67808	6953795	7098152	
NC_064229.1_7209293	NC_064229.1	7209293		4.205		LOC118278216	uncharacterized LOC118278216	181	7205043	7213905	
NC_064229.1_7378289	NC_064229.1	7378289		-4.044		LOC118278149	alpha-1,3/1,6-mannosyltransferase ALG2	495	7377196	7380372	解毒/代谢
NC_064229.1_7473112	NC_064229.1	7473112		4.057		LOC118278077	klarsicht protein	104238	7422492	7732209	
NC_064229.1_7632341	NC_064229.1	7632341		-4.26		LOC118278077	klarsicht protein	54990	7422492	7732209	
NC_064229.1_7633450	NC_064229.1	7633450		-4.193		LOC118278077	klarsicht protein	56099	7422492	7732209	
NC_064229.1_7700019	NC_064229.1	7700019		-4.019		LOC118278337	U4 spliceosomal RNA	20047	7679902	7680041	
NC_064229.1_7724918	NC_064229.1	7724918		5.237		LOC126911682	serine-arginine protein 55	13441	7733480	7743238	
NC_064229.1_7813296	NC_064229.1	7813296		-4.121		(基因间区)		-1			
NC_064229.1_7835428	NC_064229.1	7835428		-4.218		(基因间区)		-1			
NC_064229.1_8096156	NC_064229.1	8096156		4.32		LOC118277789	zinc finger MYM-type protein 3	11393	8093536	8121563	
NC_064229.1_8242301	NC_064229.1	8242301		-4.073		LOC118277959	protein trachealess	35629	8191690	8364171	
NC_064229.1_8449672	NC_064229.1	8449672		4.201		LOC118277825	rho guanine nucleotide exchange factor 17	12178	8375307	8499680	
NC_064229.1_8958174	NC_064229.1	8958174		4.101		LOC118277870	fibroblast growth factor receptor homolog 1	737	8910261	9007561	
NC_064229.1_9291349	NC_064229.1	9291349		4.058		LOC118281947	uncharacterized LOC118281947	4701	9294707	9297393	
NC_064229.1_9362177	NC_064229.1	9362177		4.403		LOC126911732	5S ribosomal RNA	975	9361143	9361261	
NC_064229.1_9646314	NC_064229.1	9646314		4.509		LOC118277931	uncharacterized LOC118277931	12657	9603298	9714645	
NC_064229.1_9659077	NC_064229.1	9659077		4.038		LOC118277931	uncharacterized LOC118277931	105	9603298	9714645	
NC_064229.1_10120348	NC_064229.1	10120348		-4.166		LOC118278271	MAP7 domain-containing protein 1	3931	10080332	10152501	
NC_064229.1_10120526	NC_064229.1	10120526		4.293		LOC118278271	MAP7 domain-containing protein 1	4109	10080332	10152501	
NC_064229.1_10337873	NC_064229.1	10337873		4.384		LOC118278224	myosuppressin	16265	10334493	10373783	
NC_064229.1_10414970	NC_064229.1	10414970		4.055		LOC118278116	acyl-CoA synthetase short-chain family member 3, mitochondrial	8739	10414005	10433414	
NC_064229.1_10564553	NC_064229.1	10564553		-4.072		LOC118278125	IDLSRF-like peptide	10130	10524431	10624935	
NC_064229.1_10566531	NC_064229.1	10566531		-4.341		LOC118278125	IDLSRF-like peptide	8152	10524431	10624935	
NC_064229.1_10567721	NC_064229.1	10567721		-4.223		LOC118278125	IDLSRF-like peptide	6962	10524431	10624935	
NC_064229.1_10606637	NC_064229.1	10606637		-4.553		LOC118278125	IDLSRF-like peptide	31954	10524431	10624935	
NC_064229.1_10726210	NC_064229.1	10726210		4.204		LOC118277915	uncharacterized LOC118277915	16479	10708815	10710647	
NC_064229.1_10929050	NC_064229.1	10929050		-4.391		LOC118278085	transient receptor potential channel pyrexia	14544	10912729	10916283	
NC_064229.1_10979733	NC_064229.1	10979733		-5.288		LOC126911680	uncharacterized LOC126911680	8502	10982123	10994348	
NC_064229.1_10982448	NC_064229.1	10982448		-4.03		LOC126911680	uncharacterized LOC126911680	5787	10982123	10994348	
NC_064229.1_11138086	NC_064229.1	11138086		-4.141		LOC118278089	uncharacterized LOC118278089	470	11135747	11139485	
NC_064229.1_11139327	NC_064229.1	11139327		-4.511		LOC118278089	uncharacterized LOC118278089	1711	11135747	11139485	
NC_064229.1_11159472	NC_064229.1	11159472		-4.222		LOC118278042	homeobox protein notochord	654	11153697	11163939	
NC_064229.1_11319043	NC_064229.1	11319043		-4.537		LOC118278075	homeobox protein Nkx-6.2	10110	11285789	11332076	
NC_064229.1_11423732	NC_064229.1	11423732		4.042		LOC118278082	prostacyclin receptor	6369	11419308	11440895	
NC_064229.1_11427963	NC_064229.1	11427963		-4.221		LOC118278082	prostacyclin receptor	2138	11419308	11440895	
NC_064229.1_11428411	NC_064229.1	11428411		-4.093		LOC118278082	prostacyclin receptor	1690	11419308	11440895	
NC_064229.1_11436367	NC_064229.1	11436367		-4.98		LOC118278082	prostacyclin receptor	6265	11419308	11440895	
NC_064229.1_11497183	NC_064229.1	11497183		4.313		LOC118281889	uncharacterized LOC118281889	2998	11498846	11501516	
NC_064230.1_222417	NC_064230.1	222417		4.233		LOC118280836	mucin-4-like	3848	207306	229832	
NC_064230.1_303624	NC_064230.1	303624		4.58		LOC118281259	Kv channel-interacting protein 4-like	41630	291111	399398	
NC_064230.1_416289	NC_064230.1	416289		4.199		LOC118281246	uncharacterized LOC118281246	4413	410533	413218	
NC_064230.1_419656	NC_064230.1	419656		-4.818		LOC118281246	uncharacterized LOC118281246	7780	410533	413218	
NC_064230.1_445998	NC_064230.1	445998		4.235		LOC118281129	M-phase inducer phosphatase	94819	241265	461092	
NC_064230.1_488346	NC_064230.1	488346		-4.137		LOC118281218	uncharacterized LOC118281218	24432	508324	517233	
NC_064230.1_687801	NC_064230.1	687801		-4.245		LOC118281019	zinc finger protein 91-like	1830	681799	690142	
NC_064230.1_740880	NC_064230.1	740880		-4.435		LOC126911764	uncharacterized LOC126911764	1225	741884	742326	
NC_064230.1_851525	NC_064230.1	851525		-5.024		LOC118281100	serine protease Hayan-like	7215	831846	856773	
NC_064230.1_927753	NC_064230.1	927753		4.258		LOC118281046	ras-related protein Rab-24-like	2745	921387	928628	
NC_064230.1_1048152	NC_064230.1	1048152		-5.48		LOC118281261	cytotoxic granule associated RNA binding protein TIA1	31310	972411	1061273	
NC_064230.1_1048155	NC_064230.1	1048155		-4.923		LOC118281261	cytotoxic granule associated RNA binding protein TIA1	31313	972411	1061273	
NC_064230.1_1199963	NC_064230.1	1199963		-4.841		LOC118281127	uncharacterized LOC118281127	5310	1201350	1209196	
NC_064230.1_1381661	NC_064230.1	1381661		4.18		LOC118281121	protein anon-37Cs	9143	1370305	1411303	
NC_064230.1_1434368	NC_064230.1	1434368		-4.161		LOC118281164	COMM domain-containing protein 5-like	3857	1436291	1440160	
NC_064230.1_1701942	NC_064230.1	1701942		-4.143		LOC118280960	uncharacterized LOC118280960	712	1698065	1707244	
NC_064230.1_1712690	NC_064230.1	1712690		4.14		LOC118280892	mucin-22-like	6184	1708232	1729517	
NC_064230.1_1963833	NC_064230.1	1963833		-4.463		LOC118280890	uncharacterized protein DDB_G0290685-like	129	1962051	1965356	
NC_064230.1_2049530	NC_064230.1	2049530		4.212		LOC118281001	adenylyltransferase and sulfurtransferase MOCS3	526	2043426	2056687	解毒/代谢
NC_064230.1_2206206	NC_064230.1	2206206		4.145		LOC118280987	oxysterol-binding protein-related protein 8	1015	2164607	2249836	
NC_064230.1_2246772	NC_064230.1	2246772		4.108		Trnak-uuu	transfer RNA lysine (anticodon UUU)	8507	2255243	2255315	
NC_064230.1_2369610	NC_064230.1	2369610		-4.303		LOC118281136	ATP-dependent RNA helicase abstrakt	2532	2262388	2471767	
NC_064230.1_2468430	NC_064230.1	2468430		-5.473		LOC118281179	uncharacterized LOC118281179	16767	2444733	2458593	
NC_064230.1_2529173	NC_064230.1	2529173		4.164		LOC118281272	uncharacterized LOC118281272	4724	2472173	2595622	
NC_064230.1_2562881	NC_064230.1	2562881		4.106		LOC118281272	uncharacterized LOC118281272	28983	2472173	2595622	
NC_064230.1_2582384	NC_064230.1	2582384		-4.195		LOC118281272	uncharacterized LOC118281272	48486	2472173	2595622	
NC_064230.1_2598226	NC_064230.1	2598226		4.132		LOC118281270	protein MEMO1	11840	2603597	2616536	
NC_064230.1_2806151	NC_064230.1	2806151		-4.439		LOC118281022	PBAN-type neuropeptides	879	2804170	2809891	
NC_064230.1_2911098	NC_064230.1	2911098		-4.111		LOC118281215	uncharacterized LOC118281215	9038	2864845	2939274	
NC_064230.1_2919193	NC_064230.1	2919193		-4.055		LOC118281215	uncharacterized LOC118281215	17133	2864845	2939274	
NC_064230.1_2975641	NC_064230.1	2975641		-4.775		LOC118281213	cyclin G	12299	2942132	2984552	
NC_064230.1_2975656	NC_064230.1	2975656		-4.028		LOC118281213	cyclin G	12314	2942132	2984552	
NC_064230.1_3091223	NC_064230.1	3091223		-4.249		LOC118281233	translational regulator orb2	10540	3042597	3118768	
NC_064230.1_3263427	NC_064230.1	3263427		-4.265		LOC118280991	zinc finger protein 320	4635	3261948	3274177	
NC_064230.1_3263754	NC_064230.1	3263754		4.076		LOC118280991	zinc finger protein 320	4308	3261948	3274177	
NC_064230.1_3293143	NC_064230.1	3293143		4.34		LOC118281128	zinc finger protein 454-like	3047	3291596	3300785	
NC_064230.1_3339644	NC_064230.1	3339644		-4.074		LOC118280848	zinc finger protein 160	966	3333056	3344299	
NC_064230.1_3369742	NC_064230.1	3369742		-4.287		LOC118281200	zinc finger and BTB domain-containing protein 41	551	3361818	3376563	
NC_064230.1_3457399	NC_064230.1	3457399		-4.022		LOC126911878	uncharacterized LOC126911878	12980	3468619	3472140	
NC_064230.1_3471482	NC_064230.1	3471482		4.054		LOC126911878	uncharacterized LOC126911878	1102	3468619	3472140	
NC_064230.1_3634195	NC_064230.1	3634195		4.381		LOC118280825	zinc finger protein 879-like	3965	3623097	3637363	
NC_064230.1_3687553	NC_064230.1	3687553		-4.143		Trnav-uac	transfer RNA valine (anticodon UAC)	2111	3685406	3685478	
NC_064230.1_3758963	NC_064230.1	3758963		4.795		LOC118280976	protein HGH1 homolog	1265	3757101	3758294	
NC_064230.1_4099723	NC_064230.1	4099723		4.094		LOC126911893	uncharacterized LOC126911893	71921	4090730	4252559	
NC_064230.1_5378517	NC_064230.1	5378517		-4.044		LOC118281059	uncharacterized LOC118281059	1460	5378491	5381463	
NC_064230.1_6543978	NC_064230.1	6543978		4.021		LOC118280932	igLON family member 5-like	18772	6437195	6688305	
NC_064230.1_6636394	NC_064230.1	6636394		-4.1		LOC118281004	uncharacterized LOC118281004	3889	6628781	6651785	
NC_064230.1_6652906	NC_064230.1	6652906		-4.359		LOC118281004	uncharacterized LOC118281004	12623	6628781	6651785	
NC_064230.1_6667621	NC_064230.1	6667621		4.064		LOC118281017	uncharacterized LOC118281017	23552	6663039	6719307	
NC_064230.1_6762996	NC_064230.1	6762996		-4.096		LOC118280857	BTB/POZ domain-containing protein 7	389	6736430	6790340	
NC_064230.1_6763200	NC_064230.1	6763200		4.287		LOC118280857	BTB/POZ domain-containing protein 7	185	6736430	6790340	
NC_064230.1_6792621	NC_064230.1	6792621		-4.067		LOC118281237	E3 ubiquitin-protein ligase RFWD3-like	113	6791079	6794389	
NC_064230.1_6907772	NC_064230.1	6907772		-4.325		LOC118281105	toll-like receptor Tollo	1867	6884642	6927167	
NC_064230.1_6939010	NC_064230.1	6939010		-4.567		LOC118281048	RNA-binding protein 48	1083	6936776	6939078	
NC_064230.1_7214824	NC_064230.1	7214824		4.399		LOC118280961	ran GTPase-activating protein 1-like	13503	7190360	7266294	
NC_064231.1_8286	NC_064231.1	8286		-4.077		LOC118282256	GTPase Era, mitochondrial	10181	17514	19420	
NC_064231.1_377947	NC_064231.1	377947		4.012		LOC118261772	filaggrin-like	1772	378863	380575	
NC_064231.1_764148	NC_064231.1	764148		-4.554		LOC118261809	uncharacterized LOC118261809	13255	768534	786273	
NC_064231.1_803018	NC_064231.1	803018		-4.026		LOC118261840	cuticle protein 6-like	2087	798702	803160	
NC_064231.1_1024358	NC_064231.1	1024358		4.736		(基因间区)		-1			
NC_064231.1_1024359	NC_064231.1	1024359		4.005		(基因间区)		-1			
NC_064231.1_1047880	NC_064231.1	1047880		4.012		LOC118262080	MATH and LRR domain-containing protein PFE0570w	2920	1044582	1057019	
NC_064231.1_1535438	NC_064231.1	1535438		4.169		LOC126911952	uncharacterized LOC126911952	8897	1514602	1574068	
NC_064231.1_1852642	NC_064231.1	1852642		4.068		LOC118282189	protein FAM13A	9765	1824683	1861071	
NC_064231.1_1973109	NC_064231.1	1973109		4.191		LOC126911953	uncharacterized LOC126911953	4104	1974961	1979466	
NC_064231.1_1979490	NC_064231.1	1979490		-4.164		LOC126911953	uncharacterized LOC126911953	2276	1974961	1979466	
NC_064231.1_2003775	NC_064231.1	2003775		-4.367		LOC118261972	uncharacterized LOC118261972	595	2002218	2004141	
NC_064231.1_2193580	NC_064231.1	2193580		4.617		LOC118262105	protocadherin-like wing polarity protein stan	66881	2032690	2220708	
NC_064231.1_2212811	NC_064231.1	2212811		4.771		LOC118280889	V-type proton ATPase 21 kDa proteolipid subunit c''	10760	2222214	2224929	
NC_064231.1_2317296	NC_064231.1	2317296		5.229		LOC118280936	protein javelin	4921	2255041	2389394	
NC_064231.1_2317312	NC_064231.1	2317312		4.693		LOC118280936	protein javelin	4905	2255041	2389394	
NC_064231.1_2444371	NC_064231.1	2444371		-4.098		LOC118261908	general odorant-binding protein 70	8451	2438342	2467302	
NC_064231.1_2658370	NC_064231.1	2658370		-4.056		LOC118282367	ATP-binding cassette sub-family G member 5	4477	2656806	2668888	
NC_064231.1_2671691	NC_064231.1	2671691		4.191		LOC118282368	uncharacterized LOC118282368	2204	2668150	2670823	
NC_064231.1_2695290	NC_064231.1	2695290		-4.176		LOC118280837	maltase A1	2006	2661541	2725026	
NC_064231.1_2730940	NC_064231.1	2730940		-4.237		LOC118280850	maltase A3	602	2727427	2735658	
NC_064231.1_2892676	NC_064231.1	2892676		-4.038		LOC118280655	uncharacterized LOC118280655	9459	2898206	2906065	
NC_064231.1_3062153	NC_064231.1	3062153		-4.314		LOC118281590	probable serine/threonine-protein kinase DDB_G0267686	110714	3074818	3270917	
NC_064231.1_3177728	NC_064231.1	3177728		5.272		LOC118281590	probable serine/threonine-protein kinase DDB_G0267686	4860	3074818	3270917	
NC_064231.1_3518904	NC_064231.1	3518904		4.231		LOC118262156	uncharacterized LOC118262156	3901	3489459	3540546	
NC_064231.1_3916295	NC_064231.1	3916295		4.045		LOC118281827	uncharacterized LOC118281827	13859	3845091	4015217	
NC_064231.1_4032505	NC_064231.1	4032505		-4.13		LOC118262050	uncharacterized LOC118262050	332	4025865	4039810	
NC_064231.1_4218757	NC_064231.1	4218757		-4.12		LOC118282241	protein amnionless	17736	4200286	4201755	
NC_064231.1_4305018	NC_064231.1	4305018		4.196		(基因间区)		-1			
NC_064231.1_4306555	NC_064231.1	4306555		4.135		(基因间区)		-1			
NC_064231.1_4363047	NC_064231.1	4363047		4.323		LOC118282062	netrin receptor UNC5C	55081	4354539	4481717	
NC_064231.1_4447279	NC_064231.1	4447279		4.029		LOC118282062	netrin receptor UNC5C	29151	4354539	4481717	
NC_064231.1_4775523	NC_064231.1	4775523		-4.118		LOC118282283	netrin receptor unc-5	8351	4758874	4775469	
NC_064231.1_4958678	NC_064231.1	4958678		-4.23		LOC126911982	uncharacterized LOC126911982	15545	4941653	4944613	
NC_064231.1_4993618	NC_064231.1	4993618		4.678		LOC118262165	U1 spliceosomal RNA	3542	4997080	4997241	
NC_064231.1_5005280	NC_064231.1	5005280		-4.0		LOC118262165	U1 spliceosomal RNA	8119	4997080	4997241	
NC_064231.1_5067084	NC_064231.1	5067084		-4.044		LOC118282249	neuropeptide FF receptor 1	14337	4974852	5130642	
NC_064231.1_5081204	NC_064231.1	5081204		4.206		LOC126911978	uncharacterized LOC126911978	20519	5025220	5178227	
NC_064231.1_5502643	NC_064231.1	5502643		4.484		LOC118261816	lachesin	15889	5451399	5522108	
NC_064231.1_5547250	NC_064231.1	5547250		-4.116		LOC118261778	protein vestigial	3089	5381441	5719238	
NC_064231.1_5573503	NC_064231.1	5573503		-4.527		LOC118282436	ionotropic receptor 75a	8355	5562272	5568023	
NC_064231.1_5607670	NC_064231.1	5607670		-4.041		LOC118280563	uncharacterized LOC118280563	16123	5613084	5634502	
NC_064231.1_5626827	NC_064231.1	5626827		4.405		LOC118280563	uncharacterized LOC118280563	3034	5613084	5634502	
NC_064231.1_5628659	NC_064231.1	5628659		-4.131		LOC118280563	uncharacterized LOC118280563	4866	5613084	5634502	
NC_064231.1_5632576	NC_064231.1	5632576		-4.984		LOC118280563	uncharacterized LOC118280563	8783	5613084	5634502	
NC_064231.1_5673997	NC_064231.1	5673997		-4.376		LOC118282437	uncharacterized LOC118282437	52795	5638912	5814673	
NC_064231.1_5693757	NC_064231.1	5693757		-4.069		LOC126911958	uncharacterized LOC126911958	17841	5710770	5712426	
NC_064231.1_5702345	NC_064231.1	5702345		-5.512		LOC126911958	uncharacterized LOC126911958	9253	5710770	5712426	
NC_064231.1_6091737	NC_064231.1	6091737		-4.134		LOC118281857	ras-related protein Rab-3	12233	6097525	6110415	
NC_064231.1_6173529	NC_064231.1	6173529		4.278		LOC118282286	uncharacterized LOC118282286	4345	6176598	6179151	
NC_064231.1_6242679	NC_064231.1	6242679		-4.684		LOC118282285	uncharacterized LOC118282285	44710	6143906	6252032	
NC_064231.1_6242683	NC_064231.1	6242683		-4.814		LOC118282285	uncharacterized LOC118282285	44714	6143906	6252032	
NC_064231.1_6242687	NC_064231.1	6242687		4.155		LOC118282285	uncharacterized LOC118282285	44718	6143906	6252032	
NC_064231.1_6331194	NC_064231.1	6331194		-4.402		LOC118261927	translation initiation factor eIF-2B subunit gamma	12294	6317414	6320385	
NC_064231.1_6371934	NC_064231.1	6371934		-4.166		LOC118262057	peripherin-2	639	6369987	6372602	
NC_064231.1_6811990	NC_064231.1	6811990		4.307		LOC118261869	RYamide receptor	18234	6759383	6828128	
NC_064231.1_6950317	NC_064231.1	6950317		-4.346		LOC118262013	transmembrane protease serine 9	50520	6864155	6935438	
NC_064231.1_6968791	NC_064231.1	6968791		-4.035		LOC118282311	uncharacterized LOC118282311	20527	6981938	6996699	
NC_064231.1_7540238	NC_064231.1	7540238		-4.022		LOC118282354	endocuticle structural glycoprotein SgAbd-5-like	5802	7532076	7536796	
NC_064231.1_7547473	NC_064231.1	7547473		-4.253		LOC118282354	endocuticle structural glycoprotein SgAbd-5-like	13037	7532076	7536796	
NC_064231.1_7561730	NC_064231.1	7561730		-4.23		LOC118282288	endocuticle structural glycoprotein SgAbd-5-like	925	7558498	7563112	
NC_064231.1_7583856	NC_064231.1	7583856		-4.412		LOC118262045	uncharacterized LOC118262045	2467	7583956	7588690	
NC_064231.1_7727426	NC_064231.1	7727426		-4.551		LOC118281625	cytochrome P450 302a1, mitochondrial	1115	7724279	7728342	氧化应激
NC_064231.1_7775577	NC_064231.1	7775577		-4.069		LOC118281632	popeye domain-containing protein 3-like	581	7771442	7780874	
NC_064231.1_7795943	NC_064231.1	7795943		-4.177		LOC118281620	blood vessel epicardial substance	1702	7788355	7806936	
NC_064231.1_7870771	NC_064231.1	7870771		-4.378		LOC118281623	rapamycin-insensitive companion of mTOR	3027	7867850	7879746	
NC_064231.1_7873184	NC_064231.1	7873184		-4.053		LOC118281623	rapamycin-insensitive companion of mTOR	614	7867850	7879746	
NC_064231.1_7918075	NC_064231.1	7918075		-4.368		LOC126911935	uncharacterized LOC126911935	4585	7921725	7923595	
NC_064231.1_7971439	NC_064231.1	7971439		-4.09		LOC118261833	uncharacterized LOC118261833	28601	7969395	8030685	
NC_064231.1_7974468	NC_064231.1	7974468		-4.458		LOC118261833	uncharacterized LOC118261833	25572	7969395	8030685	
NC_064231.1_7974485	NC_064231.1	7974485		-4.327		LOC118261833	uncharacterized LOC118261833	25555	7969395	8030685	
NC_064231.1_8032134	NC_064231.1	8032134		4.142		LOC118261736	uncharacterized LOC118261736	24147	8049107	8063455	
NC_064231.1_8149057	NC_064231.1	8149057		-4.11		LOC126911929	serine/threonine-protein kinase Nek8-like	347	8147730	8151079	
NC_064231.1_8650434	NC_064231.1	8650434		-4.02		LOC118280701	cAMP-specific 3',5'-cyclic phosphodiesterase	214049	8162189	8710581	解毒/代谢
NC_064231.1_8743971	NC_064231.1	8743971		-4.435		LOC118281651	carbohydrate sulfotransferase 14	4670	8733199	8745402	解毒/代谢
NC_064231.1_8759356	NC_064231.1	8759356		-4.063		LOC118281654	uncharacterized LOC118281654	5294	8760320	8768980	
NC_064231.1_8924275	NC_064231.1	8924275		4.044		LOC118282272	alaserpin	652	8919429	8930425	
NC_064231.1_8950706	NC_064231.1	8950706		4.287		(基因间区)		-1			
NC_064231.1_9010078	NC_064231.1	9010078		4.935		LOC118261973	uncharacterized LOC118261973	15835	8979158	9009328	
NC_064231.1_9161002	NC_064231.1	9161002		4.085		(基因间区)		-1			
NC_064231.1_9360252	NC_064231.1	9360252		4.234		LOC118264178	uncharacterized LOC118264178	9510	9350047	9351436	
NC_064231.1_9381613	NC_064231.1	9381613		4.116		LOC118282401	twinfilin	484	9377220	9385038	
NC_064231.1_9460312	NC_064231.1	9460312		-4.163		LOC118282293	polypyrimidine tract-binding protein 1	137887	9406734	9789665	
NC_064231.1_9507512	NC_064231.1	9507512		4.041		LOC118282293	polypyrimidine tract-binding protein 1	90687	9406734	9789665	
NC_064231.1_9576004	NC_064231.1	9576004		4.218		LOC118282293	polypyrimidine tract-binding protein 1	22195	9406734	9789665	
NC_064231.1_9611225	NC_064231.1	9611225		4.043		LOC118282293	polypyrimidine tract-binding protein 1	13025	9406734	9789665	
NC_064231.1_9750350	NC_064231.1	9750350		-4.016		LOC126911963	uncharacterized LOC126911963	13910	9735581	9737299	
NC_064231.1_9860206	NC_064231.1	9860206		-4.266		LOC118282467	odorant receptor 94a-like	8044	9866325	9870175	
NC_064231.1_9896531	NC_064231.1	9896531		-4.044		LOC118282370	cytochrome P450 4C1	8950	9898018	9912945	氧化应激
NC_064231.1_9986058	NC_064231.1	9986058		-4.05		LOC118262006	mucin-17	18562	9944920	9990071	
NC_064231.1_10027728	NC_064231.1	10027728		-4.28		LOC118282456	importin-13	1696	10024618	10034231	
NC_064231.1_10196850	NC_064231.1	10196850		-4.211		LOC118261877	uncharacterized LOC118261877	7089	10159859	10219663	
NC_064231.1_10202566	NC_064231.1	10202566		-4.677		LOC118261877	uncharacterized LOC118261877	12805	10159859	10219663	
NC_064231.1_10210968	NC_064231.1	10210968		-4.189		LOC118261878	dual specificity protein phosphatase Mpk3-like	19969	10221185	10240689	
NC_064231.1_10215788	NC_064231.1	10215788		-4.278		LOC118261878	dual specificity protein phosphatase Mpk3-like	15149	10221185	10240689	
NC_064231.1_10215874	NC_064231.1	10215874		-4.232		LOC118261878	dual specificity protein phosphatase Mpk3-like	15063	10221185	10240689	
NC_064231.1_10249040	NC_064231.1	10249040		-4.273		LOC118261880	uncharacterized LOC118261880	4421	10241674	10247563	
NC_064231.1_10280384	NC_064231.1	10280384		-4.728		LOC118261888	odorant receptor 46a	718	10278191	10281140	
NC_064231.1_10368839	NC_064231.1	10368839		4.109		LOC118261957	E3 ubiquitin-protein ligase NRDP1	439	10366596	10371961	
NC_064231.1_10428340	NC_064231.1	10428340		-4.057		LOC118262040	uncharacterized LOC118262040	14334	10411831	10416181	
NC_064231.1_10460980	NC_064231.1	10460980		4.062		LOC118261954	uncharacterized LOC118261954	12329	10447696	10498922	
NC_064231.1_10512410	NC_064231.1	10512410		4.175		LOC118261954	uncharacterized LOC118261954	39101	10447696	10498922	
NC_064231.1_10525975	NC_064231.1	10525975		4.06		(基因间区)		-1			
NC_064231.1_10609678	NC_064231.1	10609678		-4.298		LOC118261741	inducible metalloproteinase inhibitor protein	19517	10626837	10631553	
NC_064231.1_10620172	NC_064231.1	10620172		4.539		LOC118261741	inducible metalloproteinase inhibitor protein	9023	10626837	10631553	
NC_064231.1_10621476	NC_064231.1	10621476		4.914		LOC118261741	inducible metalloproteinase inhibitor protein	7719	10626837	10631553	
NC_064231.1_10663062	NC_064231.1	10663062		-4.207		LOC118282209	inducible metalloproteinase inhibitor protein-like	3781	10664691	10668996	
NC_064231.1_11659478	NC_064231.1	11659478		4.794		LOC118261875	solute carrier family 46 member 3-like	8740	11643088	11658387	
NC_064231.1_11858049	NC_064231.1	11858049		-4.011		LOC118281000	protein transport protein Sec24A	1941	11851413	11868567	
NC_064231.1_11921833	NC_064231.1	11921833		4.041		(基因间区)		-1			
NC_064231.1_12022278	NC_064231.1	12022278		-4.911		LOC118261938	netrin receptor UNC5B	7926	12024656	12035752	
NC_064231.1_12064137	NC_064231.1	12064137		-4.506		LOC118280945	protein suppressor of hairy wing	5753	12054800	12084980	
NC_064231.1_12095712	NC_064231.1	12095712		-4.103		LOC118262125	cuticle protein 8	4141	12095111	12104596	
NC_064231.1_12095713	NC_064231.1	12095713		-4.234		LOC118262125	cuticle protein 8	4140	12095111	12104596	
NC_064231.1_12144562	NC_064231.1	12144562		-4.478		LOC118282363	arrestin homolog	332	12143831	12145957	
NC_064231.1_12272907	NC_064231.1	12272907		4.054		LOC118261916	cyclic GMP-AMP synthase-like receptor	931	12269477	12274474	
NC_064231.1_12547042	NC_064231.1	12547042		4.051		LOC118262043	elongation of very long chain fatty acids protein 7-like	26633	12477275	12563543	
NC_064231.1_12780402	NC_064231.1	12780402		4.176		LOC118261849	elongation of very long chain fatty acids protein AAEL008004	2182	12763413	12801756	
NC_064231.1_12876814	NC_064231.1	12876814		4.147		(基因间区)		-1			
NC_064231.1_13380228	NC_064231.1	13380228		-4.111		LOC118282475	GTPase-GDP dissociation stimulator vimar	685	13377746	13384080	
NC_064231.1_13431860	NC_064231.1	13431860		-4.11		LOC118282231	uncharacterized protein ZK1073.1	8096	13390020	13457508	
NC_064231.1_13516665	NC_064231.1	13516665		4.193		LOC118261999	cytochrome P450 4d2-like	4688	13515640	13527067	氧化应激
NC_064231.1_13541520	NC_064231.1	13541520		-4.32		LOC118282316	cytochrome P450 4C1-like	5688	13531638	13540026	氧化应激
NC_064231.1_13541522	NC_064231.1	13541522		-4.68		LOC118282316	cytochrome P450 4C1-like	5690	13531638	13540026	氧化应激
NC_064231.1_13574457	NC_064231.1	13574457		4.342		LOC118261825	retinol dehydrogenase 13-like	2506	13576359	13577567	
NC_064231.1_13574459	NC_064231.1	13574459		4.146		LOC118261825	retinol dehydrogenase 13-like	2504	13576359	13577567	
NC_064231.1_13637533	NC_064231.1	13637533		4.002		LOC118282246	basic proline-rich protein	8300	13628861	13662805	
NC_064231.1_13637534	NC_064231.1	13637534		4.461		LOC118282246	basic proline-rich protein	8299	13628861	13662805	
NC_064231.1_13865151	NC_064231.1	13865151		4.607		Trnay-gua	transfer RNA tyrosine (anticodon GUA)	5834	13870942	13871029	
NC_064231.1_13899380	NC_064231.1	13899380		-4.44		LOC118282261	pseudouridylate synthase 7 homolog	708	13895859	13901485	
NC_064231.1_14161046	NC_064231.1	14161046		-4.595		(基因间区)		-1			
NC_064231.1_14195551	NC_064231.1	14195551		-4.377		(基因间区)		-1			
NC_064232.1_454061	NC_064232.1	454061		4.11		LOC118273998	uncharacterized LOC118273998	3978	447829	452336	
NC_064232.1_511772	NC_064232.1	511772		-4.292		LOC118280272	fasciclin-3	14077	404692	590698	
NC_064232.1_520858	NC_064232.1	520858		-4.216		LOC118280272	fasciclin-3	23163	404692	590698	
NC_064232.1_537106	NC_064232.1	537106		-4.207		LOC118280272	fasciclin-3	39411	404692	590698	
NC_064232.1_747725	NC_064232.1	747725		4.07		LOC118280284	scavenger receptor class B member 1	13230	713837	808073	
NC_064232.1_901360	NC_064232.1	901360		4.106		LOC118280449	uncharacterized LOC118280449	20644	855373	906059	
NC_064232.1_966994	NC_064232.1	966994		-4.054		LOC118271364	uncharacterized LOC118271364	8432	957430	959694	
NC_064232.1_1073915	NC_064232.1	1073915		-4.138		LOC126912045	uncharacterized LOC126912045	2038	1069614	1074140	
NC_064232.1_1147083	NC_064232.1	1147083		-4.947		LOC118280282	fatty acyl-CoA reductase 1	12331	1140579	1178249	
NC_064232.1_1167883	NC_064232.1	1167883		4.077		LOC118280282	fatty acyl-CoA reductase 1	8469	1140579	1178249	
NC_064232.1_1256478	NC_064232.1	1256478		4.276		LOC118280549	putative fatty acyl-CoA reductase CG5065	10417	1256893	1276897	
NC_064232.1_1285169	NC_064232.1	1285169		-4.119		LOC118280548	uncharacterized LOC118280548	2819	1277963	1298013	
NC_064232.1_1289526	NC_064232.1	1289526		4.83		LOC118280548	uncharacterized LOC118280548	1538	1277963	1298013	
NC_064232.1_1610703	NC_064232.1	1610703		4.09		LOC118280320	uncharacterized LOC118280320	13145	1591686	1603429	
NC_064232.1_1646568	NC_064232.1	1646568		-4.226		LOC118280497	P protein-like	17252	1605138	1653494	
NC_064232.1_1696371	NC_064232.1	1696371		4.471		LOC126912053	uncharacterized LOC126912053	4897	1605138	1797399	
NC_064232.1_1702663	NC_064232.1	1702663		4.089		LOC126912053	uncharacterized LOC126912053	1394	1605138	1797399	
NC_064232.1_2246581	NC_064232.1	2246581		4.275		LOC118280349	uncharacterized LOC118280349	21873	2178042	2358866	
NC_064232.1_2561701	NC_064232.1	2561701		4.073		LOC118280218	uncharacterized LOC118280218	77	2550775	2572472	
NC_064232.1_2696637	NC_064232.1	2696637		4.048		LOC126912022	uncharacterized LOC126912022	59401	2583318	2928759	
NC_064232.1_2758576	NC_064232.1	2758576		4.48		LOC126912022	uncharacterized LOC126912022	2537	2583318	2928759	
NC_064232.1_2758578	NC_064232.1	2758578		4.537		LOC126912022	uncharacterized LOC126912022	2539	2583318	2928759	
NC_064232.1_2758588	NC_064232.1	2758588		4.024		LOC126912022	uncharacterized LOC126912022	2549	2583318	2928759	
NC_064232.1_2758616	NC_064232.1	2758616		4.108		LOC126912022	uncharacterized LOC126912022	2577	2583318	2928759	
NC_064232.1_3344029	NC_064232.1	3344029		4.307		LOC118280197	sorting nexin-6	8982	3325543	3344551	
NC_064232.1_5160187	NC_064232.1	5160187		-4.177		LOC118280354	vacuolar protein sorting-associated protein 37A	17356	5139879	5145782	
NC_064232.1_5162189	NC_064232.1	5162189		-4.392		LOC118280354	vacuolar protein sorting-associated protein 37A	19358	5139879	5145782	
NC_064232.1_5162193	NC_064232.1	5162193		-4.462		LOC118280354	vacuolar protein sorting-associated protein 37A	19362	5139879	5145782	
NC_064232.1_5173901	NC_064232.1	5173901		4.58		LOC118280319	fatty acyl-CoA reductase wat-like	11188	5166961	5203218	
NC_064232.1_5173904	NC_064232.1	5173904		4.283		LOC118280319	fatty acyl-CoA reductase wat-like	11185	5166961	5203218	
NC_064232.1_5173912	NC_064232.1	5173912		-4.471		LOC118280319	fatty acyl-CoA reductase wat-like	11177	5166961	5203218	
NC_064232.1_5175839	NC_064232.1	5175839		-4.282		LOC118280319	fatty acyl-CoA reductase wat-like	9250	5166961	5203218	
NC_064232.1_5202379	NC_064232.1	5202379		-4.579		LOC118280431	lachesin	13074	5205774	5225132	
NC_064232.1_5350105	NC_064232.1	5350105		-4.308		LOC126912007	uncharacterized LOC126912007	12922	5332167	5342198	
NC_064232.1_5498575	NC_064232.1	5498575		4.326		LOC118280455	juvenile hormone esterase	5100	5500015	5507335	滞育/光周期;解毒/代谢
NC_064232.1_5498576	NC_064232.1	5498576		-4.068		LOC118280455	juvenile hormone esterase	5099	5500015	5507335	滞育/光周期;解毒/代谢
NC_064232.1_5562707	NC_064232.1	5562707		-4.199		LOC118280487	uncharacterized LOC118280487	5298	5553557	5561261	
NC_064232.1_5918856	NC_064232.1	5918856		-4.111		LOC118280470	zinc finger protein swm	3242	5899790	5931438	
NC_064232.1_6046535	NC_064232.1	6046535		-4.051		LOC118280466	carcinine transporter	3077	6040769	6058455	
NC_064232.1_6318714	NC_064232.1	6318714		4.143		LOC118280486	uncharacterized LOC118280486	7107	6283085	6368557	
NC_064232.1_6346953	NC_064232.1	6346953		4.519		LOC118280486	uncharacterized LOC118280486	21132	6283085	6368557	
NC_064232.1_6397164	NC_064232.1	6397164		-4.454		LOC126912004	uncharacterized LOC126912004	12729	6409375	6410412	
NC_064232.1_6534001	NC_064232.1	6534001		4.591		LOC118280249	scavenger receptor class B member 1	35720	6433808	6705634	
NC_064232.1_6542117	NC_064232.1	6542117		4.025		LOC118280249	scavenger receptor class B member 1	27604	6433808	6705634	
NC_064232.1_6556062	NC_064232.1	6556062		-4.153		LOC118280249	scavenger receptor class B member 1	13659	6433808	6705634	
NC_064232.1_6711168	NC_064232.1	6711168		5.495		Trnak-cuu	transfer RNA lysine (anticodon CUU)	5324	6705808	6705880	
NC_064232.1_6802498	NC_064232.1	6802498		-4.091		LOC126911994	uncharacterized LOC126911994	1045	6801586	6805501	
NC_064232.1_6853340	NC_064232.1	6853340		4.537		LOC118280505	wee1-like protein kinase	10947	6831706	6853080	
NC_064232.1_6920105	NC_064232.1	6920105		-4.177		LOC118280292	uncharacterized LOC118280292	26303	6911314	6981503	
NC_064232.1_7014969	NC_064232.1	7014969		4.056		LOC126912003	uncharacterized LOC126912003	1139	7013304	7014355	
NC_064232.1_7098527	NC_064232.1	7098527		-4.086		LOC126912002	uncharacterized LOC126912002	8617	7106586	7107702	
NC_064232.1_7183217	NC_064232.1	7183217		-4.15		LOC118280385	uncharacterized LOC118280385	2108	7176095	7194556	
NC_064232.1_7201416	NC_064232.1	7201416		-4.512		LOC118280512	glia maturation factor beta	1465	7199207	7206555	
NC_064232.1_7298705	NC_064232.1	7298705		-4.492		LOC118280400	uncharacterized LOC118280400	1073	7296163	7299101	
NC_064232.1_7302455	NC_064232.1	7302455		4.527		LOC126911990	uncharacterized LOC126911990	4152	7306021	7307194	
NC_064232.1_7487320	NC_064232.1	7487320		-4.325		LOC118277956	uncharacterized LOC118277956	3323	7482318	7485675	
NC_064232.1_7628471	NC_064232.1	7628471		-4.078		LOC118280337	uncharacterized LOC118280337	15638	7632022	7656197	
NC_064232.1_7678560	NC_064232.1	7678560		4.518		LOC118280397	glucose-6-phosphate exchanger SLC37A2	5925	7661003	7684266	
NC_064232.1_7693374	NC_064232.1	7693374		-4.071		LOC118280491	putative fatty acyl-CoA reductase CG5065	9750	7695062	7711186	
NC_064232.1_7769725	NC_064232.1	7769725		-4.317		LOC118280334	NADH dehydrogenase [ubiquinone] 1 alpha subcomplex assembly factor 3	2956	7771246	7774116	
NC_064233.1_224851	NC_064233.1	224851		-5.048		LOC118279913	B1 protein	2082	225345	228521	
NC_064233.1_291956	NC_064233.1	291956		-4.119		LOC118279585	chitin-binding domain protein cbd-1-like	6732	295637	301740	
NC_064233.1_381407	NC_064233.1	381407		4.118		LOC118280095	E3 ubiquitin-protein ligase RNF113A	9941	368091	374840	
NC_064233.1_548537	NC_064233.1	548537		4.202		LOC118279944	uncharacterized LOC118279944	10113	537645	539203	
NC_064233.1_680408	NC_064233.1	680408		-4.152		LOC118280028	uncharacterized LOC118280028	5959	655991	692906	
NC_064233.1_698700	NC_064233.1	698700		4.256		LOC118279786	cyclin-dependent kinase 6	1083	693905	701329	
NC_064233.1_755694	NC_064233.1	755694		4.023		LOC118279577	extracellular matrix-binding protein ebh-like	8432	727647	766876	
NC_064233.1_875148	NC_064233.1	875148		4.03		LOC126912137	uncharacterized LOC126912137	16073	888794	893649	
NC_064233.1_929236	NC_064233.1	929236		-4.324		LOC126912134	uncharacterized LOC126912134	4842	912240	955917	
NC_064233.1_1060036	NC_064233.1	1060036		4.373		LOC118280127	fibrohexamerin	8754	1065591	1071990	
NC_064233.1_1090963	NC_064233.1	1090963		-4.019		LOC118280127	fibrohexamerin	22172	1065591	1071990	
NC_064233.1_1337043	NC_064233.1	1337043		-4.206		LOC118279835	cytochrome P450 6B7-like	9111	1325736	1330128	氧化应激
NC_064233.1_1390927	NC_064233.1	1390927		-4.146		LOC118279622	vacuolar protein sorting-associated protein 53 homolog	8865	1374515	1389609	
NC_064233.1_1439942	NC_064233.1	1439942		-4.084		LOC118279972	protein artemis	459	1438255	1442547	
NC_064233.1_1499611	NC_064233.1	1499611		-4.451		LOC118279489	mucin-2	683	1495274	1505315	
NC_064233.1_1509749	NC_064233.1	1509749		-4.525		LOC118279919	RYamide neuropeptides-like	8574	1514826	1521821	
NC_064233.1_1778277	NC_064233.1	1778277		-4.049		LOC126912068	uncharacterized LOC126912068	869	1778379	1779913	
NC_064233.1_1784065	NC_064233.1	1784065		-4.089		LOC118279994	gastrula zinc finger protein XlCGF57.1	1896	1784888	1787034	
NC_064233.1_1798840	NC_064233.1	1798840		4.165		LOC118279741	zinc finger protein 567-like	1660	1795621	1798738	
NC_064233.1_1950637	NC_064233.1	1950637		-4.029		LOC118279743	ATP-dependent zinc metalloprotease YME1L	11333	1950031	1973909	
NC_064233.1_2045243	NC_064233.1	2045243		4.035		LOC118279855	uncharacterized LOC118279855	3001	2045220	2051269	
NC_064233.1_2324181	NC_064233.1	2324181		4.176		LOC118279871	uncharacterized LOC118279871	7739	2320622	2343218	
NC_064233.1_2409587	NC_064233.1	2409587		4.012		LOC118279973	uncharacterized LOC118279973	11829	2415088	2427745	
NC_064233.1_2511136	NC_064233.1	2511136		4.417		LOC118279619	paired amphipathic helix protein Sin3b	9837	2478522	2524075	
NC_064233.1_2673818	NC_064233.1	2673818		4.077		LOC118262070	uncharacterized LOC118262070	3705	2676119	2678928	
NC_064233.1_2674977	NC_064233.1	2674977		4.355		LOC118262070	uncharacterized LOC118262070	2546	2676119	2678928	
NC_064233.1_2694447	NC_064233.1	2694447		4.201		LOC126912109	uncharacterized LOC126912109	1745	2695781	2696603	
NC_064233.1_2736103	NC_064233.1	2736103		-4.311		LOC118279569	UBX domain-containing protein 4	7955	2736472	2751644	
NC_064233.1_2937197	NC_064233.1	2937197		-4.245		LOC118273478	putative nuclease HARBI1	10748	2925243	2927655	
NC_064233.1_2946044	NC_064233.1	2946044		4.046		LOC118280114	pyruvate dehydrogenase (acetyl-transferring) kinase, mitochondrial	6791	2930497	2975174	
NC_064233.1_3040172	NC_064233.1	3040172		4.006		LOC118280107	coiled-coil domain-containing protein 113	20650	3018252	3020791	
NC_064233.1_3090516	NC_064233.1	3090516		4.296		LOC126912110	uncharacterized LOC126912110	1086	3088019	3095186	
NC_064233.1_3095458	NC_064233.1	3095458		4.205		LOC126912110	uncharacterized LOC126912110	3855	3088019	3095186	
NC_064233.1_3231774	NC_064233.1	3231774		-4.465		LOC126912099	uncharacterized LOC126912099	333	3230496	3232385	
NC_064233.1_3234083	NC_064233.1	3234083		-4.94		LOC118279561	chorion class CB protein PC404-like	156	3233442	3235037	
NC_064233.1_3234093	NC_064233.1	3234093		-5.377		LOC118279561	chorion class CB protein PC404-like	146	3233442	3235037	
NC_064233.1_3234096	NC_064233.1	3234096		-4.705		LOC118279561	chorion class CB protein PC404-like	143	3233442	3235037	
NC_064233.1_3234110	NC_064233.1	3234110		4.665		LOC118279561	chorion class CB protein PC404-like	129	3233442	3235037	
NC_064233.1_3505184	NC_064233.1	3505184		4.053		LOC118280064	dihydrofolate reductase	6968	3507402	3516902	
NC_064233.1_3795152	NC_064233.1	3795152		-4.224		LOC118279730	uncharacterized LOC118279730	4687	3786714	3794215	
NC_064233.1_3795335	NC_064233.1	3795335		4.441		LOC118279730	uncharacterized LOC118279730	4870	3786714	3794215	
NC_064233.1_3856099	NC_064233.1	3856099		4.402		LOC118279725	alpha-1,3-mannosyl-glycoprotein 2-beta-N-acetylglucosaminyltransferase	10364	3835203	3856267	解毒/代谢
NC_064233.1_4064643	NC_064233.1	4064643		4.043		LOC118279920	T-complex protein 1 subunit epsilon	1934	3900417	4225001	
NC_064233.1_4147803	NC_064233.1	4147803		-4.177		LOC118280016	spliceosome-associated protein CWC27 homolog	5529	4137354	4147193	
NC_064233.1_4166073	NC_064233.1	4166073		-4.057		LOC118279538	uncharacterized LOC118279538	13672	4161264	4198226	
NC_064233.1_4340056	NC_064233.1	4340056		4.271		LOC118279894	androgen-dependent TFPI-regulating protein-like	4962	4340068	4349969	
NC_064233.1_4387575	NC_064233.1	4387575		-4.193		LOC118279815	probable nuclear hormone receptor HR3	31930	4353470	4485541	
NC_064233.1_4456111	NC_064233.1	4456111		5.43		LOC118279816	inosine triphosphate pyrophosphatase-like	1639	4454054	4454890	
NC_064233.1_4462448	NC_064233.1	4462448		4.05		LOC118279816	inosine triphosphate pyrophosphatase-like	7976	4454054	4454890	
NC_064233.1_4812368	NC_064233.1	4812368		-5.199		LOC126912096	uncharacterized LOC126912096	3736	4808356	4808907	
NC_064233.1_5077680	NC_064233.1	5077680		-4.191		LOC118280118	brain-specific serine protease 4	10423	5048899	5085615	
NC_064233.1_5288026	NC_064233.1	5288026		4.415		LOC118279840	homeotic protein distal-less	40575	5265292	5391910	
NC_064233.1_5353064	NC_064233.1	5353064		4.824		LOC118279840	homeotic protein distal-less	24463	5265292	5391910	
NC_064233.1_5511876	NC_064233.1	5511876		4.16		LOC118280087	uncharacterized LOC118280087	7620	5503685	5504827	
NC_064233.1_5635455	NC_064233.1	5635455		-4.001		Trnan-guu	transfer RNA asparagine (anticodon GUU)	73	5635346	5635418	
NC_064233.1_5651764	NC_064233.1	5651764		-4.973		Trnat-agu	transfer RNA threonine (anticodon AGU)	3503	5648224	5648297	
NC_064233.1_5741944	NC_064233.1	5741944		4.018		LOC118279788	hypodermin-B-like	5844	5745696	5749881	
NC_064233.1_5769281	NC_064233.1	5769281		-4.1		LOC118279787	trypsin epsilon	11409	5756449	5759294	
NC_064233.1_5849556	NC_064233.1	5849556		4.096		LOC126912085	uncharacterized LOC126912085	1356	5847846	5853978	
NC_064233.1_5888837	NC_064233.1	5888837		4.038		LOC118279806	kunitz-like toxin PcKuz3	1004	5887140	5892543	
NC_064233.1_5902246	NC_064233.1	5902246		4.415		LOC118279805	uncharacterized LOC118279805	365	5900196	5903566	
NC_064233.1_5989869	NC_064233.1	5989869		4.684		LOC118279812	uncharacterized LOC118279812	10386	5978820	5980145	
NC_064233.1_6074584	NC_064233.1	6074584		-4.027		LOC118279793	phosphatidylinositol 4-phosphate 5-kinase type-1 alpha	10099	6036668	6132699	
NC_064233.1_6217099	NC_064233.1	6217099		-4.012		LOC118279796	PTB domain-containing adapter protein ced-6	8693	6162112	6254700	
NC_064233.1_6220919	NC_064233.1	6220919		-4.627		LOC118279796	PTB domain-containing adapter protein ced-6	12513	6162112	6254700	
NC_064233.1_6259993	NC_064233.1	6259993		4.714		LOC118279803	uncharacterized LOC118279803	6578	6263176	6269967	
NC_064233.1_6281945	NC_064233.1	6281945		4.126		LOC118279798	KAT8 regulatory NSL complex subunit 2	426	6274076	6288961	
NC_064233.1_6456909	NC_064233.1	6456909		4.246		LOC118279527	uncharacterized LOC118279527	3272	6370688	6536585	
NC_064233.1_6478669	NC_064233.1	6478669		-4.186		LOC118279527	uncharacterized LOC118279527	25032	6370688	6536585	
NC_064233.1_6492822	NC_064233.1	6492822		4.012		LOC118278183	uncharacterized LOC118278183	14505	6505477	6509177	
NC_064233.1_6502649	NC_064233.1	6502649		-4.206		LOC118278183	uncharacterized LOC118278183	4678	6505477	6509177	
NC_064233.1_6626076	NC_064233.1	6626076		-4.301		LOC126912123	uncharacterized LOC126912123	1450	6624252	6624999	
NC_064233.1_6676982	NC_064233.1	6676982		-4.066		LOC118279667	uncharacterized LOC118279667	1324	6676691	6679921	
NC_064233.1_6942854	NC_064233.1	6942854		4.35		LOC118279653	LIM and SH3 domain protein Lasp	11426	6909967	6952889	
NC_064233.1_7117615	NC_064233.1	7117615		4.329		LOC118279642	sodium/nucleoside cotransporter 2-like	19607	7117514	7156931	离子/渗透
NC_064233.1_7223122	NC_064233.1	7223122		4.257		LOC118279879	histone H4	43	7222926	7223404	
NC_064233.1_7231705	NC_064233.1	7231705		4.112		LOC126912124	uncharacterized LOC126912124	787	7170631	7291205	
NC_064233.1_7333201	NC_064233.1	7333201		-4.162		LOC126912127	uncharacterized LOC126912127	11835	7320830	7321901	
NC_064233.1_7377040	NC_064233.1	7377040		4.393		LOC118279819	zinc transporter foi	15703	7333267	7389406	
NC_064233.1_7414471	NC_064233.1	7414471		-4.662		LOC126912098	uncharacterized LOC126912098	6603	7407430	7408305	
NC_064233.1_7452803	NC_064233.1	7452803		-4.452		LOC118279989	aspartate--tRNA ligase, cytoplasmic	53948	7314227	7483483	
NC_064233.1_7650061	NC_064233.1	7650061		-4.47		LOC118280008	uncharacterized LOC118280008	583	7649421	7651868	
NC_064234.1_95121	NC_064234.1	95121		-4.104		LOC118266837	inositol hexakisphosphate and diphosphoinositol-pentakisphosphate kinase	2223	80323	105472	
NC_064234.1_290419	NC_064234.1	290419		4.301		LOC118266793	uncharacterized LOC118266793	7124	275780	319306	
NC_064234.1_423367	NC_064234.1	423367		4.322		LOC126912206	uncharacterized LOC126912206	51562	431352	518506	
NC_064234.1_1138359	NC_064234.1	1138359		-5.0		(基因间区)		-1			
NC_064234.1_1321466	NC_064234.1	1321466		-4.413		LOC118267020	uncharacterized LOC118267020	4021	1318177	1332797	
NC_064234.1_1607413	NC_064234.1	1607413		-4.173		LOC126912213	uncharacterized LOC126912213	3747	1608220	1614101	
NC_064234.1_1686631	NC_064234.1	1686631		-4.25		LOC118266672	protein HIRA homolog	9706	1671120	1682730	
NC_064234.1_1698536	NC_064234.1	1698536		-4.295		LOC118266673	solute carrier family 2, facilitated glucose transporter member 3	1833	1682977	1710429	
NC_064234.1_1698545	NC_064234.1	1698545		-4.439		LOC118266673	solute carrier family 2, facilitated glucose transporter member 3	1842	1682977	1710429	
NC_064234.1_2080170	NC_064234.1	2080170		4.206		LOC118266911	protein outspread	38594	1985533	2251995	
NC_064234.1_2255845	NC_064234.1	2255845		-4.265		LOC118267163	sesquipedalian-1	1532	2254491	2260263	
NC_064234.1_2263236	NC_064234.1	2263236		-4.029		LOC118267163	sesquipedalian-1	5859	2254491	2260263	
NC_064234.1_2341465	NC_064234.1	2341465		-4.406		LOC118281687	protein KIAA0100	1497	2323605	2362319	
NC_064234.1_2511988	NC_064234.1	2511988		4.17		LOC118267231	beta-1,3-glucosyltransferase	12541	2508484	2540575	解毒/代谢
NC_064234.1_2638357	NC_064234.1	2638357		-4.017		LOC118267022	TNF receptor-associated factor 4	362	2588026	2687963	
NC_064234.1_2645519	NC_064234.1	2645519		-4.119		LOC118267022	TNF receptor-associated factor 4	7524	2588026	2687963	
NC_064234.1_3250156	NC_064234.1	3250156		-4.101		LOC118282023	zinc finger protein 433	4612	3230914	3260174	
NC_064234.1_3338866	NC_064234.1	3338866		-4.163		LOC118282019	nuclear receptor-binding protein homolog	3781	3314287	3371007	
NC_064234.1_3421254	NC_064234.1	3421254		4.473		(基因间区)		-1			
NC_064234.1_3442428	NC_064234.1	3442428		-4.037		(基因间区)		-1			
NC_064234.1_3519374	NC_064234.1	3519374		-4.305		LOC118266942	somatostatin receptor type 2	14366	3493293	3574187	
NC_064234.1_3543544	NC_064234.1	3543544		4.384		LOC118266942	somatostatin receptor type 2	9804	3493293	3574187	
NC_064234.1_3564306	NC_064234.1	3564306		-4.066		Trnai-uau	transfer RNA isoleucine (anticodon UAU)	14175	3578436	3578527	
NC_064234.1_3587587	NC_064234.1	3587587		4.245		Trnai-uau	transfer RNA isoleucine (anticodon UAU)	9105	3578436	3578527	
NC_064234.1_3588589	NC_064234.1	3588589		-4.386		Trnai-uau	transfer RNA isoleucine (anticodon UAU)	10107	3578436	3578527	
NC_064234.1_3593703	NC_064234.1	3593703		-4.206		LOC118266678	uncharacterized LOC118266678	13853	3602848	3612265	
NC_064234.1_3594226	NC_064234.1	3594226		-4.129		LOC118266678	uncharacterized LOC118266678	13330	3602848	3612265	
NC_064234.1_4208045	NC_064234.1	4208045		-4.23		LOC126912165	uncharacterized LOC126912165	1511	4209178	4209934	
NC_064234.1_4276108	NC_064234.1	4276108		-4.083		LOC118267160	kelch domain-containing protein 10 homolog	2554	4277811	4279514	
NC_064234.1_4368135	NC_064234.1	4368135		-4.212		LOC118266969	CAP-Gly domain-containing linker protein 1	7426	4352314	4398808	
NC_064234.1_4380899	NC_064234.1	4380899		4.047		LOC118266969	CAP-Gly domain-containing linker protein 1	5338	4352314	4398808	
NC_064234.1_4486048	NC_064234.1	4486048		-4.09		LOC118266637	uncharacterized LOC118266637	1	4484093	4488005	
NC_064234.1_4735242	NC_064234.1	4735242		-4.424		LOC118267294	ras-related protein Rap-1	5105	4721378	4759316	
NC_064234.1_4760509	NC_064234.1	4760509		-4.297		LOC118266833	uncharacterized LOC118266833	14276	4773558	4776012	
NC_064234.1_5117040	NC_064234.1	5117040		4.047		LOC118267067	ecdysone receptor	29476	5015812	5277220	滞育/光周期
NC_064234.1_5117044	NC_064234.1	5117044		4.011		LOC118267067	ecdysone receptor	29472	5015812	5277220	滞育/光周期
NC_064234.1_5169092	NC_064234.1	5169092		-4.062		LOC118267067	ecdysone receptor	22576	5015812	5277220	滞育/光周期
NC_064234.1_5173910	NC_064234.1	5173910		-4.324		LOC118267067	ecdysone receptor	27394	5015812	5277220	滞育/光周期
NC_064234.1_5201627	NC_064234.1	5201627		-4.167		LOC118267067	ecdysone receptor	55111	5015812	5277220	滞育/光周期
NC_064234.1_5201630	NC_064234.1	5201630		-4.04		LOC118267067	ecdysone receptor	55114	5015812	5277220	滞育/光周期
NC_064234.1_5235373	NC_064234.1	5235373		-4.005		LOC118267067	ecdysone receptor	88857	5015812	5277220	滞育/光周期
NC_064234.1_5414572	NC_064234.1	5414572		-4.039		LOC126912158	uncharacterized LOC126912158	11995	5399956	5405198	
NC_064234.1_5744174	NC_064234.1	5744174		-4.074		LOC118266591	spatacsin	20158	5717896	5730135	
NC_064234.1_5751124	NC_064234.1	5751124		4.595		LOC118266592	diacylglycerol lipase-beta	33440	5730655	5838473	
NC_064234.1_5807162	NC_064234.1	5807162		4.076		LOC118266592	diacylglycerol lipase-beta	22598	5730655	5838473	
NC_064234.1_5914622	NC_064234.1	5914622		-4.625		LOC118266729	partitioning defective 3 homolog	35523	5848369	5909828	
NC_064234.1_6139781	NC_064234.1	6139781		-4.451		LOC118266764	rotatin	8484	6125945	6170585	
NC_064234.1_6218960	NC_064234.1	6218960		-4.072		LOC118266803	inositol-trisphosphate 3-kinase homolog	10037	6171548	6286446	
NC_064234.1_6268951	NC_064234.1	6268951		4.499		LOC118266803	inositol-trisphosphate 3-kinase homolog	39954	6171548	6286446	
NC_064234.1_6588038	NC_064234.1	6588038		-4.032		LOC118266966	G-protein coupled receptor dmsr-1	2121	6569752	6610566	
NC_064234.1_6591446	NC_064234.1	6591446		-4.599		LOC118266966	G-protein coupled receptor dmsr-1	1287	6569752	6610566	
NC_064234.1_6708609	NC_064234.1	6708609		-4.287		LOC118266731	pre-rRNA 2'-O-ribose RNA methyltransferase FTSJ3	10671	6695867	6700009	解毒/代谢
NC_064234.1_6730775	NC_064234.1	6730775		-4.706		(基因间区)		-1			
NC_064234.1_6737622	NC_064234.1	6737622		4.075		(基因间区)		-1			
NC_064234.1_6747004	NC_064234.1	6747004		4.196		LOC118267232	ecdysone-inducible protein E75	57240	6758270	6850219	滞育/光周期
NC_064234.1_6764864	NC_064234.1	6764864		-4.091		LOC118267232	ecdysone-inducible protein E75	39380	6758270	6850219	滞育/光周期
NC_064234.1_6789225	NC_064234.1	6789225		-4.011		LOC118267232	ecdysone-inducible protein E75	15019	6758270	6850219	滞育/光周期
NC_064234.1_6797041	NC_064234.1	6797041		-4.781		LOC118267232	ecdysone-inducible protein E75	7203	6758270	6850219	滞育/光周期
NC_064234.1_6832817	NC_064234.1	6832817		-4.117		LOC118267232	ecdysone-inducible protein E75	28572	6758270	6850219	滞育/光周期
NC_064234.1_6835981	NC_064234.1	6835981		-4.28		LOC118267232	ecdysone-inducible protein E75	31736	6758270	6850219	滞育/光周期
NC_064234.1_6856441	NC_064234.1	6856441		-4.647		LOC118267232	ecdysone-inducible protein E75	52196	6758270	6850219	滞育/光周期
NC_064234.1_6866489	NC_064234.1	6866489		-4.156		LOC118267011	eukaryotic translation initiation factor 1A, X-chromosomal	15086	6881102	6882048	
NC_064234.1_6986468	NC_064234.1	6986468		-4.306		LOC118266736	telomerase-binding protein EST1A	2190	6973913	6994643	
NC_064234.1_7010041	NC_064234.1	7010041		4.202		LOC118266736	telomerase-binding protein EST1A	25763	6973913	6994643	
NC_064234.1_7039949	NC_064234.1	7039949		-4.25		LOC118267157	mucin-5AC	25588	7050237	7080837	
NC_064234.1_7072507	NC_064234.1	7072507		-4.166		LOC118267157	mucin-5AC	6970	7050237	7080837	
NC_064234.1_7103514	NC_064234.1	7103514		-4.468		LOC118266757	TOX high mobility group box family member 3-like	25851	7117066	7141665	
NC_064234.1_7114296	NC_064234.1	7114296		-4.612		LOC118266757	TOX high mobility group box family member 3-like	15069	7117066	7141665	
NC_064234.1_7114972	NC_064234.1	7114972		-4.29		LOC118266757	TOX high mobility group box family member 3-like	14393	7117066	7141665	
NC_064234.1_7220651	NC_064234.1	7220651		-4.4		LOC118267316	nipped-B-like protein B	1067	7213188	7225980	
NC_064234.1_7220673	NC_064234.1	7220673		-4.778		LOC118267316	nipped-B-like protein B	1089	7213188	7225980	
NC_064234.1_7220678	NC_064234.1	7220678		-4.742		LOC118267316	nipped-B-like protein B	1094	7213188	7225980	
NC_064234.1_7220690	NC_064234.1	7220690		-4.479		LOC118267316	nipped-B-like protein B	1106	7213188	7225980	
NC_064234.1_7485796	NC_064234.1	7485796		4.794		LOC118266957	4-aminobutyrate aminotransferase, mitochondrial-like	5558	7474815	7485661	解毒/代谢
NC_064234.1_7495902	NC_064234.1	7495902		-4.321		LOC118266926	uncharacterized LOC118266926	3600	7497115	7501889	
NC_064234.1_7495904	NC_064234.1	7495904		-4.233		LOC118266926	uncharacterized LOC118266926	3598	7497115	7501889	
NC_064234.1_7534052	NC_064234.1	7534052		-4.002		LOC118267336	nucleosome-remodeling factor subunit NURF301	783	7526896	7542774	
NC_064234.1_7546857	NC_064234.1	7546857		-4.025		LOC118266665	uncharacterized LOC118266665	2251	7543783	7545429	
NC_064234.1_7553902	NC_064234.1	7553902		4.128		LOC118266665	uncharacterized LOC118266665	9296	7543783	7545429	
NC_064234.1_7610777	NC_064234.1	7610777		4.231		LOC118266899	CKLF-like MARVEL transmembrane domain-containing protein 4	7480	7595044	7611549	
NC_064234.1_7778657	NC_064234.1	7778657		4.406		LOC118266676	probable chitinase 10	592	7769279	7789220	
NC_064234.1_7830399	NC_064234.1	7830399		4.201		LOC118266680	kinesin heavy chain	1739	7826404	7837872	
NC_064234.1_7834149	NC_064234.1	7834149		4.055		LOC118266680	kinesin heavy chain	2011	7826404	7837872	
NC_064234.1_7845895	NC_064234.1	7845895		-4.172		LOC118266679	integrin beta-PS	721	7838205	7852142	
NC_064234.1_7914033	NC_064234.1	7914033		-4.079		LOC118267167	cGMP-dependent protein kinase, isozyme 1	16848	7924670	7937093	
NC_064234.1_7944087	NC_064234.1	7944087		-4.108		LOC118267165	ATP-binding cassette sub-family C member Sur-like	1592	7938973	7952386	
NC_064234.1_8021515	NC_064234.1	8021515		-4.487		LOC118267153	phosphatase and actin regulator 4B	16304	7980194	8030227	
NC_064234.1_8103179	NC_064234.1	8103179		4.495		LOC118267005	T-cell immunomodulatory protein	480	8101276	8104121	
NC_064234.1_8285693	NC_064234.1	8285693		-4.783		LOC118266960	5-hydroxytryptamine receptor	9240	8251779	8301126	
NC_064234.1_8285694	NC_064234.1	8285694		-4.132		LOC118266960	5-hydroxytryptamine receptor	9241	8251779	8301126	
NC_064234.1_8301447	NC_064234.1	8301447		4.145		LOC118266960	5-hydroxytryptamine receptor	24994	8251779	8301126	
NC_064234.1_8494317	NC_064234.1	8494317		4.208		LOC118267077	potassium voltage-gated channel subfamily H member 8	29783	8419041	8510026	离子/渗透
NC_064234.1_8496781	NC_064234.1	8496781		-4.133		LOC118267077	potassium voltage-gated channel subfamily H member 8	32247	8419041	8510026	离子/渗透
NC_064234.1_8875266	NC_064234.1	8875266		-4.409		LOC118267246	BMP-binding endothelial regulator protein	28145	8820242	8873999	
NC_064234.1_8942500	NC_064234.1	8942500		-5.531		LOC118267261	transcription factor Sp5-like	2741	8938861	8940657	
NC_064234.1_8943392	NC_064234.1	8943392		-4.799		LOC118267261	transcription factor Sp5-like	3633	8938861	8940657	
NC_064234.1_8948249	NC_064234.1	8948249		4.077		LOC118267261	transcription factor Sp5-like	8490	8938861	8940657	
NC_064234.1_9043294	NC_064234.1	9043294		-4.235		LOC126912148	uncharacterized LOC126912148	8340	9050692	9052576	
NC_064234.1_9097139	NC_064234.1	9097139		-4.059		LOC118267266	caspase-1-like	6135	9090269	9091738	
NC_064234.1_9105402	NC_064234.1	9105402		-4.045		LOC118267237	GATOR complex protein Iml1	1525	9094422	9119433	
NC_064234.1_9116536	NC_064234.1	9116536		4.005		LOC118267268	sugar transporter SWEET1	4320	9119727	9121986	
NC_064234.1_9116537	NC_064234.1	9116537		5.045		LOC118267268	sugar transporter SWEET1	4319	9119727	9121986	
NC_064234.1_9231409	NC_064234.1	9231409		-4.942		LOC118267251	RNA-binding protein Musashi homolog Rbp6	211177	9190212	9694961	
NC_064234.1_9710604	NC_064234.1	9710604		-4.02		LOC118267251	RNA-binding protein Musashi homolog Rbp6	268017	9190212	9694961	
NC_064234.1_9715915	NC_064234.1	9715915		-4.041		(基因间区)		-1			
NC_064234.1_9749406	NC_064234.1	9749406		-4.116		(基因间区)		-1			
NC_064234.1_10333791	NC_064234.1	10333791		-4.506		(基因间区)		-1			
NC_064234.1_10365741	NC_064234.1	10365741		-4.161		(基因间区)		-1			
NC_064234.1_10722684	NC_064234.1	10722684		4.088		LOC118267339	ATP-binding cassette sub-family F member 3	10793	10706815	10716967	
NC_064234.1_10996790	NC_064234.1	10996790		4.98		LOC118267286	uncharacterized LOC118267286	1207	10997054	10998941	
NC_064234.1_10996797	NC_064234.1	10996797		4.056		LOC118267286	uncharacterized LOC118267286	1200	10997054	10998941	
NC_064234.1_11021435	NC_064234.1	11021435		-4.22		LOC118267070	fringe glycosyltransferase	8241	11005889	11020499	解毒/代谢
NC_064234.1_11113861	NC_064234.1	11113861		-4.491		LOC118266770	uncharacterized LOC118266770	2278	11040856	11191423	
NC_064234.1_11170769	NC_064234.1	11170769		-4.084		LOC118266772	15-hydroxyprostaglandin dehydrogenase [NAD(+)]	6224	11159450	11169640	
NC_064234.1_11345051	NC_064234.1	11345051		-4.232		LOC118266978	nitric oxide synthase	34914	11286267	11334006	
NC_064234.1_11467707	NC_064234.1	11467707		4.049		LOC118266983	nitric oxide synthase-like protein	62125	11341725	11469438	
NC_064234.1_11617901	NC_064234.1	11617901		-4.048		LOC118266742	mucin-5AC	9631	11605696	11649369	
NC_064234.1_11620462	NC_064234.1	11620462		-4.913		LOC118266742	mucin-5AC	7070	11605696	11649369	
NC_064234.1_11700364	NC_064234.1	11700364		-4.236		LOC118266787	rhomboid-related protein 1	7779	11683653	11701516	
NC_064234.1_11728956	NC_064234.1	11728956		4.425		LOC118266879	UDP-glucosyltransferase 2	14504	11739579	11747341	解毒/代谢
NC_064234.1_11733027	NC_064234.1	11733027		-4.01		LOC118266879	UDP-glucosyltransferase 2	10433	11739579	11747341	解毒/代谢
NC_064234.1_12044535	NC_064234.1	12044535		-4.277		LOC118267032	uncharacterized LOC118267032	1902	12039680	12045586	
NC_064234.1_12062209	NC_064234.1	12062209		-4.617		LOC118266857	uncharacterized LOC118266857	1396	12057982	12069229	
NC_064234.1_12114218	NC_064234.1	12114218		-4.522		LOC118266885	uncharacterized LOC118266885	8517	12095939	12115463	
NC_064234.1_12238559	NC_064234.1	12238559		-4.117		LOC118266652	disintegrin and metalloproteinase domain-containing protein 11	123304	12145370	12578357	
NC_064234.1_12603836	NC_064234.1	12603836		4.055		LOC118266856	uncharacterized LOC118266856	2687	12581098	12621199	
NC_064234.1_12603837	NC_064234.1	12603837		4.068		LOC118266856	uncharacterized LOC118266856	2688	12581098	12621199	
NC_064234.1_12770239	NC_064234.1	12770239		4.845		LOC118267038	matrix metalloproteinase-2	302	12767505	12772369	
NC_064234.1_13008392	NC_064234.1	13008392		-4.195		LOC118266593	ephexin-1	13734	12939481	13049834	
NC_064234.1_13046481	NC_064234.1	13046481		4.794		LOC118266974	Bardet-Biedl syndrome 1 protein	6628	13049975	13056243	
NC_064234.1_13100381	NC_064234.1	13100381		-4.061		LOC118267145	uncharacterized LOC118267145	4315	13095024	13097108	
NC_064234.1_13245710	NC_064234.1	13245710		4.197		LOC118267214	uncharacterized LOC118267214	141823	13195600	13579466	
NC_064234.1_13424846	NC_064234.1	13424846		4.239		LOC118267214	uncharacterized LOC118267214	37313	13195600	13579466	
NC_064234.1_13710267	NC_064234.1	13710267		-4.744		LOC118266936	X-box-binding protein 1	548	13707864	13711573	
NC_064234.1_13927255	NC_064234.1	13927255		-4.059		LOC118267203	leucine-rich repeat-containing protein 23-like	2474	13928483	13930975	
NC_064234.1_14036357	NC_064234.1	14036357		4.126		Trnae-cuc	transfer RNA glutamic acid (anticodon CUC)	15352	14051674	14051745	
NC_064234.1_14186273	NC_064234.1	14186273		4.005		LOC118266783	rho GTPase-activating protein 23	22204	14029458	14387496	
NC_064234.1_14275861	NC_064234.1	14275861		-4.57		LOC118266783	rho GTPase-activating protein 23	67384	14029458	14387496	
NC_064234.1_14379556	NC_064234.1	14379556		-4.364		LOC118266782	E3 ubiquitin-protein ligase TRIM37	19851	14391404	14407410	
NC_064234.1_14406806	NC_064234.1	14406806		-4.069		LOC118267074	protoheme IX farnesyltransferase, mitochondrial	5573	14408012	14416746	解毒/代谢
NC_064235.1_75455	NC_064235.1	75455		-4.441		LOC118282068	zinc finger protein 624	4079	71414	87654	
NC_064235.1_81172	NC_064235.1	81172		4.29		LOC118282068	zinc finger protein 624	1638	71414	87654	
NC_064235.1_158146	NC_064235.1	158146		-4.777		LOC118278690	uncharacterized LOC118278690	9983	96126	200199	
NC_064235.1_158149	NC_064235.1	158149		4.133		LOC118278690	uncharacterized LOC118278690	9986	96126	200199	
NC_064235.1_280027	NC_064235.1	280027		4.618		LOC126912275	uncharacterized LOC126912275	35496	223594	265467	
NC_064235.1_292771	NC_064235.1	292771		4.06		LOC118278573	uncharacterized LOC118278573	27115	273047	366725	
NC_064235.1_451048	NC_064235.1	451048		4.072		LOC118278569	U4/U6 small nuclear ribonucleoprotein Prp3	7654	438077	479327	
NC_064235.1_485133	NC_064235.1	485133		4.115		LOC118278683	galectin-9C-like	3751	486790	490978	
NC_064235.1_713583	NC_064235.1	713583		-4.505		LOC118278593	annexin A7	2741	713489	719160	
NC_064235.1_811139	NC_064235.1	811139		4.431		LOC126912281	uncharacterized LOC126912281	2610	785301	842197	
NC_064235.1_835145	NC_064235.1	835145		-4.075		LOC118278884	probable WRKY transcription factor protein 1	7683	806524	848400	
NC_064235.1_915820	NC_064235.1	915820		4.821		LOC118278805	T-complex protein 1 subunit eta	4301	912238	928005	
NC_064235.1_941584	NC_064235.1	941584		-4.083		LOC118278393	uncharacterized LOC118278393	3080	935053	941955	
NC_064235.1_1052876	NC_064235.1	1052876		4.163		LOC118278469	spectrin beta chain, non-erythrocytic 1	45923	951542	1062363	
NC_064235.1_1218732	NC_064235.1	1218732		-4.041		LOC118278376	uncharacterized LOC118278376	3310	1185408	1258676	
NC_064235.1_1218739	NC_064235.1	1218739		-4.308		LOC118278376	uncharacterized LOC118278376	3303	1185408	1258676	
NC_064235.1_1239538	NC_064235.1	1239538		-4.508		LOC118278376	uncharacterized LOC118278376	17496	1185408	1258676	
NC_064235.1_1315675	NC_064235.1	1315675		4.106		LOC118278493	modular serine protease-like	1549	1308942	1319309	
NC_064235.1_1494004	NC_064235.1	1494004		4.475		LOC118278815	uncharacterized LOC118278815	2118	1491342	1492429	
NC_064235.1_1556370	NC_064235.1	1556370		-4.222		LOC118278716	charged multivesicular body protein 7	2154	1544735	1563697	
NC_064235.1_1564990	NC_064235.1	1564990		4.581		LOC118278716	charged multivesicular body protein 7	10774	1544735	1563697	
NC_064235.1_1759122	NC_064235.1	1759122		-4.323		LOC118278660	protein slit	27121	1724732	1847754	
NC_064235.1_1957869	NC_064235.1	1957869		4.145		LOC118278702	sorting nexin-7	4421	1957363	1967218	
NC_064235.1_2044588	NC_064235.1	2044588		-5.124		LOC126912259	uncharacterized LOC126912259	11155	2027730	2039135	
NC_064235.1_2045682	NC_064235.1	2045682		-4.978		LOC126912259	uncharacterized LOC126912259	12249	2027730	2039135	
NC_064235.1_2079589	NC_064235.1	2079589		-4.612		LOC118278845	probable proline--tRNA ligase, mitochondrial	5616	2081417	2088994	
NC_064235.1_2269271	NC_064235.1	2269271		-4.295		LOC118278621	bromodomain and WD repeat-containing protein 3	4112	2265802	2280964	
NC_064235.1_2275442	NC_064235.1	2275442		-4.527		LOC118278621	bromodomain and WD repeat-containing protein 3	2059	2265802	2280964	
NC_064235.1_2608704	NC_064235.1	2608704		4.042		LOC118278627	ATP synthase subunit e, mitochondrial	10699	2596474	2599535	
NC_064235.1_2674640	NC_064235.1	2674640		-4.018		LOC118278822	protein neuralized	16901	2664113	2718970	
NC_064235.1_2729407	NC_064235.1	2729407		4.394		LOC118278370	putative uncharacterized protein DDB_G0282133	3591	2719434	2732198	
NC_064235.1_2971019	NC_064235.1	2971019		-4.763		LOC118278607	myosin-7B	9247	2929563	2993981	
NC_064235.1_2971023	NC_064235.1	2971023		-4.051		LOC118278607	myosin-7B	9251	2929563	2993981	
NC_064235.1_2975158	NC_064235.1	2975158		4.908		LOC118278607	myosin-7B	13386	2929563	2993981	
NC_064235.1_3155654	NC_064235.1	3155654		4.279		LOC126912263	uncharacterized LOC126912263	4994	3160267	3161030	
NC_064235.1_3203841	NC_064235.1	3203841		4.394		LOC118279012	nucleolar protein dao-5-like	13212	3185086	3196172	
NC_064235.1_3204665	NC_064235.1	3204665		4.517		LOC118279012	nucleolar protein dao-5-like	14036	3185086	3196172	
NC_064235.1_3205016	NC_064235.1	3205016		-4.11		LOC118279012	nucleolar protein dao-5-like	14387	3185086	3196172	
NC_064235.1_3410207	NC_064235.1	3410207		-4.244		LOC118278740	uncharacterized LOC118278740	2725	3412056	3413808	
NC_064235.1_3429976	NC_064235.1	3429976		4.71		LOC118279048	uncharacterized LOC118279048	927	3429826	3431981	
NC_064235.1_3430036	NC_064235.1	3430036		4.586		LOC118279048	uncharacterized LOC118279048	867	3429826	3431981	
NC_064235.1_3495586	NC_064235.1	3495586		-4.942		LOC118278506	eukaryotic peptide chain release factor subunit 1	2716	3472318	3524287	
NC_064235.1_3495592	NC_064235.1	3495592		-4.389		LOC118278506	eukaryotic peptide chain release factor subunit 1	2710	3472318	3524287	
NC_064235.1_3584655	NC_064235.1	3584655		-5.091		LOC118278641	uncharacterized LOC118278641	13489	3563286	3633003	
NC_064235.1_3650083	NC_064235.1	3650083		-4.269		LOC118278668	hexosaminidase D-like	6662	3641163	3645678	
NC_064235.1_3722196	NC_064235.1	3722196		4.346		LOC118278792	transcription factor Ouib-like	3640	3715759	3721353	
NC_064235.1_3728590	NC_064235.1	3728590		-5.53		LOC118278414	uncharacterized LOC118278414	1769	3724241	3736477	
NC_064235.1_3946456	NC_064235.1	3946456		-4.865		LOC118278408	gastrula zinc finger protein XlCGF57.1-like	7606	3934290	3943410	
NC_064235.1_3973445	NC_064235.1	3973445		-4.113		LOC118278937	zinc finger imprinted 3-like	4155	3967227	3971353	
NC_064235.1_3990738	NC_064235.1	3990738		4.381		LOC118278827	zinc finger imprinted 3-like	7930	3979923	3985693	
NC_064235.1_4001115	NC_064235.1	4001115		-4.042		LOC118278826	zinc finger protein 723	1606	3985915	4019527	
NC_064235.1_4012121	NC_064235.1	4012121		4.131		LOC118278826	zinc finger protein 723	9400	3985915	4019527	
NC_064235.1_4016211	NC_064235.1	4016211		-4.38		LOC126912251	zinc finger protein 564-like	5482	4021145	4022241	
NC_064235.1_4017472	NC_064235.1	4017472		4.142		LOC126912251	zinc finger protein 564-like	4221	4021145	4022241	
NC_064235.1_4019283	NC_064235.1	4019283		4.114		LOC126912251	zinc finger protein 564-like	2410	4021145	4022241	
NC_064235.1_4021352	NC_064235.1	4021352		-4.093		LOC126912251	zinc finger protein 564-like	341	4021145	4022241	
NC_064235.1_4047161	NC_064235.1	4047161		4.114		LOC118278949	zinc finger protein OZF-like	1497	4046331	4050985	
NC_064235.1_4208974	NC_064235.1	4208974		-4.024		LOC118278924	zinc finger protein 69 homolog	5455	4206479	4222380	
NC_064235.1_4241808	NC_064235.1	4241808		4.882		LOC118278941	transcription factor Ouib	3476	4235750	4240913	
NC_064235.1_4381663	NC_064235.1	4381663		-4.07		LOC118278734	ferritin subunit	1039	4374579	4390825	
NC_064235.1_4535295	NC_064235.1	4535295		-4.229		LOC118278737	insulin-degrading enzyme	28575	4474943	4538497	
NC_064235.1_4582996	NC_064235.1	4582996		-4.003		LOC118278910	histone H3	5549	4587485	4589605	
NC_064235.1_4987210	NC_064235.1	4987210		4.012		LOC118278440	modular serine protease-like	2680	4979454	5000326	
NC_064235.1_5031787	NC_064235.1	5031787		-4.013		LOC118278586	H/ACA ribonucleoprotein complex subunit 4	422	5029464	5034955	
NC_064235.1_5178386	NC_064235.1	5178386		-5.226		LOC118278849	UDP-glucosyltransferase 2-like	4048	5176204	5188665	解毒/代谢
NC_064235.1_5205164	NC_064235.1	5205164		4.008		LOC118278443	uncharacterized LOC118278443	559	5197729	5211480	
NC_064235.1_5320426	NC_064235.1	5320426		-4.226		LOC118278835	uncharacterized LOC118278835	1684	5313418	5324066	
NC_064235.1_5391678	NC_064235.1	5391678		4.041		LOC118278768	homeobox protein Hox-C5a	1825	5385086	5394620	
NC_064235.1_5408788	NC_064235.1	5408788		-4.168		LOC118278768	homeobox protein Hox-C5a	18935	5385086	5394620	
NC_064235.1_5593965	NC_064235.1	5593965		-4.084		LOC118278531	single-stranded DNA-binding protein 3	1945	5588908	5602913	
NC_064235.1_5636777	NC_064235.1	5636777		4.164		LOC118278532	complex I assembly factor ACAD9, mitochondrial	8373	5624633	5632175	
NC_064235.1_5682637	NC_064235.1	5682637		4.249		LOC118278534	uncharacterized LOC118278534	17268	5685906	5713905	
NC_064235.1_5685060	NC_064235.1	5685060		-4.123		LOC118278534	uncharacterized LOC118278534	14845	5685906	5713905	
NC_064235.1_5757482	NC_064235.1	5757482		-4.024		(基因间区)		-1			
NC_064235.1_5884706	NC_064235.1	5884706		4.702		LOC118278539	protein phosphatase 1 regulatory subunit 3C	28723	5891887	5934972	
NC_064235.1_6068376	NC_064235.1	6068376		-4.48		LOC118278545	uncharacterized LOC118278545	604	6067104	6070857	
NC_064235.1_6098110	NC_064235.1	6098110		-4.309		LOC118278549	uncharacterized LOC118278549	10079	6107702	6108677	
NC_064235.1_6107761	NC_064235.1	6107761		-4.349		LOC118278549	uncharacterized LOC118278549	428	6107702	6108677	
NC_064235.1_6168336	NC_064235.1	6168336		-4.166		LOC118278551	unextended protein	8442	6127567	6192221	
NC_064235.1_6263782	NC_064235.1	6263782		4.199		LOC118278555	serine/threonine-protein kinase 10	39369	6265997	6340305	
NC_064235.1_6304476	NC_064235.1	6304476		-5.274		LOC118278555	serine/threonine-protein kinase 10	1325	6265997	6340305	
NC_064235.1_6327821	NC_064235.1	6327821		-4.013		LOC126912310	uncharacterized LOC126912310	7306	6320000	6321030	
NC_064235.1_6339664	NC_064235.1	6339664		-4.142		LOC118278557	clotting factor B-like	10665	6347360	6353298	
NC_064235.1_6357197	NC_064235.1	6357197		-5.343		LOC118278721	serine protease snake	1794	6353641	6357164	
NC_064235.1_6450018	NC_064235.1	6450018		-4.068		LOC118278662	serine protease snake-like	8633	6449983	6467319	
NC_064235.1_6580775	NC_064235.1	6580775		4.541		LOC118278646	Kv channel-interacting protein 1	782	6494733	6668382	
NC_064236.1_349907	NC_064236.1	349907		-4.165		LOC118264420	uncharacterized LOC118264420	19087	368140	369848	
NC_064236.1_351730	NC_064236.1	351730		-4.039		LOC118264420	uncharacterized LOC118264420	17264	368140	369848	
NC_064236.1_529372	NC_064236.1	529372		4.371		LOC118263992	uncharacterized LOC118263992	8998	497428	543319	
NC_064236.1_590032	NC_064236.1	590032		-5.087		LOC118264010	uncharacterized LOC118264010	18043	601590	614561	
NC_064236.1_590523	NC_064236.1	590523		-4.03		LOC118264010	uncharacterized LOC118264010	17552	601590	614561	
NC_064236.1_883407	NC_064236.1	883407		-5.185		LOC118264261	uncharacterized LOC118264261	1360	881120	882973	
NC_064236.1_1042109	NC_064236.1	1042109		4.189		LOC118265725	basement membrane-specific heparan sulfate proteoglycan core protein	58109	901344	1066655	
NC_064236.1_1228875	NC_064236.1	1228875		4.029		LOC118268507	chromatin complexes subunit BAP18	9601	1180798	1257749	
NC_064236.1_1269292	NC_064236.1	1269292		4.387		LOC118268289	LIM homeobox transcription factor 1-beta	2940	1263430	1281034	
NC_064236.1_1647114	NC_064236.1	1647114		4.307		LOC118282471	protein bric-a-brac 1	42596	1472682	1736353	
NC_064236.1_1647135	NC_064236.1	1647135		4.152		LOC118282471	protein bric-a-brac 1	42617	1472682	1736353	
NC_064236.1_3099378	NC_064236.1	3099378		4.186		LOC118269095	H(+)/Cl(-) exchange transporter 3	33739	3038172	3093106	
NC_064236.1_3099414	NC_064236.1	3099414		4.141		LOC118269095	H(+)/Cl(-) exchange transporter 3	33775	3038172	3093106	
NC_064236.1_3268522	NC_064236.1	3268522		4.22		LOC118268837	LIM/homeobox protein Awh	20660	3228743	3266980	
NC_064236.1_3417858	NC_064236.1	3417858		-4.037		LOC118268703	hepatic leukemia factor	12209	3379475	3480660	
NC_064236.1_3478485	NC_064236.1	3478485		4.005		LOC118264474	proton-coupled amino acid transporter-like protein CG1139	11820	3482751	3497859	
NC_064236.1_4332106	NC_064236.1	4332106		-4.168		LOC118266277	uncharacterized LOC118266277	15350	4305435	4328077	
NC_064236.1_5094859	NC_064236.1	5094859		4.158		LOC126912456	uncharacterized LOC126912456	3421	5093273	5103287	
NC_064236.1_6069559	NC_064236.1	6069559		5.143		LOC118262085	acetyl-coenzyme A synthetase	2681	6062515	6081965	
NC_064236.1_6069661	NC_064236.1	6069661		-5.144		LOC118262085	acetyl-coenzyme A synthetase	2579	6062515	6081965	
NC_064236.1_6069670	NC_064236.1	6069670		-5.976		LOC118262085	acetyl-coenzyme A synthetase	2570	6062515	6081965	
NC_064236.1_6070700	NC_064236.1	6070700		-4.191		LOC118262085	acetyl-coenzyme A synthetase	1540	6062515	6081965	
NC_064236.1_6070905	NC_064236.1	6070905		-4.256		LOC118262085	acetyl-coenzyme A synthetase	1335	6062515	6081965	
NC_064236.1_6070920	NC_064236.1	6070920		4.292		LOC118262085	acetyl-coenzyme A synthetase	1320	6062515	6081965	
NC_064236.1_6073230	NC_064236.1	6073230		-4.52		LOC118262085	acetyl-coenzyme A synthetase	990	6062515	6081965	
NC_064236.1_6131488	NC_064236.1	6131488		4.532		LOC118263298	prostaglandin E synthase 2	4760	6120597	6132859	
NC_064236.1_6223454	NC_064236.1	6223454		-4.406		LOC118266260	multidrug resistance protein homolog 49	4388	6219359	6236325	
NC_064236.1_6223455	NC_064236.1	6223455		-4.087		LOC118266260	multidrug resistance protein homolog 49	4387	6219359	6236325	
NC_064236.1_6433794	NC_064236.1	6433794		4.169		LOC118267330	uncharacterized LOC118267330	874	6428694	6440642	
NC_064236.1_6434193	NC_064236.1	6434193		-4.387		LOC118267330	uncharacterized LOC118267330	475	6428694	6440642	
NC_064236.1_6443260	NC_064236.1	6443260		4.118		LOC118267330	uncharacterized LOC118267330	8592	6428694	6440642	
NC_064236.1_6451227	NC_064236.1	6451227		-4.852		LOC118267299	ubiquitin carboxyl-terminal hydrolase 35	3385	6440898	6468327	
NC_064236.1_6499947	NC_064236.1	6499947		-4.014		LOC118263423	polypeptide N-acetylgalactosaminyltransferase 35A	1597	6492771	6510317	解毒/代谢
NC_064236.1_6500026	NC_064236.1	6500026		-4.343		LOC118263423	polypeptide N-acetylgalactosaminyltransferase 35A	1518	6492771	6510317	解毒/代谢
NC_064236.1_6500761	NC_064236.1	6500761		-4.183		LOC118263423	polypeptide N-acetylgalactosaminyltransferase 35A	783	6492771	6510317	解毒/代谢
NC_064236.1_6500782	NC_064236.1	6500782		-4.684		LOC118263423	polypeptide N-acetylgalactosaminyltransferase 35A	762	6492771	6510317	解毒/代谢
NC_064236.1_6500786	NC_064236.1	6500786		4.581		LOC118263423	polypeptide N-acetylgalactosaminyltransferase 35A	758	6492771	6510317	解毒/代谢
NC_064236.1_6504780	NC_064236.1	6504780		-4.697		LOC118263423	polypeptide N-acetylgalactosaminyltransferase 35A	3236	6492771	6510317	解毒/代谢
NC_064236.1_6504792	NC_064236.1	6504792		-4.591		LOC118263423	polypeptide N-acetylgalactosaminyltransferase 35A	3248	6492771	6510317	解毒/代谢
NC_064236.1_6504793	NC_064236.1	6504793		-4.668		LOC118263423	polypeptide N-acetylgalactosaminyltransferase 35A	3249	6492771	6510317	解毒/代谢
NC_064236.1_6509338	NC_064236.1	6509338		4.535		LOC118263423	polypeptide N-acetylgalactosaminyltransferase 35A	7794	6492771	6510317	解毒/代谢
NC_064236.1_6509339	NC_064236.1	6509339		4.536		LOC118263423	polypeptide N-acetylgalactosaminyltransferase 35A	7795	6492771	6510317	解毒/代谢
NC_064236.1_6533564	NC_064236.1	6533564		-4.14		LOC118263404	epithelial discoidin domain-containing receptor 1	85881	6532425	6706465	
NC_064236.1_6738489	NC_064236.1	6738489		-4.164		LOC118273502	uncharacterized LOC118273502	3811	6742052	6742549	
NC_064236.1_7141070	NC_064236.1	7141070		-4.092		LOC118278004	RING finger and SPRY domain-containing protein 1	16553	7136018	7179229	
NC_064236.1_7141278	NC_064236.1	7141278		4.724		LOC118278004	RING finger and SPRY domain-containing protein 1	16345	7136018	7179229	
NC_064236.1_7141291	NC_064236.1	7141291		5.072		LOC118278004	RING finger and SPRY domain-containing protein 1	16332	7136018	7179229	
NC_064236.1_7141296	NC_064236.1	7141296		4.437		LOC118278004	RING finger and SPRY domain-containing protein 1	16327	7136018	7179229	
NC_064236.1_7163178	NC_064236.1	7163178		4.497		LOC118278004	RING finger and SPRY domain-containing protein 1	5554	7136018	7179229	
NC_064236.1_7264092	NC_064236.1	7264092		4.538		LOC118265191	flotillin-1	27184	7275112	7307440	
NC_064236.1_7264102	NC_064236.1	7264102		4.287		LOC118265191	flotillin-1	27174	7275112	7307440	
NC_064236.1_7544685	NC_064236.1	7544685		4.482		LOC118263398	uncharacterized LOC118263398	3970	7535493	7545937	
NC_064236.1_7636256	NC_064236.1	7636256		-4.222		LOC118266025	kunitz-type serine protease inhibitor A-like	3354	7637709	7641511	
NC_064236.1_7873147	NC_064236.1	7873147		4.28		LOC118263648	uncharacterized LOC118263648	4864	7862421	7874145	
NC_064236.1_8009056	NC_064236.1	8009056		-4.533		LOC118273548	neuronal PAS domain-containing protein 2	6191	7963106	8042624	
NC_064236.1_8823503	NC_064236.1	8823503		4.219		LOC118265356	uncharacterized LOC118265356	3213	8817647	8822932	
NC_064236.1_8836102	NC_064236.1	8836102		-4.27		LOC118261739	uncharacterized LOC118261739	3222	8824289	8854359	
NC_064236.1_8988226	NC_064236.1	8988226		-4.109		LOC118268908	keratin, type I cytoskeletal 10	4320	8991096	8993996	
NC_064236.1_9780242	NC_064236.1	9780242		4.316		LOC118262876	neuralized-like protein 4	1247	9762938	9800041	
NC_064236.1_9780339	NC_064236.1	9780339		4.595		LOC118262876	neuralized-like protein 4	1150	9762938	9800041	
NC_064236.1_9780349	NC_064236.1	9780349		4.76		LOC118262876	neuralized-like protein 4	1140	9762938	9800041	
NC_064236.1_9780369	NC_064236.1	9780369		4.83		LOC118262876	neuralized-like protein 4	1120	9762938	9800041	
NC_064236.1_9808981	NC_064236.1	9808981		-4.094		LOC118262924	protein cab-1	5153	9794785	9833483	
NC_064236.1_9840645	NC_064236.1	9840645		4.123		LOC118262924	protein cab-1	26511	9794785	9833483	
NC_064236.1_9840648	NC_064236.1	9840648		-4.098		LOC118262924	protein cab-1	26514	9794785	9833483	
NC_064236.1_9841389	NC_064236.1	9841389		-4.008		LOC118262924	protein cab-1	27255	9794785	9833483	
NC_064236.1_9842161	NC_064236.1	9842161		4.091		LOC118262924	protein cab-1	28027	9794785	9833483	
NC_064236.1_9912554	NC_064236.1	9912554		4.069		LOC118270069	ras-specific guanine nucleotide-releasing factor RalGPS2	5681	9891462	9922284	
NC_064236.1_10308752	NC_064236.1	10308752		4.232		(基因间区)		-1			
NC_064236.1_10341690	NC_064236.1	10341690		-4.222		(基因间区)		-1			
NC_064236.1_10434041	NC_064236.1	10434041		-4.664		LOC118265290	carboxypeptidase N subunit 2	23364	10385577	10435777	
NC_064236.1_10464684	NC_064236.1	10464684		4.197		LOC118262603	ecotropic viral integration site 5 ortholog	6883	10458729	10484405	
NC_064236.1_10539195	NC_064236.1	10539195		-4.041		LOC118262474	leucine-rich repeat protein SHOC-2	11812	10543186	10558828	
NC_064236.1_10547280	NC_064236.1	10547280		4.696		LOC118262474	leucine-rich repeat protein SHOC-2	3727	10543186	10558828	
NC_064236.1_10547370	NC_064236.1	10547370		-4.93		LOC118262474	leucine-rich repeat protein SHOC-2	3637	10543186	10558828	
NC_064236.1_10547497	NC_064236.1	10547497		4.084		LOC118262474	leucine-rich repeat protein SHOC-2	3510	10543186	10558828	
NC_064236.1_10547620	NC_064236.1	10547620		4.394		LOC118262474	leucine-rich repeat protein SHOC-2	3387	10543186	10558828	
NC_064236.1_10547622	NC_064236.1	10547622		4.571		LOC118262474	leucine-rich repeat protein SHOC-2	3385	10543186	10558828	
NC_064236.1_10547627	NC_064236.1	10547627		4.335		LOC118262474	leucine-rich repeat protein SHOC-2	3380	10543186	10558828	
NC_064236.1_10547823	NC_064236.1	10547823		4.794		LOC118262474	leucine-rich repeat protein SHOC-2	3184	10543186	10558828	
NC_064236.1_10547835	NC_064236.1	10547835		4.947		LOC118262474	leucine-rich repeat protein SHOC-2	3172	10543186	10558828	
NC_064236.1_10547842	NC_064236.1	10547842		4.839		LOC118262474	leucine-rich repeat protein SHOC-2	3165	10543186	10558828	
NC_064236.1_10548425	NC_064236.1	10548425		4.079		LOC118262474	leucine-rich repeat protein SHOC-2	2582	10543186	10558828	
NC_064236.1_10722341	NC_064236.1	10722341		-4.133		LOC118268583	large proline-rich protein BAG6	5781	10703703	10729417	
NC_064236.1_11970086	NC_064236.1	11970086		-4.035		LOC118272813	glutamate receptor 1	45161	11883207	11966643	
NC_064236.1_12763847	NC_064236.1	12763847		-4.035		LOC118264268	uncharacterized LOC118264268	29250	12658797	12810397	
NC_064236.1_13509875	NC_064236.1	13509875		4.405		LOC118277063	FK506-binding protein 2	19905	13467516	13512423	
NC_064236.1_13723446	NC_064236.1	13723446		-4.565		LOC118264123	uncharacterized LOC118264123	20857	13701710	13703468	
NC_064236.1_13806653	NC_064236.1	13806653		4.107		LOC118276607	zinc finger protein SNAI2-like	31529	13730656	13819592	
NC_064236.1_14139805	NC_064236.1	14139805		-4.236		LOC118264998	epidermal growth factor receptor	82315	13990780	14124200	
NC_064236.1_14300986	NC_064236.1	14300986		4.153		LOC118282405	calpain-C	10703	14281370	14342009	
NC_064236.1_14300995	NC_064236.1	14300995		4.258		LOC118282405	calpain-C	10694	14281370	14342009	
NC_064236.1_14301019	NC_064236.1	14301019		4.183		LOC118282405	calpain-C	10670	14281370	14342009	
NC_064236.1_14301028	NC_064236.1	14301028		4.17		LOC118282405	calpain-C	10661	14281370	14342009	
NC_064236.1_14683952	NC_064236.1	14683952		4.563		LOC118270869	protein apterous	14818	14617311	14720956	
NC_064236.1_14684248	NC_064236.1	14684248		4.85		LOC118270869	protein apterous	15114	14617311	14720956	
NC_064236.1_14684261	NC_064236.1	14684261		4.837		LOC118270869	protein apterous	15127	14617311	14720956	
NC_064236.1_14684302	NC_064236.1	14684302		4.194		LOC118270869	protein apterous	15168	14617311	14720956	
NC_064236.1_14685687	NC_064236.1	14685687		4.898		LOC118270869	protein apterous	16553	14617311	14720956	
NC_064236.1_14685756	NC_064236.1	14685756		4.48		LOC118270869	protein apterous	16622	14617311	14720956	
NC_064236.1_14725386	NC_064236.1	14725386		-4.379		LOC126912327	uncharacterized LOC126912327	15581	14736662	14745272	
NC_064236.1_14739908	NC_064236.1	14739908		4.009		LOC126912327	uncharacterized LOC126912327	1059	14736662	14745272	
NC_064236.1_14779499	NC_064236.1	14779499		4.876		(基因间区)		-1			
NC_064236.1_14780912	NC_064236.1	14780912		4.304		(基因间区)		-1			
NC_064236.1_14782462	NC_064236.1	14782462		4.423		(基因间区)		-1			
NC_064236.1_14782651	NC_064236.1	14782651		4.525		(基因间区)		-1			
NC_064236.1_14783421	NC_064236.1	14783421		4.38		(基因间区)		-1			
NC_064236.1_14785533	NC_064236.1	14785533		4.956		(基因间区)		-1			
NC_064236.1_14788142	NC_064236.1	14788142		4.368		(基因间区)		-1			
NC_064236.1_14788150	NC_064236.1	14788150		4.077		(基因间区)		-1			
NC_064236.1_14794720	NC_064236.1	14794720		-4.22		(基因间区)		-1			
NC_064236.1_14936048	NC_064236.1	14936048		4.131		LOC118267946	carcinine transporter-like	15785	14950040	14953627	
NC_064236.1_15280879	NC_064236.1	15280879		4.025		LOC118269296	uncharacterized LOC118269296	5884	15273150	15276840	
NC_064236.1_15722781	NC_064236.1	15722781		-4.976		LOC118266331	arf-GAP with Rho-GAP domain, ANK repeat and PH domain-containing protein 2	18118	15718772	15763026	
NC_064236.1_15733805	NC_064236.1	15733805		-4.003		LOC118266331	arf-GAP with Rho-GAP domain, ANK repeat and PH domain-containing protein 2	7094	15718772	15763026	
NC_064236.1_16425760	NC_064236.1	16425760		4.124		LOC118281478	uncharacterized LOC118281478	9332	16434367	16435817	
NC_064236.1_16464410	NC_064236.1	16464410		-4.038		LOC118267604	calcium-binding mitochondrial carrier protein SCaMC-2	19219	16403204	16564054	
NC_064236.1_16479432	NC_064236.1	16479432		-4.106		LOC118267604	calcium-binding mitochondrial carrier protein SCaMC-2	4197	16403204	16564054	
NC_064236.1_16480051	NC_064236.1	16480051		4.286		LOC118267604	calcium-binding mitochondrial carrier protein SCaMC-2	3578	16403204	16564054	
NC_064236.1_16480084	NC_064236.1	16480084		-4.137		LOC118267604	calcium-binding mitochondrial carrier protein SCaMC-2	3545	16403204	16564054	
NC_064236.1_16487796	NC_064236.1	16487796		4.283		LOC118267819	nuclear receptor subfamily 2 group E member 1	3528	16479964	16488571	
NC_064236.1_16487799	NC_064236.1	16487799		4.465		LOC118267819	nuclear receptor subfamily 2 group E member 1	3531	16479964	16488571	
NC_064236.1_16487833	NC_064236.1	16487833		4.389		LOC118267819	nuclear receptor subfamily 2 group E member 1	3565	16479964	16488571	
NC_064236.1_16487874	NC_064236.1	16487874		4.46		LOC118267819	nuclear receptor subfamily 2 group E member 1	3606	16479964	16488571	
NC_064236.1_16488018	NC_064236.1	16488018		4.324		LOC118267819	nuclear receptor subfamily 2 group E member 1	3750	16479964	16488571	
NC_064236.1_16488053	NC_064236.1	16488053		4.081		LOC118267819	nuclear receptor subfamily 2 group E member 1	3785	16479964	16488571	
NC_064236.1_16494646	NC_064236.1	16494646		4.124		LOC118267819	nuclear receptor subfamily 2 group E member 1	10378	16479964	16488571	
NC_064236.1_16495049	NC_064236.1	16495049		4.709		LOC118267819	nuclear receptor subfamily 2 group E member 1	10781	16479964	16488571	
NC_064236.1_16495064	NC_064236.1	16495064		4.45		LOC118267819	nuclear receptor subfamily 2 group E member 1	10796	16479964	16488571	
NC_064236.1_16499043	NC_064236.1	16499043		4.059		LOC118267819	nuclear receptor subfamily 2 group E member 1	14775	16479964	16488571	
NC_064236.1_16502569	NC_064236.1	16502569		-4.146		LOC118267819	nuclear receptor subfamily 2 group E member 1	18301	16479964	16488571	
NC_064236.1_17610243	NC_064236.1	17610243		4.045		LOC118262676	titin homolog	4117	17513506	17698746	
NC_064236.1_17619750	NC_064236.1	17619750		4.068		LOC118262676	titin homolog	13624	17513506	17698746	
NC_064236.1_17619768	NC_064236.1	17619768		4.508		LOC118262676	titin homolog	13642	17513506	17698746	
NC_064236.1_17642131	NC_064236.1	17642131		4.028		LOC118262676	titin homolog	36005	17513506	17698746	
NC_064236.1_17642152	NC_064236.1	17642152		4.412		LOC118262676	titin homolog	36026	17513506	17698746	
NC_064236.1_17642165	NC_064236.1	17642165		-4.482		LOC118262676	titin homolog	36039	17513506	17698746	
NC_064236.1_17642171	NC_064236.1	17642171		-4.971		LOC118262676	titin homolog	36045	17513506	17698746	
NC_064236.1_17642212	NC_064236.1	17642212		4.394		LOC118262676	titin homolog	36086	17513506	17698746	
NC_064236.1_17642508	NC_064236.1	17642508		-4.082		LOC118262676	titin homolog	36382	17513506	17698746	
NC_064236.1_17645030	NC_064236.1	17645030		5.1		LOC118262676	titin homolog	38904	17513506	17698746	
NC_064236.1_18245392	NC_064236.1	18245392		-4.602		LOC118266408	pyruvate dehydrogenase phosphatase regulatory subunit, mitochondrial	2114	18224616	18270396	
NC_064236.1_19060155	NC_064236.1	19060155		4.164		LOC118265373	potassium/sodium hyperpolarization-activated cyclic nucleotide-gated channel 4-like	1712	19056863	19060023	离子/渗透
NC_064236.1_19175096	NC_064236.1	19175096		-4.227		LOC118264784	MIF-like protein mif-2	3483	19176913	19180246	
NC_064236.1_19720841	NC_064236.1	19720841		4.312		LOC118282204	uncharacterized LOC118282204	8143	19722041	19735927	
NC_064236.1_19720842	NC_064236.1	19720842		4.197		LOC118282204	uncharacterized LOC118282204	8142	19722041	19735927	
NC_064236.1_19720843	NC_064236.1	19720843		4.248		LOC118282204	uncharacterized LOC118282204	8141	19722041	19735927	
NC_064236.1_21717806	NC_064236.1	21717806		4.044		LOC118280236	roquin-1	689	21674995	21761995	
NC_064236.1_21720269	NC_064236.1	21720269		4.34		LOC118280236	roquin-1	1774	21674995	21761995	
NC_064236.1_21720442	NC_064236.1	21720442		4.544		LOC118280236	roquin-1	1947	21674995	21761995	
NC_064236.1_21720453	NC_064236.1	21720453		4.38		LOC118280236	roquin-1	1958	21674995	21761995	
NC_064236.1_21720460	NC_064236.1	21720460		4.478		LOC118280236	roquin-1	1965	21674995	21761995	
NC_064236.1_21720462	NC_064236.1	21720462		4.349		LOC118280236	roquin-1	1967	21674995	21761995	
NC_064236.1_21720471	NC_064236.1	21720471		4.039		LOC118280236	roquin-1	1976	21674995	21761995	
NC_064236.1_21720501	NC_064236.1	21720501		4.328		LOC118280236	roquin-1	2006	21674995	21761995	
NC_064236.1_21767408	NC_064236.1	21767408		-4.075		LOC118271992	longitudinals lacking protein, isoforms H/M/V	17281	21764778	21804600	
NC_064236.1_21768157	NC_064236.1	21768157		4.67		LOC118271992	longitudinals lacking protein, isoforms H/M/V	16532	21764778	21804600	
NC_064236.1_21769033	NC_064236.1	21769033		-4.006		LOC118271992	longitudinals lacking protein, isoforms H/M/V	15656	21764778	21804600	
NC_064236.1_21769060	NC_064236.1	21769060		-4.407		LOC118271992	longitudinals lacking protein, isoforms H/M/V	15629	21764778	21804600	
NC_064236.1_21769065	NC_064236.1	21769065		-4.217		LOC118271992	longitudinals lacking protein, isoforms H/M/V	15624	21764778	21804600	
NC_064236.1_21769067	NC_064236.1	21769067		-4.212		LOC118271992	longitudinals lacking protein, isoforms H/M/V	15622	21764778	21804600	
NC_064236.1_21773425	NC_064236.1	21773425		-4.929		LOC118271992	longitudinals lacking protein, isoforms H/M/V	11264	21764778	21804600	
NC_064236.1_21773724	NC_064236.1	21773724		-4.177		LOC118271992	longitudinals lacking protein, isoforms H/M/V	10965	21764778	21804600	
NC_064236.1_21773745	NC_064236.1	21773745		-4.001		LOC118271992	longitudinals lacking protein, isoforms H/M/V	10944	21764778	21804600	
NC_064236.1_21774081	NC_064236.1	21774081		4.133		LOC118271992	longitudinals lacking protein, isoforms H/M/V	10608	21764778	21804600	
NC_064236.1_21774084	NC_064236.1	21774084		4.092		LOC118271992	longitudinals lacking protein, isoforms H/M/V	10605	21764778	21804600	
NC_064236.1_21774095	NC_064236.1	21774095		4.206		LOC118271992	longitudinals lacking protein, isoforms H/M/V	10594	21764778	21804600	
NC_064236.1_21774104	NC_064236.1	21774104		-4.243		LOC118271992	longitudinals lacking protein, isoforms H/M/V	10585	21764778	21804600	
NC_064236.1_21774129	NC_064236.1	21774129		-4.298		LOC118271992	longitudinals lacking protein, isoforms H/M/V	10560	21764778	21804600	
NC_064236.1_21774387	NC_064236.1	21774387		-4.548		LOC118271992	longitudinals lacking protein, isoforms H/M/V	10302	21764778	21804600	
NC_064236.1_21774388	NC_064236.1	21774388		-4.647		LOC118271992	longitudinals lacking protein, isoforms H/M/V	10301	21764778	21804600	
NC_064236.1_21774406	NC_064236.1	21774406		-4.251		LOC118271992	longitudinals lacking protein, isoforms H/M/V	10283	21764778	21804600	
NC_064236.1_21774428	NC_064236.1	21774428		-4.828		LOC118271992	longitudinals lacking protein, isoforms H/M/V	10261	21764778	21804600	
NC_064236.1_21774456	NC_064236.1	21774456		-4.087		LOC118271992	longitudinals lacking protein, isoforms H/M/V	10233	21764778	21804600	
NC_064236.1_21774468	NC_064236.1	21774468		-4.173		LOC118271992	longitudinals lacking protein, isoforms H/M/V	10221	21764778	21804600	
NC_064236.1_21774974	NC_064236.1	21774974		-4.0		LOC118271992	longitudinals lacking protein, isoforms H/M/V	9715	21764778	21804600	
NC_064236.1_21775154	NC_064236.1	21775154		-4.159		LOC118271992	longitudinals lacking protein, isoforms H/M/V	9535	21764778	21804600	
NC_064236.1_21775165	NC_064236.1	21775165		-4.347		LOC118271992	longitudinals lacking protein, isoforms H/M/V	9524	21764778	21804600	
NC_064236.1_21775166	NC_064236.1	21775166		-4.235		LOC118271992	longitudinals lacking protein, isoforms H/M/V	9523	21764778	21804600	
NC_064236.1_21778244	NC_064236.1	21778244		-4.116		LOC118271992	longitudinals lacking protein, isoforms H/M/V	6445	21764778	21804600	
NC_064236.1_21779552	NC_064236.1	21779552		-4.013		LOC118271992	longitudinals lacking protein, isoforms H/M/V	5137	21764778	21804600	
NC_064236.1_21779654	NC_064236.1	21779654		-4.17		LOC118271992	longitudinals lacking protein, isoforms H/M/V	5035	21764778	21804600	
NC_064236.1_21780148	NC_064236.1	21780148		4.05		LOC118271992	longitudinals lacking protein, isoforms H/M/V	4541	21764778	21804600	
NC_064236.1_21780192	NC_064236.1	21780192		4.1		LOC118271992	longitudinals lacking protein, isoforms H/M/V	4497	21764778	21804600	
NC_064236.1_21780928	NC_064236.1	21780928		4.309		LOC118271992	longitudinals lacking protein, isoforms H/M/V	3761	21764778	21804600	
NC_064236.1_21780991	NC_064236.1	21780991		4.574		LOC118271992	longitudinals lacking protein, isoforms H/M/V	3698	21764778	21804600	
NC_064236.1_21781012	NC_064236.1	21781012		4.759		LOC118271992	longitudinals lacking protein, isoforms H/M/V	3677	21764778	21804600	
NC_064236.1_21781013	NC_064236.1	21781013		4.717		LOC118271992	longitudinals lacking protein, isoforms H/M/V	3676	21764778	21804600	
NC_064236.1_21781033	NC_064236.1	21781033		4.075		LOC118271992	longitudinals lacking protein, isoforms H/M/V	3656	21764778	21804600	
NC_064236.1_21781042	NC_064236.1	21781042		4.366		LOC118271992	longitudinals lacking protein, isoforms H/M/V	3647	21764778	21804600	
NC_064236.1_21783599	NC_064236.1	21783599		-4.225		LOC118271992	longitudinals lacking protein, isoforms H/M/V	1090	21764778	21804600	
NC_064236.1_21783608	NC_064236.1	21783608		-4.117		LOC118271992	longitudinals lacking protein, isoforms H/M/V	1081	21764778	21804600	
NC_064236.1_21783661	NC_064236.1	21783661		-4.254		LOC118271992	longitudinals lacking protein, isoforms H/M/V	1028	21764778	21804600	
NC_064236.1_21783682	NC_064236.1	21783682		-4.241		LOC118271992	longitudinals lacking protein, isoforms H/M/V	1007	21764778	21804600	
NC_064236.1_21783733	NC_064236.1	21783733		-4.11		LOC118271992	longitudinals lacking protein, isoforms H/M/V	956	21764778	21804600	
NC_064236.1_21783826	NC_064236.1	21783826		-4.11		LOC118271992	longitudinals lacking protein, isoforms H/M/V	863	21764778	21804600	
NC_064236.1_21783830	NC_064236.1	21783830		-4.348		LOC118271992	longitudinals lacking protein, isoforms H/M/V	859	21764778	21804600	
NC_064236.1_21784132	NC_064236.1	21784132		-4.217		LOC118271992	longitudinals lacking protein, isoforms H/M/V	557	21764778	21804600	
NC_064236.1_21784225	NC_064236.1	21784225		-4.111		LOC118271992	longitudinals lacking protein, isoforms H/M/V	464	21764778	21804600	
NC_064236.1_21784249	NC_064236.1	21784249		-4.595		LOC118271992	longitudinals lacking protein, isoforms H/M/V	440	21764778	21804600	
NC_064236.1_21784299	NC_064236.1	21784299		-4.247		LOC118271992	longitudinals lacking protein, isoforms H/M/V	390	21764778	21804600	
NC_064236.1_21784388	NC_064236.1	21784388		-4.234		LOC118271992	longitudinals lacking protein, isoforms H/M/V	301	21764778	21804600	
NC_064236.1_21784411	NC_064236.1	21784411		-4.184		LOC118271992	longitudinals lacking protein, isoforms H/M/V	278	21764778	21804600	
NC_064236.1_21784718	NC_064236.1	21784718		-4.272		LOC118271992	longitudinals lacking protein, isoforms H/M/V	29	21764778	21804600	
NC_064236.1_21784747	NC_064236.1	21784747		-4.397		LOC118271992	longitudinals lacking protein, isoforms H/M/V	58	21764778	21804600	
NC_064236.1_21784840	NC_064236.1	21784840		-4.115		LOC118271992	longitudinals lacking protein, isoforms H/M/V	151	21764778	21804600	
NC_064236.1_21784910	NC_064236.1	21784910		-5.069		LOC118271992	longitudinals lacking protein, isoforms H/M/V	221	21764778	21804600	
NC_064236.1_21786664	NC_064236.1	21786664		-4.044		LOC118271992	longitudinals lacking protein, isoforms H/M/V	1975	21764778	21804600	
NC_064236.1_21786679	NC_064236.1	21786679		-4.355		LOC118271992	longitudinals lacking protein, isoforms H/M/V	1990	21764778	21804600	
NC_064236.1_21786693	NC_064236.1	21786693		-4.321		LOC118271992	longitudinals lacking protein, isoforms H/M/V	2004	21764778	21804600	
NC_064236.1_21786717	NC_064236.1	21786717		-4.619		LOC118271992	longitudinals lacking protein, isoforms H/M/V	2028	21764778	21804600	
NC_064236.1_21786719	NC_064236.1	21786719		-4.641		LOC118271992	longitudinals lacking protein, isoforms H/M/V	2030	21764778	21804600	
NC_064236.1_21786738	NC_064236.1	21786738		-4.516		LOC118271992	longitudinals lacking protein, isoforms H/M/V	2049	21764778	21804600	
NC_064236.1_21787432	NC_064236.1	21787432		-4.118		LOC118271992	longitudinals lacking protein, isoforms H/M/V	2743	21764778	21804600	
NC_064236.1_21787639	NC_064236.1	21787639		-4.405		LOC118271992	longitudinals lacking protein, isoforms H/M/V	2950	21764778	21804600	
NC_064236.1_21787705	NC_064236.1	21787705		-4.546		LOC118271992	longitudinals lacking protein, isoforms H/M/V	3016	21764778	21804600	
NC_064236.1_21787791	NC_064236.1	21787791		-4.33		LOC118271992	longitudinals lacking protein, isoforms H/M/V	3102	21764778	21804600	
NC_064236.1_21787800	NC_064236.1	21787800		-4.268		LOC118271992	longitudinals lacking protein, isoforms H/M/V	3111	21764778	21804600	
NC_064236.1_21787801	NC_064236.1	21787801		-4.286		LOC118271992	longitudinals lacking protein, isoforms H/M/V	3112	21764778	21804600	
NC_064236.1_21788680	NC_064236.1	21788680		-4.016		LOC118271992	longitudinals lacking protein, isoforms H/M/V	3991	21764778	21804600	
NC_064236.1_21788942	NC_064236.1	21788942		-4.602		LOC118271992	longitudinals lacking protein, isoforms H/M/V	4253	21764778	21804600	
NC_064236.1_21793600	NC_064236.1	21793600		-4.236		LOC118271992	longitudinals lacking protein, isoforms H/M/V	8911	21764778	21804600	
NC_064236.1_21793624	NC_064236.1	21793624		-4.174		LOC118271992	longitudinals lacking protein, isoforms H/M/V	8935	21764778	21804600	
NC_064236.1_21793679	NC_064236.1	21793679		-4.292		LOC118271992	longitudinals lacking protein, isoforms H/M/V	8990	21764778	21804600	
NC_064236.1_21793680	NC_064236.1	21793680		-4.297		LOC118271992	longitudinals lacking protein, isoforms H/M/V	8991	21764778	21804600	
NC_064236.1_21793691	NC_064236.1	21793691		-4.081		LOC118271992	longitudinals lacking protein, isoforms H/M/V	9002	21764778	21804600	
NC_064236.1_21794202	NC_064236.1	21794202		-4.34		LOC118271992	longitudinals lacking protein, isoforms H/M/V	9513	21764778	21804600	
NC_064236.1_21794222	NC_064236.1	21794222		-4.103		LOC118271992	longitudinals lacking protein, isoforms H/M/V	9533	21764778	21804600	
NC_064236.1_21794230	NC_064236.1	21794230		-4.467		LOC118271992	longitudinals lacking protein, isoforms H/M/V	9541	21764778	21804600	
NC_064236.1_21794246	NC_064236.1	21794246		-4.506		LOC118271992	longitudinals lacking protein, isoforms H/M/V	9557	21764778	21804600	
NC_064236.1_21794251	NC_064236.1	21794251		-4.043		LOC118271992	longitudinals lacking protein, isoforms H/M/V	9562	21764778	21804600	
NC_064236.1_21794262	NC_064236.1	21794262		-4.328		LOC118271992	longitudinals lacking protein, isoforms H/M/V	9573	21764778	21804600	
NC_064236.1_21794272	NC_064236.1	21794272		-4.398		LOC118271992	longitudinals lacking protein, isoforms H/M/V	9583	21764778	21804600	
NC_064236.1_21794274	NC_064236.1	21794274		-4.775		LOC118271992	longitudinals lacking protein, isoforms H/M/V	9585	21764778	21804600	
NC_064236.1_21794293	NC_064236.1	21794293		-4.27		LOC118271992	longitudinals lacking protein, isoforms H/M/V	9604	21764778	21804600	
NC_064236.1_21794347	NC_064236.1	21794347		-4.127		LOC118271992	longitudinals lacking protein, isoforms H/M/V	9658	21764778	21804600	
NC_064236.1_21794515	NC_064236.1	21794515		-4.027		LOC118271992	longitudinals lacking protein, isoforms H/M/V	9826	21764778	21804600	
NC_064236.1_21794561	NC_064236.1	21794561		-4.532		LOC118271992	longitudinals lacking protein, isoforms H/M/V	9872	21764778	21804600	
NC_064236.1_21795653	NC_064236.1	21795653		-4.344		LOC118271992	longitudinals lacking protein, isoforms H/M/V	10964	21764778	21804600	
NC_064236.1_21795773	NC_064236.1	21795773		-4.456		LOC118271992	longitudinals lacking protein, isoforms H/M/V	11084	21764778	21804600	
NC_064236.1_21795798	NC_064236.1	21795798		-4.291		LOC118271992	longitudinals lacking protein, isoforms H/M/V	11109	21764778	21804600	
NC_064236.1_21795832	NC_064236.1	21795832		-4.209		LOC118271992	longitudinals lacking protein, isoforms H/M/V	11143	21764778	21804600	
NC_064236.1_21797579	NC_064236.1	21797579		-4.605		LOC118265177	uncharacterized LOC118265177	12772	21805056	21815647	
NC_064236.1_21797584	NC_064236.1	21797584		-4.357		LOC118265177	uncharacterized LOC118265177	12767	21805056	21815647	
NC_064236.1_21797616	NC_064236.1	21797616		-4.312		LOC118265177	uncharacterized LOC118265177	12735	21805056	21815647	
NC_064236.1_21797640	NC_064236.1	21797640		-4.299		LOC118265177	uncharacterized LOC118265177	12711	21805056	21815647	
NC_064236.1_21805356	NC_064236.1	21805356		-4.307		LOC118265177	uncharacterized LOC118265177	4995	21805056	21815647	
NC_064236.1_21805358	NC_064236.1	21805358		-4.246		LOC118265177	uncharacterized LOC118265177	4993	21805056	21815647	
NC_064236.1_21806480	NC_064236.1	21806480		-4.291		LOC118265177	uncharacterized LOC118265177	3871	21805056	21815647	
NC_064236.1_21806944	NC_064236.1	21806944		-4.202		LOC118265177	uncharacterized LOC118265177	3407	21805056	21815647	
NC_064236.1_21806950	NC_064236.1	21806950		-4.178		LOC118265177	uncharacterized LOC118265177	3401	21805056	21815647	
NC_064236.1_21806967	NC_064236.1	21806967		-4.027		LOC118265177	uncharacterized LOC118265177	3384	21805056	21815647	
NC_064236.1_21806990	NC_064236.1	21806990		-4.159		LOC118265177	uncharacterized LOC118265177	3361	21805056	21815647	
NC_064236.1_21807018	NC_064236.1	21807018		-4.311		LOC118265177	uncharacterized LOC118265177	3333	21805056	21815647	
NC_064236.1_21807452	NC_064236.1	21807452		-4.045		LOC118265177	uncharacterized LOC118265177	2899	21805056	21815647	
NC_064236.1_21808967	NC_064236.1	21808967		-4.149		LOC118265177	uncharacterized LOC118265177	1384	21805056	21815647	
NC_064236.1_21810205	NC_064236.1	21810205		4.104		LOC118265177	uncharacterized LOC118265177	146	21805056	21815647	
NC_064236.1_21826133	NC_064236.1	21826133		-4.224		LOC118268574	uncharacterized LOC118268574	6976	21830924	21835295	
NC_064236.1_21826159	NC_064236.1	21826159		-4.058		LOC118268574	uncharacterized LOC118268574	6950	21830924	21835295	
NC_064236.1_21826238	NC_064236.1	21826238		-4.187		LOC118268574	uncharacterized LOC118268574	6871	21830924	21835295	
NC_064236.1_21826243	NC_064236.1	21826243		-4.463		LOC118268574	uncharacterized LOC118268574	6866	21830924	21835295	
NC_064236.1_21826251	NC_064236.1	21826251		-4.343		LOC118268574	uncharacterized LOC118268574	6858	21830924	21835295	
NC_064236.1_21830903	NC_064236.1	21830903		-4.28		LOC118268574	uncharacterized LOC118268574	2206	21830924	21835295	
NC_064236.1_21830969	NC_064236.1	21830969		-4.181		LOC118268574	uncharacterized LOC118268574	2140	21830924	21835295	
NC_064236.1_21831507	NC_064236.1	21831507		-4.161		LOC118268574	uncharacterized LOC118268574	1602	21830924	21835295	
NC_064237.1_68172	NC_064237.1	68172		4.145		LOC118264002	ETS homologous factor-like	11960	50925	61499	
NC_064237.1_68178	NC_064237.1	68178		4.185		LOC118264002	ETS homologous factor-like	11966	50925	61499	
NC_064237.1_208225	NC_064237.1	208225		-4.042		LOC118264558	prominin-like protein	10157	178652	217484	
NC_064237.1_278540	NC_064237.1	278540		-4.164		LOC118264771	WD repeat domain phosphoinositide-interacting protein 2	4663	278593	287814	
NC_064237.1_334616	NC_064237.1	334616		-4.119		LOC126912509	uncharacterized LOC126912509	4893	328304	331142	
NC_064237.1_371712	NC_064237.1	371712		4.091		LOC118264846	uncharacterized LOC118264846	133	361005	382686	
NC_064237.1_403768	NC_064237.1	403768		4.297		LOC126912503	cytochrome P450 9e2-like	847	400937	404905	氧化应激
NC_064237.1_413056	NC_064237.1	413056		4.174		LOC118264850	probable cytochrome P450 9f2	1833	405190	417256	氧化应激
NC_064237.1_413060	NC_064237.1	413060		4.561		LOC118264850	probable cytochrome P450 9f2	1837	405190	417256	氧化应激
NC_064237.1_418731	NC_064237.1	418731		4.406		LOC118264060	alpha-(1,3)-fucosyltransferase C-like	1073	417643	421966	解毒/代谢
NC_064237.1_555038	NC_064237.1	555038		4.225		LOC118264408	uncharacterized LOC118264408	18338	489818	583581	
NC_064237.1_556715	NC_064237.1	556715		4.074		LOC118264408	uncharacterized LOC118264408	20015	489818	583581	
NC_064237.1_558459	NC_064237.1	558459		-4.341		LOC118264408	uncharacterized LOC118264408	21759	489818	583581	
NC_064237.1_561115	NC_064237.1	561115		-4.064		LOC118264408	uncharacterized LOC118264408	24415	489818	583581	
NC_064237.1_576752	NC_064237.1	576752		-4.035		LOC118264408	uncharacterized LOC118264408	40052	489818	583581	
NC_064237.1_584097	NC_064237.1	584097		-4.528		LOC118264408	uncharacterized LOC118264408	47397	489818	583581	
NC_064237.1_810565	NC_064237.1	810565		-4.051		LOC118264776	uncharacterized LOC118264776	11414	805717	838241	
NC_064237.1_844509	NC_064237.1	844509		-4.468		LOC118264462	cilia- and flagella-associated protein 52	275	839760	849808	
NC_064237.1_895988	NC_064237.1	895988		-4.091		LOC118264141	solute carrier family 23 member 2	6631	875617	903097	
NC_064237.1_895998	NC_064237.1	895998		-4.319		LOC118264141	solute carrier family 23 member 2	6641	875617	903097	
NC_064237.1_906290	NC_064237.1	906290		4.074		LOC118264141	solute carrier family 23 member 2	16933	875617	903097	
NC_064237.1_943914	NC_064237.1	943914		-4.738		LOC126912564	uncharacterized LOC126912564	2017	908532	983331	
NC_064237.1_944727	NC_064237.1	944727		-4.087		LOC126912564	uncharacterized LOC126912564	1204	908532	983331	
NC_064237.1_998970	NC_064237.1	998970		-4.323		LOC118264737	uncharacterized LOC118264737	11060	986889	988931	
NC_064237.1_1062815	NC_064237.1	1062815		4.014		LOC118264689	protein winged eye	19112	999525	1087880	
NC_064237.1_1074938	NC_064237.1	1074938		-4.403		LOC118264690	senecionine N-oxygenase	18527	1087909	1099022	
NC_064237.1_1081109	NC_064237.1	1081109		-4.818		LOC118264690	senecionine N-oxygenase	12356	1087909	1099022	
NC_064237.1_1117514	NC_064237.1	1117514		4.016		LOC118264686	sodium-independent sulfate anion transporter-like	1060	1104135	1128772	离子/渗透
NC_064237.1_1126129	NC_064237.1	1126129		-4.166		LOC118264686	sodium-independent sulfate anion transporter-like	9675	1104135	1128772	离子/渗透
NC_064237.1_1126382	NC_064237.1	1126382		-4.717		LOC118264686	sodium-independent sulfate anion transporter-like	9928	1104135	1128772	离子/渗透
NC_064237.1_1126393	NC_064237.1	1126393		-4.892		LOC118264686	sodium-independent sulfate anion transporter-like	9939	1104135	1128772	离子/渗透
NC_064237.1_1153873	NC_064237.1	1153873		4.293		Trnaa-cgc	transfer RNA alanine (anticodon CGC)	19025	1172863	1172934	
NC_064237.1_1228911	NC_064237.1	1228911		4.255		LOC118264549	uncharacterized LOC118264549	18729	1233110	1262170	
NC_064237.1_1289156	NC_064237.1	1289156		-4.206		(基因间区)		-1			
NC_064237.1_1302131	NC_064237.1	1302131		-4.095		(基因间区)		-1			
NC_064237.1_1303772	NC_064237.1	1303772		4.244		(基因间区)		-1			
NC_064237.1_1389918	NC_064237.1	1389918		-4.417		(基因间区)		-1			
NC_064237.1_1427833	NC_064237.1	1427833		4.432		(基因间区)		-1			
NC_064237.1_1438626	NC_064237.1	1438626		4.281		(基因间区)		-1			
NC_064237.1_1440471	NC_064237.1	1440471		-4.021		(基因间区)		-1			
NC_064237.1_1585197	NC_064237.1	1585197		4.212		LOC118263966	monocarboxylate transporter 14	786	1564011	1607955	
NC_064237.1_1654030	NC_064237.1	1654030		4.254		LOC118264840	phospholipase A1 2-like	5533	1658119	1661008	
NC_064237.1_1654703	NC_064237.1	1654703		-4.051		LOC118264840	phospholipase A1 2-like	4860	1658119	1661008	
NC_064237.1_1656374	NC_064237.1	1656374		4.224		LOC118264840	phospholipase A1 2-like	3189	1658119	1661008	
NC_064237.1_1656434	NC_064237.1	1656434		4.125		LOC118264840	phospholipase A1 2-like	3129	1658119	1661008	
NC_064237.1_1656435	NC_064237.1	1656435		4.156		LOC118264840	phospholipase A1 2-like	3128	1658119	1661008	
NC_064237.1_1790127	NC_064237.1	1790127		-4.142		LOC118264546	uncharacterized LOC118264546	12621	1793148	1812348	
NC_064237.1_1822245	NC_064237.1	1822245		-4.148		LOC118264546	uncharacterized LOC118264546	19497	1793148	1812348	
NC_064237.1_1941147	NC_064237.1	1941147		-4.519		LOC118264480	uncharacterized LOC118264480	50672	1839884	1941066	
NC_064237.1_2013423	NC_064237.1	2013423		-4.657		LOC118264871	large subunit ribosomal RNA	13824	2025288	2029207	
NC_064237.1_2071542	NC_064237.1	2071542		-4.552		LOC118264769	sulfotransferase 1E1	5842	2059234	2072165	解毒/代谢
NC_064237.1_2129223	NC_064237.1	2129223		-4.359		LOC126912473	uncharacterized LOC126912473	11871	2140535	2141653	
NC_064237.1_2136326	NC_064237.1	2136326		-4.46		LOC126912473	uncharacterized LOC126912473	4768	2140535	2141653	
NC_064237.1_2151765	NC_064237.1	2151765		-4.163		LOC118264131	protein tweety-like	1397	2112235	2188501	
NC_064237.1_2203690	NC_064237.1	2203690		-4.319		LOC118264807	cryptochrome-1	4748	2197520	2219356	滞育/光周期
NC_064237.1_2203696	NC_064237.1	2203696		-4.081		LOC118264807	cryptochrome-1	4742	2197520	2219356	滞育/光周期
NC_064237.1_2205669	NC_064237.1	2205669		-4.169		LOC118264807	cryptochrome-1	2769	2197520	2219356	滞育/光周期
NC_064237.1_2213561	NC_064237.1	2213561		4.057		LOC118264807	cryptochrome-1	5123	2197520	2219356	滞育/光周期
NC_064237.1_2225078	NC_064237.1	2225078		-4.958		LOC118264800	uncharacterized LOC118264800	2666	2223928	2231560	
NC_064237.1_2253025	NC_064237.1	2253025		4.742		LOC118264804	BAG domain-containing protein Samui	4034	2245513	2268605	
NC_064237.1_2343945	NC_064237.1	2343945		-4.655		LOC118264803	uncharacterized LOC118264803	13375	2327964	2333175	
NC_064237.1_2366041	NC_064237.1	2366041		-4.237		LOC118264093	axin	2077	2333343	2394584	
NC_064237.1_2375624	NC_064237.1	2375624		-4.191		LOC118264093	axin	11660	2333343	2394584	
NC_064237.1_2390515	NC_064237.1	2390515		-4.194		LOC118264093	axin	26551	2333343	2394584	
NC_064237.1_2396847	NC_064237.1	2396847		-4.01		LOC118263995	TATA-binding protein-associated factor 172	30204	2395747	2458355	
NC_064237.1_2413667	NC_064237.1	2413667		-4.325		LOC118263995	TATA-binding protein-associated factor 172	13384	2395747	2458355	
NC_064237.1_2422629	NC_064237.1	2422629		-4.02		LOC118263995	TATA-binding protein-associated factor 172	4422	2395747	2458355	
NC_064237.1_2431888	NC_064237.1	2431888		-4.034		LOC118263995	TATA-binding protein-associated factor 172	4837	2395747	2458355	
NC_064237.1_2487252	NC_064237.1	2487252		-4.272		LOC118264654	uncharacterized LOC118264654	3339	2485749	2495434	
NC_064237.1_2489240	NC_064237.1	2489240		4.338		LOC118264654	uncharacterized LOC118264654	1351	2485749	2495434	
NC_064237.1_2501055	NC_064237.1	2501055		-4.101		LOC118264654	uncharacterized LOC118264654	10463	2485749	2495434	
NC_064237.1_2506335	NC_064237.1	2506335		4.417		LOC118264654	uncharacterized LOC118264654	15743	2485749	2495434	
NC_064237.1_2546304	NC_064237.1	2546304		-4.137		LOC118264859	unconventional myosin-XV	3475	2507294	2592265	
NC_064237.1_2549864	NC_064237.1	2549864		-4.132		LOC118264859	unconventional myosin-XV	84	2507294	2592265	
NC_064237.1_2554805	NC_064237.1	2554805		-4.096		LOC126912490	uncharacterized LOC126912490	1216	2553131	2554047	
NC_064237.1_2554839	NC_064237.1	2554839		-5.039		LOC126912490	uncharacterized LOC126912490	1250	2553131	2554047	
NC_064237.1_2556451	NC_064237.1	2556451		-4.089		LOC126912490	uncharacterized LOC126912490	2862	2553131	2554047	
NC_064237.1_2589468	NC_064237.1	2589468		-4.08		LOC118264115	protein BUD31 homolog	4734	2593645	2594760	
NC_064237.1_2589470	NC_064237.1	2589470		-4.071		LOC118264115	protein BUD31 homolog	4732	2593645	2594760	
NC_064237.1_2596417	NC_064237.1	2596417		-4.633		LOC118264114	innexin inx2	238	2594882	2597475	
NC_064237.1_2600128	NC_064237.1	2600128		4.579		LOC118264114	innexin inx2	3949	2594882	2597475	
NC_064237.1_2640669	NC_064237.1	2640669		-4.546		LOC118264731	uncharacterized LOC118264731	4239	2622451	2667366	
NC_064237.1_2657510	NC_064237.1	2657510		4.067		LOC118264731	uncharacterized LOC118264731	12601	2622451	2667366	
NC_064237.1_2672982	NC_064237.1	2672982		-4.426		LOC118264597	protein transport protein SEC24-like	6819	2667522	2692081	
NC_064237.1_2826620	NC_064237.1	2826620		-4.056		LOC118264824	uncharacterized LOC118264824	5352	2805489	2837047	
NC_064237.1_2854124	NC_064237.1	2854124		-4.33		LOC118264668	hydroxysteroid dehydrogenase-like protein 2	9472	2839532	2849772	
NC_064237.1_2946140	NC_064237.1	2946140		4.061		LOC118263955	uncharacterized LOC118263955	49283	2851118	3139728	
NC_064237.1_3111094	NC_064237.1	3111094		4.141		LOC118263736	uncharacterized LOC118263736	1284	3104710	3114910	
NC_064237.1_3129687	NC_064237.1	3129687		4.352		LOC118264488	eukaryotic translation initiation factor 3 subunit B	19581	3146331	3152205	
NC_064237.1_3202396	NC_064237.1	3202396		4.748		LOC118264031	dihydropyrimidine dehydrogenase [NADP(+)]	7463	3187269	3202596	
NC_064237.1_3645523	NC_064237.1	3645523		4.571		LOC118264025	E3 ubiquitin-protein ligase CHIP	3482	3643757	3654254	
NC_064237.1_3658873	NC_064237.1	3658873		-4.519		LOC118264025	E3 ubiquitin-protein ligase CHIP	9867	3643757	3654254	
NC_064237.1_3759681	NC_064237.1	3759681		4.084		LOC118264180	protein CLEC16A homolog	1677	3751887	3770830	
NC_064237.1_3835128	NC_064237.1	3835128		4.225		LOC118264151	uncharacterized LOC118264151	19926	3772603	3857800	
NC_064237.1_3929083	NC_064237.1	3929083		-4.313		LOC118264571	alpha-(1,3)-fucosyltransferase C-like	1380	3926254	3934673	解毒/代谢
NC_064237.1_3936005	NC_064237.1	3936005		-4.035		LOC118264571	alpha-(1,3)-fucosyltransferase C-like	5541	3926254	3934673	解毒/代谢
NC_064237.1_3941652	NC_064237.1	3941652		4.136		LOC118264447	alpha-(1,3)-fucosyltransferase C	3245	3941766	3948029	解毒/代谢
NC_064237.1_3953473	NC_064237.1	3953473		4.117		LOC118269869	uncharacterized LOC118269869	4305	3956528	3959029	
NC_064237.1_3964967	NC_064237.1	3964967		5.079		LOC118264702	uncharacterized LOC118264702	5993	3967605	3974316	
NC_064237.1_4045840	NC_064237.1	4045840		4.445		LOC118264018	voltage-dependent T-type calcium channel subunit alpha-1G	36391	4019371	4145091	离子/渗透
NC_064237.1_4155987	NC_064237.1	4155987		4.487		LOC118264018	voltage-dependent T-type calcium channel subunit alpha-1G	73756	4019371	4145091	离子/渗透
NC_064237.1_4172172	NC_064237.1	4172172		4.62		(基因间区)		-1			
NC_064237.1_4823291	NC_064237.1	4823291		-4.058		LOC118264075	spermatogenesis-associated protein 20	162	4820104	4826803	
NC_064237.1_4889944	NC_064237.1	4889944		4.662		LOC118264078	cytohesin-1	33829	4834650	4877579	
NC_064237.1_4915952	NC_064237.1	4915952		4.115		LOC118264306	protein yellow	3834	4918664	4920909	
NC_064237.1_4962282	NC_064237.1	4962282		-4.218		LOC118264615	G protein-activated inward rectifier potassium channel 3	1290	4936006	4985978	离子/渗透
NC_064237.1_4964435	NC_064237.1	4964435		4.982		LOC118264615	G protein-activated inward rectifier potassium channel 3	3443	4936006	4985978	离子/渗透
NC_064237.1_4997984	NC_064237.1	4997984		-4.023		LOC118264616	G protein-activated inward rectifier potassium channel 3	3861	4986333	5017357	离子/渗透
NC_064237.1_5318565	NC_064237.1	5318565		-4.032		LOC126912538	uncharacterized LOC126912538	12813	5224438	5438319	
NC_064237.1_5748003	NC_064237.1	5748003		4.334		LOC118264423	cathepsin B-like	403	5747008	5748191	
NC_064237.1_5762840	NC_064237.1	5762840		4.179		LOC126912533	uncharacterized LOC126912533	7220	5754646	5756593	
NC_064237.1_5882074	NC_064237.1	5882074		-4.391		LOC118264103	muscle M-line assembly protein unc-89	22779	5766021	5952568	
NC_064237.1_5949772	NC_064237.1	5949772		4.155		LOC118264103	muscle M-line assembly protein unc-89	90477	5766021	5952568	
NC_064237.1_6137593	NC_064237.1	6137593		-4.2		LOC118264584	uncharacterized LOC118264584	19420	6155877	6158149	
NC_064237.1_6283909	NC_064237.1	6283909		4.758		LOC118264376	polyglutamylase complex subunit TTLL1-like	1309	6281082	6284118	
NC_064237.1_6283924	NC_064237.1	6283924		4.118		LOC118264376	polyglutamylase complex subunit TTLL1-like	1324	6281082	6284118	
NC_064237.1_6283933	NC_064237.1	6283933		4.041		LOC118264376	polyglutamylase complex subunit TTLL1-like	1333	6281082	6284118	
NC_064237.1_6525108	NC_064237.1	6525108		-4.471		LOC118264189	4-galactosyl-N-acetylglucosaminide 3-alpha-L-fucosyltransferase 9	19434	6540339	6548745	解毒/代谢
NC_064237.1_6550774	NC_064237.1	6550774		4.433		LOC126912534	uncharacterized LOC126912534	3799	6553964	6555182	
NC_064237.1_7105975	NC_064237.1	7105975		4.474		LOC118264149	phospholipid-transporting ATPase ABCA1	4259	7098566	7121903	
NC_064237.1_7111750	NC_064237.1	7111750		-4.15		LOC118264149	phospholipid-transporting ATPase ABCA1	1515	7098566	7121903	
NC_064237.1_7288301	NC_064237.1	7288301		4.039		LOC118264591	uncharacterized LOC118264591	52	7285067	7291639	
NC_064237.1_7764716	NC_064237.1	7764716		4.372		LOC118264685	uncharacterized LOC118264685	3291	7759284	7763565	
NC_064237.1_7958492	NC_064237.1	7958492		-4.209		LOC118264096	uncharacterized LOC118264096	659	7954387	7961278	
NC_064237.1_7967584	NC_064237.1	7967584		4.459		LOC118264095	inositol polyphosphate 5-phosphatase E	1266	7960771	7971865	
NC_064237.1_8050947	NC_064237.1	8050947		-4.136		LOC118264638	RAD50-interacting protein 1	1759	8043617	8054759	
NC_064237.1_8111526	NC_064237.1	8111526		-4.017		(基因间区)		-1			
NC_064237.1_8358369	NC_064237.1	8358369		-4.238		LOC118264168	voltage-dependent calcium channel gamma-4 subunit	13431	8295797	8394079	离子/渗透
NC_064237.1_8763749	NC_064237.1	8763749		-4.488		LOC126912511	inactive rhomboid protein 1	36365	8704889	8895339	
NC_064237.1_9021548	NC_064237.1	9021548		-4.417		LOC126912510	ubiquitin carboxyl-terminal hydrolase 7-like	144	9013153	9029655	
NC_064237.1_9132933	NC_064237.1	9132933		4.125		LOC118264669	uncharacterized LOC118264669	17958	9148540	9153243	
NC_064237.1_9344752	NC_064237.1	9344752		4.129		LOC118264195	meteorin-like protein	14283	9342419	9375652	
NC_064237.1_9424485	NC_064237.1	9424485		4.647		LOC118264241	tyrosine--tRNA ligase, mitochondrial	2082	9424030	9429105	
NC_064237.1_9647546	NC_064237.1	9647546		4.012		LOC118264757	facilitated trehalose transporter Tret1-like	10411	9654811	9661103	离子/渗透
NC_064237.1_9677788	NC_064237.1	9677788		4.353		LOC118264330	facilitated trehalose transporter Tret1-like	7715	9663538	9676608	离子/渗透
NC_064237.1_9725573	NC_064237.1	9725573		-4.307		LOC118264759	E3 ubiquitin-protein ligase SIAH1	622	9719777	9730125	
NC_064237.1_9786683	NC_064237.1	9786683		-4.516		(基因间区)		-1			
NC_064237.1_9858684	NC_064237.1	9858684		4.056		LOC118264752	protein eva-1	17280	9815553	9867255	
NC_064237.1_10195320	NC_064237.1	10195320		-4.249		Trnav-cac	transfer RNA valine (anticodon CAC)	150	10195134	10195206	
NC_064237.1_10272947	NC_064237.1	10272947		4.24		LOC118264815	ecdysone oxidase	10993	10260252	10263655	滞育/光周期
NC_064237.1_10318749	NC_064237.1	10318749		4.398		(基因间区)		-1			
NC_064237.1_10415561	NC_064237.1	10415561		-4.138		LOC118264200	cytoglobin	18093	10411746	10455562	
NC_064237.1_10416996	NC_064237.1	10416996		-4.282		LOC118264200	cytoglobin	16658	10411746	10455562	
NC_064237.1_10417042	NC_064237.1	10417042		-4.874		LOC118264200	cytoglobin	16612	10411746	10455562	
NC_064237.1_10419260	NC_064237.1	10419260		-5.181		LOC118264200	cytoglobin	14394	10411746	10455562	
NC_064237.1_10428196	NC_064237.1	10428196		4.435		LOC118264200	cytoglobin	5458	10411746	10455562	
NC_064237.1_10516756	NC_064237.1	10516756		4.339		LOC118264482	TBC1 domain family member 16	6474	10511047	10535414	
NC_064237.1_10529099	NC_064237.1	10529099		-4.587		LOC118264482	TBC1 domain family member 16	5868	10511047	10535414	
NC_064237.1_10540878	NC_064237.1	10540878		-4.04		LOC118264652	zinc-type alcohol dehydrogenase-like protein SE_1777	211	10540325	10541853	
NC_064237.1_10799343	NC_064237.1	10799343		-4.173		LOC118264316	uncharacterized LOC118264316	4134	10802042	10804913	
NC_064237.1_10989931	NC_064237.1	10989931		-4.279		LOC118264038	klaroid protein	7492	10964447	11000431	
NC_064237.1_11045166	NC_064237.1	11045166		-4.124		LOC118264721	uncharacterized LOC118264721	3524	11041243	11042040	
NC_064237.1_11148250	NC_064237.1	11148250		-4.042		LOC118264483	intraflagellar transport protein 56	3147	11141723	11148482	
NC_064237.1_11148251	NC_064237.1	11148251		-5.189		LOC118264483	intraflagellar transport protein 56	3148	11141723	11148482	
NC_064237.1_11210655	NC_064237.1	11210655		4.42		LOC118264649	uncharacterized LOC118264649	13859	11223914	11225114	
NC_064237.1_11210761	NC_064237.1	11210761		-4.765		LOC118264649	uncharacterized LOC118264649	13753	11223914	11225114	
NC_064237.1_11353749	NC_064237.1	11353749		4.251		LOC126912545	NADH-ubiquinone oxidoreductase 75 kDa subunit, mitochondrial-like	15373	11367954	11370291	
NC_064237.1_11356225	NC_064237.1	11356225		-4.623		LOC126912545	NADH-ubiquinone oxidoreductase 75 kDa subunit, mitochondrial-like	12897	11367954	11370291	
NC_064237.1_11358218	NC_064237.1	11358218		-4.147		LOC126912545	NADH-ubiquinone oxidoreductase 75 kDa subunit, mitochondrial-like	10904	11367954	11370291	
NC_064237.1_11380206	NC_064237.1	11380206		-4.124		LOC118281762	protein shuttle craft	1009	11375544	11386887	
NC_064237.1_11578769	NC_064237.1	11578769		4.298		LOC118281772	dynein axonemal assembly factor 5	4518	11569957	11578545	
NC_064237.1_11926686	NC_064237.1	11926686		-4.525		LOC126912494	probable enoyl-CoA hydratase, mitochondrial	417	11924373	11929834	
NC_064237.1_11939655	NC_064237.1	11939655		4.095		LOC118264207	uncharacterized LOC118264207	155	11910403	11968597	
NC_064237.1_11944900	NC_064237.1	11944900		4.033		LOC118264153	glutaminyl-peptide cyclotransferase	2206	11940151	11954061	解毒/代谢
NC_064237.1_11968414	NC_064237.1	11968414		4.746		LOC118264133	sorting nexin-8	460	11963173	11972735	
NC_064237.1_12042742	NC_064237.1	12042742		4.153		LOC118264380	uncharacterized protein CG5098	3429	12041386	12050957	
NC_064237.1_12047438	NC_064237.1	12047438		-4.428		LOC118264380	uncharacterized protein CG5098	1266	12041386	12050957	
NC_064237.1_12047441	NC_064237.1	12047441		-4.307		LOC118264380	uncharacterized protein CG5098	1269	12041386	12050957	
NC_064237.1_12306871	NC_064237.1	12306871		-4.209		LOC118264490	guanylate cyclase 32E	40118	12200153	12333352	
NC_064237.1_12338863	NC_064237.1	12338863		4.331		LOC118264569	uncharacterized LOC118264569	2396	12340565	12341953	
NC_064237.1_12374111	NC_064237.1	12374111		4.011		LOC118264530	uncharacterized LOC118264530	3734	12366992	12373761	
NC_064237.1_12376370	NC_064237.1	12376370		-4.241		LOC118264530	uncharacterized LOC118264530	5993	12366992	12373761	
NC_064237.1_12503728	NC_064237.1	12503728		-4.604		LOC118264513	uncharacterized LOC118264513	36737	12388018	12545963	
NC_064237.1_13044124	NC_064237.1	13044124		4.372		LOC118264677	myosin heavy chain, non-muscle	7791	12999047	13073618	
NC_064237.1_13342325	NC_064237.1	13342325		-4.208		LOC118264369	ecdysone oxidase-like	1825	13339351	13341649	滞育/光周期
NC_064237.1_13348949	NC_064237.1	13348949		4.077		LOC118264585	ecdysone oxidase-like	1505	13346026	13348861	滞育/光周期
NC_064237.1_13380179	NC_064237.1	13380179		4.103		LOC118268548	uncharacterized LOC118268548	15689	13393260	13398476	
NC_064237.1_13385975	NC_064237.1	13385975		-4.102		LOC118268548	uncharacterized LOC118268548	9893	13393260	13398476	
NC_064237.1_13462863	NC_064237.1	13462863		-5.033		LOC118264343	allatostatin-A receptor	6744	13372944	13539293	
NC_064237.1_13482181	NC_064237.1	13482181		4.008		LOC118264343	allatostatin-A receptor	26062	13372944	13539293	
NC_064237.1_13599125	NC_064237.1	13599125		4.231		LOC118264636	cilia- and flagella-associated protein 251	3879	13590348	13600144	
NC_064237.1_13612080	NC_064237.1	13612080		-4.533		LOC118264375	macrophage mannose receptor 1	2013	13612129	13616057	
NC_064237.1_13619010	NC_064237.1	13619010		4.21		LOC118264572	uncharacterized LOC118264572	2188	13617585	13624811	
NC_064237.1_13619015	NC_064237.1	13619015		4.457		LOC118264572	uncharacterized LOC118264572	2183	13617585	13624811	
NC_064237.1_13620372	NC_064237.1	13620372		-4.067		LOC118264572	uncharacterized LOC118264572	826	13617585	13624811	
NC_064237.1_13669307	NC_064237.1	13669307		-4.065		LOC118263954	epsin-2	5767	13648655	13678424	
NC_064237.1_13776514	NC_064237.1	13776514		-4.044		LOC118264514	uncharacterized LOC118264514	8358	13743658	13792654	
NC_064237.1_13785807	NC_064237.1	13785807		-4.213		LOC118264434	ecdysone oxidase	14682	13797038	13803941	滞育/光周期
NC_064237.1_13800309	NC_064237.1	13800309		-4.167		LOC118264434	ecdysone oxidase	180	13797038	13803941	滞育/光周期
NC_064238.1_26969	NC_064238.1	26969		-4.193		LOC126912568	programmed cell death protein 6	2682	26992	32311	
NC_064238.1_331762	NC_064238.1	331762		-4.22		LOC118263385	cholinephosphotransferase 1	8304	315397	331519	解毒/代谢
NC_064238.1_349525	NC_064238.1	349525		-4.126		LOC126912598	uncharacterized LOC126912598	964	318794	378327	
NC_064238.1_366312	NC_064238.1	366312		-4.227		LOC118263386	probable phospholipid-transporting ATPase IA	6124	331555	413317	
NC_064238.1_375297	NC_064238.1	375297		4.197		LOC118263386	probable phospholipid-transporting ATPase IA	2861	331555	413317	
NC_064238.1_395905	NC_064238.1	395905		-4.265		LOC118263386	probable phospholipid-transporting ATPase IA	23469	331555	413317	
NC_064238.1_452846	NC_064238.1	452846		-4.05		LOC118263361	phosphatidylcholine:ceramide cholinephosphotransferase 2	2664	416026	494994	解毒/代谢
NC_064238.1_510814	NC_064238.1	510814		-4.392		LOC118263359	caseinolytic peptidase B protein homolog	6664	502334	505966	
NC_064238.1_512790	NC_064238.1	512790		-4.068		LOC118263510	transient receptor potential-gamma protein	5823	506352	530874	
NC_064238.1_533983	NC_064238.1	533983		-4.46		LOC118263519	uncharacterized LOC118263519	6977	539169	542751	
NC_064238.1_631713	NC_064238.1	631713		4.228		LOC118263518	MOB kinase activator-like 2	11684	598619	641439	
NC_064238.1_819828	NC_064238.1	819828		-4.041		(基因间区)		-1			
NC_064238.1_843367	NC_064238.1	843367		4.168		(基因间区)		-1			
NC_064238.1_874633	NC_064238.1	874633		4.545		(基因间区)		-1			
NC_064238.1_951409	NC_064238.1	951409		4.574		LOC118263796	synaptogenesis protein syg-2	94733	957567	1134717	
NC_064238.1_1414681	NC_064238.1	1414681		-4.505		LOC118282043	nephrin	105312	1393328	1646658	
NC_064238.1_1802701	NC_064238.1	1802701		-4.294		LOC118263735	uncharacterized LOC118263735	26801	1796621	1862383	
NC_064238.1_1939685	NC_064238.1	1939685		-4.074		(基因间区)		-1			
NC_064238.1_2288416	NC_064238.1	2288416		-5.094		LOC118263395	growth arrest and DNA damage-inducible proteins-interacting protein 1	3216	2290786	2292478	
NC_064238.1_2474052	NC_064238.1	2474052		4.353		LOC118263566	teneurin-m-like	121761	2379746	2811881	
NC_064238.1_2480021	NC_064238.1	2480021		4.087		LOC118263566	teneurin-m-like	115792	2379746	2811881	
NC_064238.1_2593293	NC_064238.1	2593293		4.128		LOC118263566	teneurin-m-like	2520	2379746	2811881	
NC_064238.1_2684615	NC_064238.1	2684615		4.019		LOC118263566	teneurin-m-like	88801	2379746	2811881	
NC_064238.1_2809058	NC_064238.1	2809058		-4.151		LOC118263566	teneurin-m-like	213244	2379746	2811881	
NC_064238.1_2936814	NC_064238.1	2936814		4.198		LOC126912586	antichymotrypsin-2-like	2446	2937168	2941353	
NC_064238.1_2949418	NC_064238.1	2949418		4.011		LOC126912586	antichymotrypsin-2-like	10157	2937168	2941353	
NC_064238.1_3179732	NC_064238.1	3179732		4.034		LOC118263886	CD151 antigen	2789	3095644	3258242	
NC_064238.1_3179733	NC_064238.1	3179733		4.38		LOC118263886	CD151 antigen	2790	3095644	3258242	
NC_064238.1_3226217	NC_064238.1	3226217		4.028		LOC118263886	CD151 antigen	49274	3095644	3258242	
NC_064238.1_3294882	NC_064238.1	3294882		-4.514		LOC118263483	putative cyclin-dependent serine/threonine-protein kinase DDB_G0272797/DDB_G0274007	10966	3304205	3307492	
NC_064238.1_3294892	NC_064238.1	3294892		4.114		LOC118263483	putative cyclin-dependent serine/threonine-protein kinase DDB_G0272797/DDB_G0274007	10956	3304205	3307492	
NC_064238.1_3367483	NC_064238.1	3367483		4.067		LOC118263557	tetratricopeptide repeat protein 17	6968	3367910	3380993	
NC_064238.1_4011037	NC_064238.1	4011037		4.328		LOC118263553	trypsin Blo t 3	1608	4007608	4011250	
NC_064238.1_4013973	NC_064238.1	4013973		-4.363		LOC118263553	trypsin Blo t 3	4544	4007608	4011250	
NC_064238.1_4039946	NC_064238.1	4039946		4.183		LOC126912578	uncharacterized LOC126912578	16268	4020359	4026996	
NC_064238.1_4203055	NC_064238.1	4203055		-4.218		LOC118263324	uncharacterized LOC118263324	3975	4202033	4212028	
NC_064238.1_4277710	NC_064238.1	4277710		-4.125		LOC118263602	liprin-beta-1	4508	4263423	4282980	
NC_064238.1_4717711	NC_064238.1	4717711		-4.423		LOC118263672	achaete-scute complex protein T3-like	18086	4699148	4700101	
NC_064238.1_4731172	NC_064238.1	4731172		-4.149		LOC118263530	uncharacterized LOC118263530	7896	4738035	4740101	
NC_064238.1_4731173	NC_064238.1	4731173		-4.456		LOC118263530	uncharacterized LOC118263530	7895	4738035	4740101	
NC_064238.1_4762779	NC_064238.1	4762779		4.117		LOC118263859	proton-coupled amino acid transporter-like protein pathetic	4907	4752242	4763502	
NC_064238.1_4787416	NC_064238.1	4787416		-4.01		LOC118263390	proton-coupled amino acid transporter-like protein pathetic	140	4780019	4795093	
NC_064238.1_4790680	NC_064238.1	4790680		-5.522		LOC118263390	proton-coupled amino acid transporter-like protein pathetic	3124	4780019	4795093	
NC_064238.1_4842496	NC_064238.1	4842496		-4.319		LOC118263621	uncharacterized LOC118263621	4525	4845625	4848417	
NC_064238.1_4849855	NC_064238.1	4849855		4.003		LOC118263935	uncharacterized LOC118263935	417	4848600	4850275	
NC_064238.1_5012738	NC_064238.1	5012738		-4.449		(基因间区)		-1			
NC_064238.1_5128048	NC_064238.1	5128048		4.101		LOC118263447	transcriptional regulator ovo	4801	5122942	5142756	
NC_064238.1_5386645	NC_064238.1	5386645		-4.135		LOC118263633	TIP41-like protein	3673	5388551	5392086	
NC_064238.1_5498435	NC_064238.1	5498435		-4.033		LOC118282056	ets DNA-binding protein pokkuri	2886	5499039	5503603	
NC_064238.1_5505482	NC_064238.1	5505482		-4.109		LOC118282057	single-stranded DNA-binding protein, mitochondrial	196	5504870	5506486	
NC_064238.1_5678325	NC_064238.1	5678325		-4.235		LOC126912605	uncharacterized LOC126912605	8602	5669286	5670160	
NC_064238.1_5688914	NC_064238.1	5688914		-4.131		LOC126912605	uncharacterized LOC126912605	19191	5669286	5670160	
NC_064238.1_5812116	NC_064238.1	5812116		4.138		LOC118263420	homeobox protein CDX-1	8544	5795255	5811889	
NC_064238.1_5839795	NC_064238.1	5839795		-4.021		LOC118263427	2-oxo-4-hydroxy-4-carboxy-5-ureidoimidazoline decarboxylase-like	211	5838662	5840505	
NC_064238.1_5916937	NC_064238.1	5916937		-4.275		LOC118263406	vascular endothelial growth factor receptor 1	8934	5884839	5931167	
NC_064238.1_5953614	NC_064238.1	5953614		4.001		LOC118263698	uncharacterized LOC118263698	16893	5935473	5937969	
NC_064238.1_5974661	NC_064238.1	5974661		-4.353		(基因间区)		-1			
NC_064238.1_5974667	NC_064238.1	5974667		-4.489		(基因间区)		-1			
NC_064238.1_6175234	NC_064238.1	6175234		-4.286		LOC118263928	teneurin-a	106985	6116778	6447661	
NC_064238.1_6231309	NC_064238.1	6231309		4.011		LOC118263928	teneurin-a	50910	6116778	6447661	
NC_064238.1_6316120	NC_064238.1	6316120		-4.891		LOC126912589	uncharacterized LOC126912589	2085	6313593	6314477	
NC_064238.1_6316129	NC_064238.1	6316129		-4.78		LOC126912589	uncharacterized LOC126912589	2094	6313593	6314477	
NC_064238.1_6521530	NC_064238.1	6521530		4.983		LOC118263261	uncharacterized LOC118263261	4565	6504970	6528959	
NC_064238.1_6527291	NC_064238.1	6527291		-4.357		LOC118263260	uncharacterized LOC118263260	5220	6528491	6536531	
NC_064238.1_6741484	NC_064238.1	6741484		-4.034		LOC126912623	uncharacterized LOC126912623	9034	6732048	6732851	
NC_064238.1_6863063	NC_064238.1	6863063		-4.144		LOC126912570	uncharacterized LOC126912570	13254	6846592	6853025	
NC_064238.1_6872606	NC_064238.1	6872606		-4.214		LOC126912570	uncharacterized LOC126912570	22797	6846592	6853025	
NC_064238.1_6882098	NC_064238.1	6882098		-4.244		LOC118263338	LIM domain only protein 3-like	39550	6819976	6865119	
NC_064238.1_6892967	NC_064238.1	6892967		-4.3		LOC118263685	ankyrin repeat, SAM and basic leucine zipper domain-containing protein 1	12432	6902326	6908473	滞育/光周期
NC_064238.1_7042615	NC_064238.1	7042615		4.09		LOC118263568	uncharacterized LOC118263568	771	7040558	7043129	
NC_064238.1_7078388	NC_064238.1	7078388		4.424		LOC118263356	semaphorin-2A-like	10519	7058881	7118933	
NC_064238.1_7333856	NC_064238.1	7333856		4.102		LOC118263611	basic salivary proline-rich protein 3	12548	7317154	7325461	
NC_064238.1_7336442	NC_064238.1	7336442		4.32		LOC118263611	basic salivary proline-rich protein 3	15134	7317154	7325461	
NC_064238.1_7697006	NC_064238.1	7697006		-4.27		LOC118263626	uncharacterized LOC118263626	6162	7689749	7691938	
NC_064238.1_7818406	NC_064238.1	7818406		-4.033		LOC118263792	delta-sarcoglycan	2796	7816363	7826042	
NC_064238.1_7953344	NC_064238.1	7953344		-4.388		LOC118263823	proton channel OtopLc	18829	7924524	7944506	
NC_064238.1_8029866	NC_064238.1	8029866		4.023		LOC118263681	S-phase kinase-associated protein 1	814	8028521	8029583	
NC_064238.1_8158394	NC_064238.1	8158394		-4.55		LOC118263278	cysteine--tRNA ligase, cytoplasmic	2227	8156239	8165004	
NC_064238.1_8159444	NC_064238.1	8159444		-4.019		LOC118263278	cysteine--tRNA ligase, cytoplasmic	1177	8156239	8165004	
NC_064238.1_8258690	NC_064238.1	8258690		-4.018		LOC118263921	tetraspanin-1	4130	8253060	8256059	
NC_064238.1_8552852	NC_064238.1	8552852		-4.259		LOC118263650	gamma-aminobutyric acid receptor subunit beta-like	6893	8541606	8550312	
NC_064238.1_8723133	NC_064238.1	8723133		-5.5		LOC118263306	proton channel OtopLc	3954	8685498	8752859	
NC_064238.1_9337197	NC_064238.1	9337197		-4.216		LOC118263372	retinal rod rhodopsin-sensitive cGMP 3',5'-cyclic phosphodiesterase subunit delta	7801	9342684	9347312	解毒/代谢
NC_064238.1_9361062	NC_064238.1	9361062		-4.359		LOC118263247	uncharacterized LOC118263247	7771	9358627	9379040	
NC_064238.1_9377221	NC_064238.1	9377221		-4.8		LOC118263249	uncharacterized LOC118263249	4504	9371221	9374213	
NC_064238.1_9429325	NC_064238.1	9429325		4.04		LOC118263616	lipase member H-B-like	8173	9413902	9428402	
NC_064238.1_9473578	NC_064238.1	9473578		-4.22		LOC118263481	juvenile hormone esterase-like	18701	9452548	9457206	滞育/光周期;解毒/代谢
NC_064238.1_9521302	NC_064238.1	9521302		-4.03		LOC118263269	cyclic AMP response element-binding protein A	12843	9470440	9597851	
NC_064238.1_9744814	NC_064238.1	9744814		4.661		LOC118263265	venom dipeptidyl peptidase 4	11153	9725343	9786592	
NC_064238.1_9957056	NC_064238.1	9957056		4.011		LOC126912625	uncharacterized LOC126912625	5326	9951051	9952409	
NC_064238.1_10013627	NC_064238.1	10013627		4.971		LOC118263717	carboxypeptidase Q	9792	10021827	10025012	
NC_064238.1_10013628	NC_064238.1	10013628		4.754		LOC118263717	carboxypeptidase Q	9791	10021827	10025012	
NC_064238.1_10013633	NC_064238.1	10013633		4.969		LOC118263717	carboxypeptidase Q	9786	10021827	10025012	
NC_064238.1_10063561	NC_064238.1	10063561		4.044		LOC118263659	cytochrome P450 CYP12A2	1367	10057515	10066873	氧化应激
NC_064238.1_10086881	NC_064238.1	10086881		-4.221		LOC118263547	cytochrome P450 CYP12A2-like	13789	10067298	10078885	氧化应激
NC_064238.1_10153240	NC_064238.1	10153240		-4.082		LOC118263554	cytochrome P450 4d2	337	10144650	10161156	氧化应激
NC_064238.1_10228390	NC_064238.1	10228390		4.368		LOC118263628	gem-associated protein 5	9271	10213304	10224934	
NC_064238.1_10229631	NC_064238.1	10229631		4.302		LOC118263352	kinesin-related protein 4	9362	10225899	10252088	
NC_064238.1_10237887	NC_064238.1	10237887		-4.061		LOC118263352	kinesin-related protein 4	1106	10225899	10252088	
NC_064238.1_10260359	NC_064238.1	10260359		-4.143		LOC118263837	uncharacterized LOC118263837	608	10260220	10261714	
NC_064238.1_10316881	NC_064238.1	10316881		4.545		LOC118263493	uncharacterized 30.3 kDa protein	290	10315911	10317270	
NC_064238.1_10333379	NC_064238.1	10333379		4.012		LOC118263504	gallerimycin-like	13751	10319098	10320157	
NC_064238.1_10337290	NC_064238.1	10337290		4.836		LOC118263504	gallerimycin-like	17662	10319098	10320157	
NC_064238.1_10413893	NC_064238.1	10413893		4.038		(基因间区)		-1			
NC_064238.1_10782275	NC_064238.1	10782275		-4.668		(基因间区)		-1			
NC_064238.1_11148962	NC_064238.1	11148962		4.375		LOC118263824	TNF receptor-associated factor 6	4832	11151092	11156497	
NC_064238.1_11170171	NC_064238.1	11170171		4.477		LOC118263722	titin-like	5914	11163690	11188480	
NC_064238.1_11208742	NC_064238.1	11208742		4.568		LOC118263469	membrane-associated progesterone receptor component 2	3446	11203693	11220684	
NC_064238.1_11253950	NC_064238.1	11253950		-4.124		LOC118263723	WD repeat-containing protein 19	345	11247649	11260941	
NC_064238.1_11364203	NC_064238.1	11364203		4.073		LOC118263233	SH3 and multiple ankyrin repeat domains protein 2	14228	11261212	11495651	
NC_064238.1_11404662	NC_064238.1	11404662		4.421		LOC118263233	SH3 and multiple ankyrin repeat domains protein 2	26230	11261212	11495651	
NC_064238.1_11514325	NC_064238.1	11514325		4.226		LOC126912579	uncharacterized LOC126912579	7796	11519722	11524521	
NC_064238.1_11605009	NC_064238.1	11605009		-4.032		LOC118263739	uncharacterized LOC118263739	1008	11538917	11673118	
NC_064238.1_11901160	NC_064238.1	11901160		4.611		LOC118263273	DNA-binding protein D-ETS-4	13328	11866688	11908976	
NC_064238.1_11901170	NC_064238.1	11901170		4.6		LOC118263273	DNA-binding protein D-ETS-4	13338	11866688	11908976	
NC_064238.1_12080425	NC_064238.1	12080425		-4.15		LOC126912612	uncharacterized LOC126912612	11601	12090655	12093397	
NC_064238.1_12122121	NC_064238.1	12122121		-4.187		LOC126912632	uncharacterized LOC126912632	2213	12123426	12125242	
NC_064238.1_12163097	NC_064238.1	12163097		-4.26		LOC126912610	uncharacterized LOC126912610	1600	12159858	12163135	
NC_064238.1_12280882	NC_064238.1	12280882		-4.951		LOC118263756	elongation of very long chain fatty acids protein 4	40237	12298551	12343687	
NC_064238.1_12282688	NC_064238.1	12282688		4.98		LOC118263756	elongation of very long chain fatty acids protein 4	38431	12298551	12343687	
NC_064238.1_12465838	NC_064238.1	12465838		-4.147		LOC118263719	proton-coupled amino acid transporter-like protein pathetic	30169	12468002	12524013	
NC_064238.1_12640178	NC_064238.1	12640178		-4.07		LOC118263803	sensory neuron membrane protein 2	6661	12631661	12662017	
NC_064238.1_12746263	NC_064238.1	12746263		4.158		LOC118263733	organic cation transporter protein-like	5563	12736003	12745397	
NC_064238.1_12770659	NC_064238.1	12770659		4.535		LOC118263842	organic cation transporter protein-like	21869	12787217	12797840	
NC_064238.1_13278347	NC_064238.1	13278347		4.314		LOC118263234	troponin T, skeletal muscle	801	13274643	13283653	
NC_064238.1_13290377	NC_064238.1	13290377		-4.251		LOC118263729	helicase POLQ-like	804	13285094	13294052	
NC_064238.1_13470128	NC_064238.1	13470128		-4.419		LOC118263502	protein O-mannosyl-transferase TMTC1-like	5140	13389234	13540741	解毒/代谢
NC_064238.1_13669155	NC_064238.1	13669155		-4.366		(基因间区)		-1			
NC_064238.1_13718671	NC_064238.1	13718671		4.409		(基因间区)		-1			
NC_064238.1_13732285	NC_064238.1	13732285		4.205		(基因间区)		-1			
NC_064238.1_13797638	NC_064238.1	13797638		-4.031		LOC118263893	collagenase-like	6755	13784330	13797435	
NC_064238.1_13841681	NC_064238.1	13841681		-4.1		(基因间区)		-1			
NC_064238.1_13868195	NC_064238.1	13868195		-4.092		LOC118263745	fat-like cadherin-related tumor suppressor homolog	39266	13876737	13938185	
NC_064238.1_13871792	NC_064238.1	13871792		-4.63		LOC118263745	fat-like cadherin-related tumor suppressor homolog	35669	13876737	13938185	
NC_064239.1_97775	NC_064239.1	97775		-4.48		LOC126912674	serine palmitoyltransferase 2	2537	96125	104500	解毒/代谢
NC_064239.1_133635	NC_064239.1	133635		4.055		LOC126912678	solute carrier family 52, riboflavin transporter, member 3-B	1009	128775	136477	
NC_064239.1_336750	NC_064239.1	336750		-4.311		(基因间区)		-1			
NC_064239.1_512128	NC_064239.1	512128		-4.12		(基因间区)		-1			
NC_064239.1_635937	NC_064239.1	635937		-4.063		LOC118265483	uncharacterized LOC118265483	34458	568588	634369	
NC_064239.1_668854	NC_064239.1	668854		-4.23		(基因间区)		-1			
NC_064239.1_1153083	NC_064239.1	1153083		-4.322		LOC118264903	CUGBP Elav-like family member 3-B	268734	1107620	1736015	
NC_064239.1_1311730	NC_064239.1	1311730		4.767		LOC118264903	CUGBP Elav-like family member 3-B	110087	1107620	1736015	
NC_064239.1_1541051	NC_064239.1	1541051		4.448		LOC118264903	CUGBP Elav-like family member 3-B	119233	1107620	1736015	
NC_064239.1_1603514	NC_064239.1	1603514		4.115		LOC126910588	uncharacterized LOC126910588	4382	1595866	1602397	
NC_064239.1_1616348	NC_064239.1	1616348		-4.024		LOC126910588	uncharacterized LOC126910588	17216	1595866	1602397	
NC_064239.1_1752366	NC_064239.1	1752366		-4.749		LOC118265628	retinoblastoma-binding protein 5 homolog	3411	1746351	1751558	
NC_064239.1_1809530	NC_064239.1	1809530		4.017		LOC118265307	phospholipid-transporting ATPase IF	5368	1795502	1834294	
NC_064239.1_1879383	NC_064239.1	1879383		-4.121		LOC118265118	transmembrane protein 50A	801	1877355	1879809	
NC_064239.1_2005114	NC_064239.1	2005114		4.144		LOC118265226	kinesin-like protein CG14535	95821	1935397	2266474	
NC_064239.1_2131331	NC_064239.1	2131331		4.591		LOC118265226	kinesin-like protein CG14535	30395	1935397	2266474	
NC_064239.1_2447671	NC_064239.1	2447671		4.029		LOC126912644	uncharacterized LOC126912644	7317	2454168	2455808	
NC_064239.1_2453223	NC_064239.1	2453223		-4.18		LOC126912644	uncharacterized LOC126912644	1765	2454168	2455808	
NC_064239.1_2658753	NC_064239.1	2658753		-4.65		LOC118265560	serine/threonine-protein phosphatase 6 regulatory ankyrin repeat subunit A	1169	2639676	2680169	
NC_064239.1_2681580	NC_064239.1	2681580		-4.024		LOC118265532	medium-chain acyl-CoA ligase ACSF2, mitochondrial	8395	2682837	2697114	
NC_064239.1_2682516	NC_064239.1	2682516		-4.184		LOC118265532	medium-chain acyl-CoA ligase ACSF2, mitochondrial	7459	2682837	2697114	
NC_064239.1_2858557	NC_064239.1	2858557		-4.01		LOC118265515	protein dpy-30 homolog	2760	2855209	2856384	
NC_064239.1_2981808	NC_064239.1	2981808		4.125		LOC118265229	ATP-binding cassette sub-family G member 4	13263	2973041	3017101	
NC_064239.1_3023814	NC_064239.1	3023814		4.4		LOC118265130	dnaJ homolog subfamily C member 10	474	3018222	3030355	HSP/热激蛋白
NC_064239.1_3475550	NC_064239.1	3475550		-4.199		LOC118265465	uncharacterized LOC118265465	27518	3491649	3514488	
NC_064239.1_3483247	NC_064239.1	3483247		-4.11		LOC118265465	uncharacterized LOC118265465	19821	3491649	3514488	
NC_064239.1_3503437	NC_064239.1	3503437		-4.054		LOC118265465	uncharacterized LOC118265465	368	3491649	3514488	
NC_064239.1_3606687	NC_064239.1	3606687		-4.214		LOC118264958	uncharacterized LOC118264958	47600	3575461	3733113	
NC_064239.1_3678654	NC_064239.1	3678654		4.703		LOC118264956	facilitated trehalose transporter Tret1-like	1947	3677753	3683450	离子/渗透
NC_064239.1_3998670	NC_064239.1	3998670		4.532		LOC118265283	39S ribosomal protein L4, mitochondrial	6027	4003895	4005499	
NC_064239.1_4067154	NC_064239.1	4067154		-4.189		LOC118265243	pro-resilin	8790	4074358	4077531	
NC_064239.1_4073002	NC_064239.1	4073002		4.202		LOC118265243	pro-resilin	2942	4074358	4077531	
NC_064239.1_4257690	NC_064239.1	4257690		-4.149		LOC126912669	uncharacterized LOC126912669	4647	4252679	4253406	
NC_064239.1_4286846	NC_064239.1	4286846		-4.124		LOC118265106	tyrosine-protein kinase transmembrane receptor Ror	2117	4285822	4292104	
NC_064239.1_4286894	NC_064239.1	4286894		-4.556		LOC118265106	tyrosine-protein kinase transmembrane receptor Ror	2069	4285822	4292104	
NC_064239.1_4286919	NC_064239.1	4286919		-4.773		LOC118265106	tyrosine-protein kinase transmembrane receptor Ror	2044	4285822	4292104	
NC_064239.1_4336172	NC_064239.1	4336172		-4.013		LOC118265531	pro-resilin-like	2453	4337871	4339379	
NC_064239.1_4338569	NC_064239.1	4338569		-4.084		LOC118265531	pro-resilin-like	56	4337871	4339379	
NC_064239.1_4351768	NC_064239.1	4351768		4.434		LOC118265623	mitochondrial basic amino acids transporter	1968	4352962	4354511	
NC_064239.1_4644465	NC_064239.1	4644465		4.093		LOC118265428	multidrug resistance-associated protein 1	1381	4637188	4654504	
NC_064239.1_4809870	NC_064239.1	4809870		4.147		LOC118265616	polyphosphoinositide phosphatase	11335	4818409	4824002	
NC_064239.1_4814255	NC_064239.1	4814255		-4.241		LOC118265616	polyphosphoinositide phosphatase	6950	4818409	4824002	
NC_064239.1_4872630	NC_064239.1	4872630		-4.555		LOC118265458	WD repeat-containing and planar cell polarity effector protein fritz	28592	4834880	4853195	
NC_064239.1_4919018	NC_064239.1	4919018		-4.041		LOC118264924	pyrokinin-1 receptor-like	11668	4878688	4982685	
NC_064239.1_5007644	NC_064239.1	5007644		-4.069		LOC118273805	uncharacterized LOC118273805	16911	4990253	4991212	
NC_064239.1_5063496	NC_064239.1	5063496		-4.34		LOC118264929	acyl-CoA Delta-9 desaturase	2013	5053990	5068975	
NC_064239.1_5076767	NC_064239.1	5076767		4.05		LOC118265114	uncharacterized LOC118265114	4345	5002446	5142398	
NC_064239.1_5188496	NC_064239.1	5188496		4.233		LOC118264926	acyl-CoA Delta-9 desaturase	7504	5162974	5199009	
NC_064239.1_5188503	NC_064239.1	5188503		4.265		LOC118264926	acyl-CoA Delta-9 desaturase	7511	5162974	5199009	
NC_064239.1_5222126	NC_064239.1	5222126		-4.786		LOC118276639	uncharacterized LOC118276639	1557	5219962	5221175	
NC_064239.1_5223084	NC_064239.1	5223084		-4.042		LOC118276639	uncharacterized LOC118276639	2515	5219962	5221175	
NC_064239.1_5276718	NC_064239.1	5276718		-4.43		LOC118264927	acyl-CoA Delta-9 desaturase	17601	5285356	5303282	
NC_064239.1_5598036	NC_064239.1	5598036		4.35		LOC118281581	UDP-N-acetylglucosamine--dolichyl-phosphate N-acetylglucosaminephosphotransferase	1235	5595171	5598430	解毒/代谢
NC_064239.1_5622516	NC_064239.1	5622516		-4.028		LOC118281573	E3 ubiquitin-protein ligase Ufd4	1978	5611745	5629331	
NC_064239.1_6142146	NC_064239.1	6142146		4.566		LOC118265265	pancreatic lipase-related protein 2-like	4432	6131332	6144096	
NC_064239.1_6828024	NC_064239.1	6828024		-4.192		LOC118264950	uncharacterized LOC118264950	943	6824842	6829320	
NC_064239.1_7252340	NC_064239.1	7252340		-4.046		LOC118264938	WD repeat and FYVE domain-containing protein 3	7969	7246006	7274612	
NC_064239.1_7260385	NC_064239.1	7260385		-4.156		LOC118264938	WD repeat and FYVE domain-containing protein 3	76	7246006	7274612	
NC_064239.1_7829706	NC_064239.1	7829706		-4.125		LOC126912670	uncharacterized LOC126912670	1808	7831352	7831676	
NC_064239.1_7850177	NC_064239.1	7850177		-4.166		LOC118282115	protein decapentaplegic	5904	7844354	7867808	
NC_064239.1_8301247	NC_064239.1	8301247		4.174		LOC118265017	ATP-binding cassette sub-family G member 4	15	8291148	8311315	
NC_064239.1_8301249	NC_064239.1	8301249		4.061		LOC118265017	ATP-binding cassette sub-family G member 4	17	8291148	8311315	
NC_064239.1_8404725	NC_064239.1	8404725		4.429		LOC118264916	hemicentin-2	13457	8413667	8422698	
NC_064239.1_8536083	NC_064239.1	8536083		-4.135		LOC126912662	uncharacterized LOC126912662	9389	8543658	8547286	
NC_064239.1_8645429	NC_064239.1	8645429		-4.356		LOC118265097	mucin-2-like	6402	8649694	8653968	
NC_064239.1_8743235	NC_064239.1	8743235		4.151		LOC118265351	inactive pancreatic lipase-related protein 1	8048	8718274	8752100	
NC_064239.1_8775163	NC_064239.1	8775163		4.174		LOC118265430	uncharacterized LOC118265430	5847	8780320	8781701	
NC_064239.1_8951947	NC_064239.1	8951947		4.212		LOC118265094	uncharacterized LOC118265094	1304	8927651	8973635	
NC_064239.1_8958283	NC_064239.1	8958283		-4.59		LOC118265094	uncharacterized LOC118265094	7640	8927651	8973635	
NC_064239.1_8973692	NC_064239.1	8973692		4.184		LOC118265093	ribosome-binding protein 1	17423	8975724	9006506	
NC_064239.1_9109186	NC_064239.1	9109186		-4.15		(基因间区)		-1			
NC_064239.1_9188934	NC_064239.1	9188934		4.44		LOC118265362	phenoloxidase-activating enzyme 1	9938	9171870	9186122	
NC_064239.1_9396205	NC_064239.1	9396205		-4.224		LOC118265171	mitogen-activated protein kinase kinase kinase 15	9033	9388824	9421653	
NC_064239.1_9515388	NC_064239.1	9515388		4.28		LOC118265596	uncharacterized LOC118265596	31152	9465077	9503394	
NC_064239.1_9847819	NC_064239.1	9847819		4.052		LOC118264962	uncharacterized LOC118264962	25646	9781845	9862501	
NC_064239.1_10317570	NC_064239.1	10317570		-4.168		LOC118265308	O-acyltransferase like protein-like	23369	10290649	10297753	解毒/代谢
NC_064239.1_10327763	NC_064239.1	10327763		4.092		LOC118265521	hemicentin-1	32932	10332060	10389331	
NC_064239.1_10388333	NC_064239.1	10388333		4.043		LOC118265521	hemicentin-1	27637	10332060	10389331	
NC_064239.1_10515136	NC_064239.1	10515136		4.029		LOC118265295	kin of IRRE-like protein 3	1906	10442120	10591964	
NC_064239.1_10568582	NC_064239.1	10568582		4.088		LOC118265295	kin of IRRE-like protein 3	51540	10442120	10591964	
NC_064239.1_10680059	NC_064239.1	10680059		-4.075		(基因间区)		-1			
NC_064239.1_10745175	NC_064239.1	10745175		4.24		(基因间区)		-1			
NC_064239.1_11150191	NC_064239.1	11150191		4.004		LOC118265585	CUGBP Elav-like family member 1	183823	11131381	11536647	
NC_064239.1_11163508	NC_064239.1	11163508		4.105		LOC118265585	CUGBP Elav-like family member 1	170506	11131381	11536647	
NC_064239.1_11615797	NC_064239.1	11615797		4.161		LOC118264974	spondin-2-like	1438	11614720	11619751	
NC_064239.1_11681172	NC_064239.1	11681172		4.315		LOC118265276	START domain-containing protein 10	7525	11657058	11720337	
NC_064239.1_11721189	NC_064239.1	11721189		4.452		LOC118276462	uncharacterized LOC118276462	5965	11712869	11717579	
NC_064239.1_11726905	NC_064239.1	11726905		-4.293		LOC118276462	uncharacterized LOC118276462	11681	11712869	11717579	
NC_064239.1_11762366	NC_064239.1	11762366		4.149		LOC118265445	acylphosphatase-2	1302	11761676	11765661	
NC_064239.1_11865294	NC_064239.1	11865294		-4.341		LOC118265036	uncharacterized LOC118265036	20536	11842800	11846716	
NC_064239.1_12235744	NC_064239.1	12235744		4.451		LOC118265230	protein dachsous	112561	11970794	12275571	
NC_064239.1_12375794	NC_064239.1	12375794		4.412		LOC118265004	fatty acyl-CoA reductase 1-like	1089	12370323	12379087	
NC_064239.1_12476390	NC_064239.1	12476390		-4.088		LOC118265550	gamma-aminobutyric acid type B receptor subunit 2	5063	12388501	12574405	
NC_064239.1_12520063	NC_064239.1	12520063		-4.018		LOC118265550	gamma-aminobutyric acid type B receptor subunit 2	38610	12388501	12574405	
NC_064239.1_12534182	NC_064239.1	12534182		4.531		LOC118265550	gamma-aminobutyric acid type B receptor subunit 2	52729	12388501	12574405	
NC_064239.1_12566477	NC_064239.1	12566477		-4.062		LOC118265268	probable ATP-dependent RNA helicase DDX28	12825	12577664	12580940	
NC_064239.1_12578094	NC_064239.1	12578094		4.224		LOC118265268	probable ATP-dependent RNA helicase DDX28	1208	12577664	12580940	
NC_064239.1_12597780	NC_064239.1	12597780		-4.569		LOC118265606	transcriptional protein SWT1	6034	12592793	12614835	
NC_064239.1_12599745	NC_064239.1	12599745		-4.37		LOC118265606	transcriptional protein SWT1	4069	12592793	12614835	
NC_064239.1_12759821	NC_064239.1	12759821		4.098		LOC118265080	muscle-specific protein 300 kDa	64448	12727513	12921025	
NC_064239.1_12884606	NC_064239.1	12884606		-4.454		LOC118265080	muscle-specific protein 300 kDa	60337	12727513	12921025	
NC_064239.1_13151425	NC_064239.1	13151425		-4.023		LOC118265065	protein FAM151A	17198	13128579	13139874	
NC_064239.1_13190495	NC_064239.1	13190495		5.206		Trnas-gcu	transfer RNA serine (anticodon GCU)	4641	13185813	13185894	
NC_064239.1_13230385	NC_064239.1	13230385		4.114		LOC118265053	protein croquemort	6591	13208056	13239531	
NC_064239.1_13243341	NC_064239.1	13243341		4.185		LOC118265050	stress-induced-phosphoprotein 1	1539	13241236	13248525	
NC_064239.1_13285225	NC_064239.1	13285225		-5.117		LOC118265067	uncharacterized LOC118265067	10090	13267521	13282748	
NC_064239.1_13344564	NC_064239.1	13344564		-4.424		LOC118265393	cytadherence high molecular weight protein 3	5189	13317553	13361197	
NC_064239.1_13635189	NC_064239.1	13635189		4.611		LOC118265271	3-oxoacyl-[acyl-carrier-protein] reductase FabG	14792	13496812	13743982	
NC_064239.1_13641791	NC_064239.1	13641791		4.405		LOC118265271	3-oxoacyl-[acyl-carrier-protein] reductase FabG	21394	13496812	13743982	
NC_064239.1_13712628	NC_064239.1	13712628		4.32		LOC118265328	uncharacterized LOC118265328	869	13711061	13712457	
NC_064239.1_13726046	NC_064239.1	13726046		-4.107		LOC126912688	3-oxoacyl-[acyl-carrier-protein] reductase FabG-like	6511	13731566	13733548	
NC_064239.1_13728098	NC_064239.1	13728098		4.218		LOC126912688	3-oxoacyl-[acyl-carrier-protein] reductase FabG-like	4459	13731566	13733548	
NC_064239.1_13741982	NC_064239.1	13741982		-5.13		LOC118265506	3-oxoacyl-[acyl-carrier-protein] reductase FabG	1187	13740135	13741454	
NC_064239.1_13770575	NC_064239.1	13770575		4.402		LOC118264939	protein lethal(2)denticleless	14423	13754123	13758180	
NC_064239.1_13789767	NC_064239.1	13789767		-4.443		LOC118265579	uncharacterized LOC118265579	3619	13760625	13811671	
NC_064239.1_13826850	NC_064239.1	13826850		-4.471		LOC118265572	transmembrane protein 147	4778	13830632	13832625	
NC_064239.1_13832004	NC_064239.1	13832004		-4.233		LOC118265572	transmembrane protein 147	375	13830632	13832625	
NC_064239.1_13869333	NC_064239.1	13869333		-4.839		LOC118265443	uncharacterized LOC118265443	17221	13833528	13870695	
NC_064239.1_13878757	NC_064239.1	13878757		-4.102		LOC118265443	uncharacterized LOC118265443	26645	13833528	13870695	
NC_064239.1_13889534	NC_064239.1	13889534		-4.512		LOC118265443	uncharacterized LOC118265443	37422	13833528	13870695	
NC_064239.1_13889912	NC_064239.1	13889912		-4.052		LOC118265443	uncharacterized LOC118265443	37800	13833528	13870695	
NC_064239.1_13908591	NC_064239.1	13908591		-4.179		LOC118265375	protein nubbin	37737	13905308	13987348	
NC_064239.1_13909250	NC_064239.1	13909250		-4.102		LOC118265375	protein nubbin	37078	13905308	13987348	
NC_064239.1_13918024	NC_064239.1	13918024		-4.013		LOC118265375	protein nubbin	28304	13905308	13987348	
NC_064239.1_13919002	NC_064239.1	13919002		-4.083		LOC118265375	protein nubbin	27326	13905308	13987348	
NC_064239.1_13930880	NC_064239.1	13930880		-4.35		LOC118265375	protein nubbin	15448	13905308	13987348	
NC_064239.1_13958946	NC_064239.1	13958946		-4.065		LOC118265375	protein nubbin	12618	13905308	13987348	
NC_064239.1_13992441	NC_064239.1	13992441		4.012		LOC118265459	syntaxin	4354	13994343	13999247	
NC_064240.1_131383	NC_064240.1	131383		-4.06		(基因间区)		-1			
NC_064240.1_169580	NC_064240.1	169580		-4.105		LOC126912731	uncharacterized LOC126912731	45903	175662	255305	
NC_064240.1_218182	NC_064240.1	218182		-4.109		LOC126912731	uncharacterized LOC126912731	2698	175662	255305	
NC_064240.1_321321	NC_064240.1	321321		-4.046		Trnar-ccu	transfer RNA arginine (anticodon CCU)	14621	306664	306736	
NC_064240.1_451962	NC_064240.1	451962		4.231		LOC118268279	flexible cuticle protein 12	1600	449517	451207	
NC_064240.1_529507	NC_064240.1	529507		-4.354		LOC118268159	neurexin-4	822	520284	540374	
NC_064240.1_553144	NC_064240.1	553144		-4.17		LOC126912749	peptide deformylase, mitochondrial-like	3475	556095	557144	
NC_064240.1_582808	NC_064240.1	582808		-4.154		LOC118268483	zinc finger protein 449-like	135	580637	584708	
NC_064240.1_584122	NC_064240.1	584122		4.122		LOC118268483	zinc finger protein 449-like	1449	580637	584708	
NC_064240.1_586604	NC_064240.1	586604		-4.406		LOC118268483	zinc finger protein 449-like	3931	580637	584708	
NC_064240.1_587786	NC_064240.1	587786		-4.113		LOC118268483	zinc finger protein 449-like	5113	580637	584708	
NC_064240.1_763503	NC_064240.1	763503		-4.354		LOC118268665	uncharacterized LOC118268665	12581	750425	801743	
NC_064240.1_876000	NC_064240.1	876000		4.961		LOC126912722	uncharacterized LOC126912722	8911	883387	886436	
NC_064240.1_986605	NC_064240.1	986605		4.276		LOC118268649	uncharacterized LOC118268649	13923	997709	1003348	
NC_064240.1_1042921	NC_064240.1	1042921		-4.071		LOC118268651	skin secretory protein xP2	8944	1033033	1034921	
NC_064240.1_1042923	NC_064240.1	1042923		-4.427		LOC118268651	skin secretory protein xP2	8946	1033033	1034921	
NC_064240.1_1332051	NC_064240.1	1332051		4.017		LOC118268514	centaurin-gamma-1A	41136	1174212	1407617	
NC_064240.1_1332054	NC_064240.1	1332054		-4.067		LOC118268514	centaurin-gamma-1A	41139	1174212	1407617	
NC_064240.1_1438842	NC_064240.1	1438842		-4.018		LOC118268571	carcinine transporter-like	5288	1432471	1434637	
NC_064240.1_1458686	NC_064240.1	1458686		4.626		LOC126912736	uncharacterized LOC126912736	1300	1459231	1460741	
NC_064240.1_1759975	NC_064240.1	1759975		-4.238		(基因间区)		-1			
NC_064240.1_1885430	NC_064240.1	1885430		-4.168		LOC118268271	acid sphingomyelinase-like phosphodiesterase 3a	23847	1839922	1883244	解毒/代谢
NC_064240.1_2004004	NC_064240.1	2004004		4.384		LOC118268112	oxamate amidohydrolase proenzyme	13787	2010348	2025234	
NC_064240.1_2033215	NC_064240.1	2033215		-4.39		LOC118268113	uncharacterized LOC118268113	4341	2027755	2029993	
NC_064240.1_2478894	NC_064240.1	2478894		-4.122		LOC118281561	pyruvate kinase	412	2469869	2488743	
NC_064240.1_2519868	NC_064240.1	2519868		4.518		LOC118281565	tachykinin-like peptides receptor 99D	70870	2510921	2670556	
NC_064240.1_2992931	NC_064240.1	2992931		4.038		LOC118268122	angiomotin-like protein 2	9008	2974168	2993678	
NC_064240.1_3229896	NC_064240.1	3229896		-4.056		LOC118268495	protein Lilipod	4202	3220564	3247633	
NC_064240.1_3303099	NC_064240.1	3303099		-4.256		LOC126912757	uncharacterized LOC126912757	7919	3310518	3311519	
NC_064240.1_3305612	NC_064240.1	3305612		-4.37		LOC126912757	uncharacterized LOC126912757	5406	3310518	3311519	
NC_064240.1_3319502	NC_064240.1	3319502		-4.21		LOC118268406	BRISC and BRCA1-A complex member 1-like	4286	3314668	3315763	
NC_064240.1_3344644	NC_064240.1	3344644		4.347		LOC118268410	uncharacterized LOC118268410	1639	3341022	3351544	
NC_064240.1_3506607	NC_064240.1	3506607		4.863		LOC118268685	uncharacterized LOC118268685	11307	3478057	3557772	
NC_064240.1_3573664	NC_064240.1	3573664		4.088		LOC118268690	cell division cycle 5-like protein	3488	3573317	3580988	
NC_064240.1_3583028	NC_064240.1	3583028		4.254		LOC118268687	membrane-associated protein Hem	898	3581280	3586572	
NC_064240.1_3783954	NC_064240.1	3783954		-4.694		LOC118268357	uncharacterized LOC118268357	4541	3786517	3790474	
NC_064240.1_3946245	NC_064240.1	3946245		4.802		LOC118268131	acyl-CoA Delta(11) desaturase-like	16941	3961300	3965073	
NC_064240.1_4081940	NC_064240.1	4081940		-4.002		LOC118268370	probable cytochrome P450 304a1	12148	4078021	4110156	氧化应激
NC_064240.1_4107222	NC_064240.1	4107222		-4.012		LOC118268273	odorant receptor 13a-like	10799	4112145	4123898	
NC_064240.1_4120464	NC_064240.1	4120464		4.239		LOC118268668	uncharacterized LOC118268668	648	4120478	4121746	
NC_064240.1_4179276	NC_064240.1	4179276		4.052		LOC118268134	huntingtin-interacting protein K	1137	4179620	4181207	
NC_064240.1_4593066	NC_064240.1	4593066		4.419		LOC126912733	uncharacterized LOC126912733	1177	4590215	4593563	
NC_064240.1_4791144	NC_064240.1	4791144		4.026		LOC118268504	probable phosphoserine aminotransferase	301	4786622	4795064	解毒/代谢
NC_064240.1_5069937	NC_064240.1	5069937		-4.042		LOC126912777	5S ribosomal RNA	16598	5053280	5053398	
NC_064240.1_5355349	NC_064240.1	5355349		-4.152		LOC118268315	ras-related and estrogen-regulated growth inhibitor-like protein	6090	5352146	5370733	
NC_064240.1_5449613	NC_064240.1	5449613		-4.179		LOC118268612	tRNA-specific adenosine deaminase 1	8119	5456672	5458792	
NC_064240.1_5490518	NC_064240.1	5490518		4.419		LOC118268488	SH3 domain-containing kinase-binding protein 1	1421	5476942	5501252	
NC_064240.1_5495318	NC_064240.1	5495318		-4.314		LOC118268488	SH3 domain-containing kinase-binding protein 1	6221	5476942	5501252	
NC_064240.1_5507738	NC_064240.1	5507738		4.433		LOC118268492	leucine-rich melanocyte differentiation-associated protein	1931	5501664	5517674	
NC_064240.1_5526196	NC_064240.1	5526196		4.013		LOC118268489	aldehyde dehydrogenase, cytosolic 1-like	1573	5525817	5529722	
NC_064240.1_5658676	NC_064240.1	5658676		4.016		LOC118268644	RYamide receptor	4857	5626345	5700722	
NC_064240.1_5663771	NC_064240.1	5663771		4.385		LOC118268644	RYamide receptor	237	5626345	5700722	
NC_064240.1_5719553	NC_064240.1	5719553		-4.248		LOC118268385	uncharacterized LOC118268385	18824	5737512	5739242	
NC_064240.1_5783993	NC_064240.1	5783993		-4.49		LOC118268244	uncharacterized LOC118268244	6515	5766083	5788873	
NC_064240.1_6080939	NC_064240.1	6080939		4.372		LOC118268150	uncharacterized LOC118268150	7878	6022027	6124095	
NC_064240.1_6103772	NC_064240.1	6103772		4.129		LOC126912729	uncharacterized LOC126912729	29569	6031909	6234773	
NC_064240.1_6130660	NC_064240.1	6130660		-4.884		LOC118268275	MKI67 FHA domain-interacting nucleolar phosphoprotein	1190	6127813	6131126	
NC_064240.1_6357455	NC_064240.1	6357455		4.355		(基因间区)		-1			
NC_064240.1_6363597	NC_064240.1	6363597		4.575		(基因间区)		-1			
NC_064240.1_6363602	NC_064240.1	6363602		5.116		(基因间区)		-1			
NC_064240.1_6363603	NC_064240.1	6363603		4.994		(基因间区)		-1			
NC_064240.1_6363625	NC_064240.1	6363625		4.15		(基因间区)		-1			
NC_064240.1_6385223	NC_064240.1	6385223		-4.063		(基因间区)		-1			
NC_064240.1_6604037	NC_064240.1	6604037		4.03		LOC118268363	uncharacterized LOC118268363	112412	6605041	6827858	
NC_064240.1_6728779	NC_064240.1	6728779		-4.027		LOC118268363	uncharacterized LOC118268363	12329	6605041	6827858	
NC_064240.1_7088126	NC_064240.1	7088126		4.369		LOC118268677	uncharacterized LOC118268677	10150	7011391	7185161	
NC_064240.1_7199460	NC_064240.1	7199460		4.422		LOC118268079	uncharacterized LOC118268079	16578	7185952	7246125	
NC_064240.1_7219007	NC_064240.1	7219007		4.04		LOC118268079	uncharacterized LOC118268079	2968	7185952	7246125	
NC_064240.1_7456874	NC_064240.1	7456874		4.361		LOC118268225	alanine--glyoxylate aminotransferase 2-like	2473	7455686	7463008	解毒/代谢
NC_064240.1_7536751	NC_064240.1	7536751		4.118		(基因间区)		-1			
NC_064240.1_7853463	NC_064240.1	7853463		-4.101		LOC118281670	zinc finger protein 830	2870	7854645	7858021	
NC_064240.1_7853512	NC_064240.1	7853512		-4.892		LOC118281670	zinc finger protein 830	2821	7854645	7858021	
NC_064240.1_7853566	NC_064240.1	7853566		-4.369		LOC118281670	zinc finger protein 830	2767	7854645	7858021	
NC_064240.1_7854204	NC_064240.1	7854204		-4.586		LOC118281670	zinc finger protein 830	2129	7854645	7858021	
NC_064240.1_7854322	NC_064240.1	7854322		4.368		LOC118281670	zinc finger protein 830	2011	7854645	7858021	
NC_064240.1_7854333	NC_064240.1	7854333		-4.674		LOC118281670	zinc finger protein 830	2000	7854645	7858021	
NC_064240.1_7854412	NC_064240.1	7854412		-4.801		LOC118281670	zinc finger protein 830	1921	7854645	7858021	
NC_064240.1_7854526	NC_064240.1	7854526		4.997		LOC118281670	zinc finger protein 830	1807	7854645	7858021	
NC_064240.1_7854530	NC_064240.1	7854530		4.097		LOC118281670	zinc finger protein 830	1803	7854645	7858021	
NC_064240.1_7854541	NC_064240.1	7854541		-5.406		LOC118281670	zinc finger protein 830	1792	7854645	7858021	
NC_064240.1_7854544	NC_064240.1	7854544		4.232		LOC118281670	zinc finger protein 830	1789	7854645	7858021	
NC_064240.1_7854550	NC_064240.1	7854550		-4.378		LOC118281670	zinc finger protein 830	1783	7854645	7858021	
NC_064240.1_7854555	NC_064240.1	7854555		-4.08		LOC118281670	zinc finger protein 830	1778	7854645	7858021	
NC_064240.1_7854611	NC_064240.1	7854611		4.146		LOC118281670	zinc finger protein 830	1722	7854645	7858021	
NC_064240.1_8029297	NC_064240.1	8029297		-4.059		LOC118268672	uncharacterized LOC118268672	7976	8032501	8042045	
NC_064240.1_8208697	NC_064240.1	8208697		-4.022		LOC118268509	opsin Rh3	2444	8202232	8220051	
NC_064240.1_8453179	NC_064240.1	8453179		4.395		(基因间区)		-1			
NC_064240.1_8462439	NC_064240.1	8462439		4.312		(基因间区)		-1			
NC_064240.1_8564785	NC_064240.1	8564785		-4.022		LOC118268163	signal peptidase complex catalytic subunit SEC11A	3373	8560427	8562397	
NC_064240.1_8634580	NC_064240.1	8634580		4.308		LOC118268602	neurotrimin	2157	8621707	8651767	
NC_064240.1_8650327	NC_064240.1	8650327		-4.051		LOC118268602	neurotrimin	13590	8621707	8651767	
NC_064240.1_8989029	NC_064240.1	8989029		-4.421		LOC118268461	zinc finger and SCAN domain-containing protein 10-like	29428	8991811	9045104	
NC_064240.1_8989037	NC_064240.1	8989037		-4.052		LOC118268461	zinc finger and SCAN domain-containing protein 10-like	29420	8991811	9045104	
NC_064240.1_8989045	NC_064240.1	8989045		-4.047		LOC118268461	zinc finger and SCAN domain-containing protein 10-like	29412	8991811	9045104	
NC_064240.1_9042622	NC_064240.1	9042622		-4.277		LOC118268461	zinc finger and SCAN domain-containing protein 10-like	24164	8991811	9045104	
NC_064240.1_9044522	NC_064240.1	9044522		-4.124		LOC118268461	zinc finger and SCAN domain-containing protein 10-like	26064	8991811	9045104	
NC_064240.1_9160601	NC_064240.1	9160601		4.018		(基因间区)		-1			
NC_064240.1_9219621	NC_064240.1	9219621		-4.31		LOC118268283	venom allergen 5.02	5262	9210555	9218162	
NC_064240.1_9219641	NC_064240.1	9219641		-4.006		LOC118268283	venom allergen 5.02	5282	9210555	9218162	
NC_064240.1_9219648	NC_064240.1	9219648		-4.11		LOC118268283	venom allergen 5.02	5289	9210555	9218162	
NC_064240.1_9292816	NC_064240.1	9292816		-4.38		LOC118268415	tubulin-specific chaperone D	8106	9271132	9298287	HSP/热激蛋白
NC_064240.1_9340121	NC_064240.1	9340121		-4.115		LOC118268506	uncharacterized LOC118268506	10658	9326517	9332408	
NC_064240.1_9366305	NC_064240.1	9366305		-5.138		LOC118268398	aquaporin-like	15006	9379058	9383564	离子/渗透
NC_064240.1_9491523	NC_064240.1	9491523		-4.322		LOC118268287	fasciclin-1	9427	9461804	9540097	
NC_064240.1_9609177	NC_064240.1	9609177		4.088		LOC118268295	arylsulfatase J-like	1521	9607788	9613609	
NC_064240.1_9666907	NC_064240.1	9666907		4.031		LOC118268101	uncharacterized LOC118268101	11103	9673576	9682444	
NC_064240.1_9764465	NC_064240.1	9764465		4.085		LOC126912765	uncharacterized LOC126912765	10679	9773210	9777078	
NC_064240.1_10073350	NC_064240.1	10073350		-4.083		LOC118268429	poly(rC)-binding protein 3	111460	9851482	10072298	
NC_064240.1_10116394	NC_064240.1	10116394		-4.146		LOC118268083	lipase 3-like	14734	10128903	10133353	
NC_064240.1_10251638	NC_064240.1	10251638		4.139		LOC118268087	sorbin and SH3 domain-containing protein 1	7293	10154664	10363198	
NC_064240.1_10251639	NC_064240.1	10251639		4.034		LOC118268087	sorbin and SH3 domain-containing protein 1	7292	10154664	10363198	
NC_064240.1_10300558	NC_064240.1	10300558		4.041		LOC118268087	sorbin and SH3 domain-containing protein 1	41627	10154664	10363198	
NC_064240.1_10500780	NC_064240.1	10500780		-4.106		LOC118268544	ATP-dependent RNA helicase DDX54	13471	10510870	10517633	
NC_064240.1_10515883	NC_064240.1	10515883		4.032		LOC118268544	ATP-dependent RNA helicase DDX54	1631	10510870	10517633	
NC_064240.1_10590684	NC_064240.1	10590684		-4.164		LOC118268543	peptidoglycan recognition protein-like	7915	10597177	10600022	
NC_064240.1_10635109	NC_064240.1	10635109		4.863		LOC118268542	phosphatidylethanolamine-binding protein homolog F40A3.3-like	16999	10651107	10653110	
NC_064240.1_10743363	NC_064240.1	10743363		-4.156		LOC118268412	tachykinin-like peptides receptor 86C	8870	10702605	10801862	
NC_064240.1_10843386	NC_064240.1	10843386		-4.03		LOC118268228	tyrosine kinase receptor Cad96Ca	55612	10840765	10957232	
NC_064240.1_11031948	NC_064240.1	11031948		4.258		LOC118268552	frataxin homolog, mitochondrial	2203	11033428	11034875	
NC_064240.1_11125749	NC_064240.1	11125749		-4.901		LOC118268508	acid sphingomyelinase-like phosphodiesterase 3a	12018	11102070	11173465	解毒/代谢
NC_064240.1_11125750	NC_064240.1	11125750		-4.464		LOC118268508	acid sphingomyelinase-like phosphodiesterase 3a	12017	11102070	11173465	解毒/代谢
NC_064240.1_11268424	NC_064240.1	11268424		-4.028		LOC126912768	uncharacterized LOC126912768	16731	11284320	11285991	
NC_064240.1_11377715	NC_064240.1	11377715		4.348		LOC118268401	sodium- and chloride-dependent glycine transporter 1	3386	11362839	11385819	离子/渗透
NC_064240.1_11513331	NC_064240.1	11513331		4.088		LOC118268231	uncharacterized LOC118268231	3160	11506225	11514117	
NC_064240.1_11545044	NC_064240.1	11545044		-5.227		LOC118268177	FK506-binding protein 5	7247	11526035	11549558	
NC_064240.1_11545061	NC_064240.1	11545061		-4.076		LOC118268177	FK506-binding protein 5	7264	11526035	11549558	
NC_064240.1_11556742	NC_064240.1	11556742		-4.085		LOC118268181	myophilin	2302	11554083	11554797	
NC_064240.1_11660377	NC_064240.1	11660377		-4.234		LOC118268261	venom allergen 3-like	2344	11660002	11665440	
NC_064240.1_11702225	NC_064240.1	11702225		-4.089		LOC118268116	katanin p60 ATPase-containing subunit A1	12629	11679907	11699285	
NC_064240.1_11785521	NC_064240.1	11785521		-4.182		LOC118268366	aminopeptidase N	12334	11747546	11798828	
NC_064240.1_12003368	NC_064240.1	12003368		-4.125		LOC118268596	probable muscarinic acetylcholine receptor gar-1	6202	11978685	12015647	
NC_064240.1_12003369	NC_064240.1	12003369		-4.543		LOC118268596	probable muscarinic acetylcholine receptor gar-1	6203	11978685	12015647	
NC_064240.1_12006454	NC_064240.1	12006454		4.272		LOC118268596	probable muscarinic acetylcholine receptor gar-1	9288	11978685	12015647	
NC_064240.1_12101933	NC_064240.1	12101933		4.591		LOC126912730	waprin-Phi1-like	8121	12108992	12111117	
NC_064240.1_12256334	NC_064240.1	12256334		4.256		LOC118268076	pre-mRNA-processing factor 17	8063	12249811	12278983	
NC_064240.1_12297235	NC_064240.1	12297235		-4.094		LOC118268075	phosphatidylinositol-glycan biosynthesis class F protein	15579	12281216	12282095	
NC_064240.1_12347902	NC_064240.1	12347902		4.2		LOC118268698	protein GDAP2 homolog	12672	12283528	12386931	
NC_064240.1_12365682	NC_064240.1	12365682		4.71		LOC126912741	uncharacterized LOC126912741	6789	12370985	12373957	
NC_064240.1_12393651	NC_064240.1	12393651		-4.159		LOC126912769	uncharacterized LOC126912769	448	12392756	12395443	
NC_064240.1_12717102	NC_064240.1	12717102		4.26		LOC118268305	fatty-acid amide hydrolase 2-B	5638	12692340	12730588	
NC_064240.1_12837528	NC_064240.1	12837528		4.116		(基因间区)		-1			
NC_064240.1_12842113	NC_064240.1	12842113		4.505		(基因间区)		-1			
NC_064240.1_12842117	NC_064240.1	12842117		4.376		(基因间区)		-1			
NC_064240.1_12842118	NC_064240.1	12842118		4.43		(基因间区)		-1			
NC_064240.1_12845033	NC_064240.1	12845033		4.412		(基因间区)		-1			
NC_064240.1_13157085	NC_064240.1	13157085		4.233		LOC118268453	uncharacterized LOC118268453	3829	13148734	13157778	
NC_064240.1_13251925	NC_064240.1	13251925		-4.488		LOC126912772	uncharacterized LOC126912772	11495	13240243	13240617	
NC_064240.1_13372153	NC_064240.1	13372153		-4.05		LOC118268645	protein amalgam	20263	13323609	13380170	
NC_064240.1_13551692	NC_064240.1	13551692		-4.067		LOC118268517	EGFR adapter protein	10025	13507475	13615959	
NC_064240.1_13552095	NC_064240.1	13552095		4.084		LOC118268517	EGFR adapter protein	9622	13507475	13615959	
NC_064240.1_13583673	NC_064240.1	13583673		-4.317		LOC126912717	uncharacterized LOC126912717	16717	13599849	13600932	
NC_064241.1_101531	NC_064241.1	101531		-4.18		LOC118270120	collagen alpha chain CG42342	67492	59392	278654	
NC_064241.1_101630	NC_064241.1	101630		-4.051		LOC118270120	collagen alpha chain CG42342	67393	59392	278654	
NC_064241.1_101647	NC_064241.1	101647		-4.206		LOC118270120	collagen alpha chain CG42342	67376	59392	278654	
NC_064241.1_102144	NC_064241.1	102144		-4.242		LOC118270120	collagen alpha chain CG42342	66879	59392	278654	
NC_064241.1_146064	NC_064241.1	146064		-4.285		LOC118270120	collagen alpha chain CG42342	22959	59392	278654	
NC_064241.1_148733	NC_064241.1	148733		-4.662		LOC118270120	collagen alpha chain CG42342	20290	59392	278654	
NC_064241.1_387818	NC_064241.1	387818		4.268		LOC118270022	facilitated trehalose transporter Tret1-like	12355	398082	402265	离子/渗透
NC_064241.1_387824	NC_064241.1	387824		4.406		LOC118270022	facilitated trehalose transporter Tret1-like	12349	398082	402265	离子/渗透
NC_064241.1_517036	NC_064241.1	517036		-4.17		LOC118269799	neuropeptide SIFamide receptor	18407	429235	568023	
NC_064241.1_658522	NC_064241.1	658522		4.074		Trnas-aga	transfer RNA serine (anticodon AGA)	5304	663786	663867	
NC_064241.1_671194	NC_064241.1	671194		-4.033		Trnas-aga	transfer RNA serine (anticodon AGA)	7367	663786	663867	
NC_064241.1_698243	NC_064241.1	698243		-4.554		LOC118269870	saccharopine dehydrogenase-like oxidoreductase	9479	700992	714452	
NC_064241.1_768952	NC_064241.1	768952		-4.391		LOC118269531	uncharacterized LOC118269531	16088	751322	754406	
NC_064241.1_773559	NC_064241.1	773559		4.42		LOC118269531	uncharacterized LOC118269531	20695	751322	754406	
NC_064241.1_821428	NC_064241.1	821428		-4.202		LOC118269532	uncharacterized LOC118269532	23555	748260	941706	
NC_064241.1_1090454	NC_064241.1	1090454		4.138		LOC118269728	uncharacterized LOC118269728	3004	1092915	1094001	
NC_064241.1_1960621	NC_064241.1	1960621		-4.704		LOC118269639	rootletin	13323	1948570	1999318	
NC_064241.1_2087989	NC_064241.1	2087989		-4.26		LOC118270028	heterogeneous nuclear ribonucleoprotein R	16338	2061510	2081791	
NC_064241.1_2129336	NC_064241.1	2129336		-4.23		LOC118269732	cubilin	3102	2083392	2181485	
NC_064241.1_2181811	NC_064241.1	2181811		-4.076		LOC118269738	T-complex protein 1 subunit alpha	4709	2184423	2188618	
NC_064241.1_2206818	NC_064241.1	2206818		-4.125		LOC118269883	uncharacterized LOC118269883	2760	2202492	2205623	
NC_064241.1_2261431	NC_064241.1	2261431		4.089		LOC118269690	alpha-2-macroglobulin receptor-associated protein	6272	2253346	2256972	
NC_064241.1_2262066	NC_064241.1	2262066		-4.474		LOC118269690	alpha-2-macroglobulin receptor-associated protein	6907	2253346	2256972	
NC_064241.1_2278640	NC_064241.1	2278640		-4.228		LOC118270146	ankyrin repeat domain-containing protein 17	8232	2257264	2283552	
NC_064241.1_2331316	NC_064241.1	2331316		4.105		LOC118269585	glucose transporter type 1	824	2323202	2341078	
NC_064241.1_3241420	NC_064241.1	3241420		4.276		LOC118269737	vacuolar protein sorting-associated protein 72 homolog	2476	3236270	3241618	
NC_064241.1_3434172	NC_064241.1	3434172		-4.173		LOC118269676	peripheral plasma membrane protein CASK	75053	3242800	3475437	
NC_064241.1_3530431	NC_064241.1	3530431		4.005		LOC118269740	uncharacterized LOC118269740	10178	3515233	3525273	
NC_064241.1_3601103	NC_064241.1	3601103		-4.349		LOC118270054	uncharacterized LOC118270054	12241	3570244	3607479	
NC_064241.1_3733589	NC_064241.1	3733589		4.193		LOC118270052	tektin-B1	4337	3724514	3733990	
NC_064241.1_3764871	NC_064241.1	3764871		4.462		LOC126912847	uncharacterized LOC126912847	56619	3782228	3860752	
NC_064241.1_3943541	NC_064241.1	3943541		-5.04		LOC118269616	angiotensin-converting enzyme	67132	3766333	3986484	
NC_064241.1_3947073	NC_064241.1	3947073		-4.193		LOC118269616	angiotensin-converting enzyme	70664	3766333	3986484	
NC_064241.1_3948777	NC_064241.1	3948777		-4.814		LOC118269616	angiotensin-converting enzyme	72368	3766333	3986484	
NC_064241.1_4057283	NC_064241.1	4057283		4.087		(基因间区)		-1			
NC_064241.1_4129071	NC_064241.1	4129071		-4.223		LOC118270006	collagen alpha-1(I) chain	13665	4139106	4146367	
NC_064241.1_4397473	NC_064241.1	4397473		-4.673		LOC118269916	zonadhesin-like	35164	4346772	4377845	
NC_064241.1_4445042	NC_064241.1	4445042		4.049		LOC118269554	cadherin-99C	16346	4384540	4538236	
NC_064241.1_5081505	NC_064241.1	5081505		4.132		LOC118281603	vacuolar protein sorting-associated protein 4	244	5079148	5083373	
NC_064241.1_5249382	NC_064241.1	5249382		4.024		(基因间区)		-1			
NC_064241.1_5249385	NC_064241.1	5249385		4.411		(基因间区)		-1			
NC_064241.1_5301722	NC_064241.1	5301722		-4.34		(基因间区)		-1			
NC_064241.1_5314530	NC_064241.1	5314530		4.09		(基因间区)		-1			
NC_064241.1_5456834	NC_064241.1	5456834		4.067		(基因间区)		-1			
NC_064241.1_5532653	NC_064241.1	5532653		4.303		LOC118269540	leukocyte receptor cluster member 8 homolog	7707	5520735	5529157	
NC_064241.1_5638488	NC_064241.1	5638488		4.825		LOC118269797	mitochondrial transcription rescue factor 1	2276	5635455	5636968	
NC_064241.1_5852269	NC_064241.1	5852269		-4.421		LOC118269930	neogenin	25523	5872245	5883339	
NC_064241.1_6119933	NC_064241.1	6119933		4.632		LOC118269670	lachesin	55975	6120589	6231227	
NC_064241.1_6225383	NC_064241.1	6225383		4.491		LOC126912809	uncharacterized LOC126912809	18004	6203676	6211081	
NC_064241.1_6835805	NC_064241.1	6835805		4.218		LOC126912841	uncharacterized LOC126912841	13260	6820748	6824341	
NC_064241.1_6940486	NC_064241.1	6940486		4.5		LOC118269572	mediator of RNA polymerase II transcription subunit 4	3879	6943218	6945513	
NC_064241.1_6987832	NC_064241.1	6987832		-4.474		LOC118269574	protein lap4	5721	6947998	7016224	
NC_064241.1_7046643	NC_064241.1	7046643		-4.396		LOC118270016	IQ motif and SEC7 domain-containing protein 2-like	1384	7034366	7056151	
NC_064241.1_7049344	NC_064241.1	7049344		-4.119		LOC118269760	uncharacterized LOC118269760	234	7047562	7050658	
NC_064241.1_7225303	NC_064241.1	7225303		-4.152		LOC118269681	myosin light chain 1	3392	7226382	7231009	
NC_064241.1_7228398	NC_064241.1	7228398		-4.223		LOC118269681	myosin light chain 1	297	7226382	7231009	
NC_064241.1_7265854	NC_064241.1	7265854		4.425		LOC118269577	nucleoporin NDC1	6057	7270927	7272896	
NC_064241.1_7271444	NC_064241.1	7271444		-4.089		LOC118269577	nucleoporin NDC1	467	7270927	7272896	
NC_064241.1_7330087	NC_064241.1	7330087		-4.736		LOC118269628	transcription elongation factor B polypeptide 3	2438	7323501	7331797	
NC_064241.1_7449299	NC_064241.1	7449299		-4.078		LOC118270049	uncharacterized LOC118270049	18254	7435556	7499551	
NC_064241.1_7483579	NC_064241.1	7483579		4.078		LOC118270049	uncharacterized LOC118270049	16025	7435556	7499551	
NC_064241.1_7720369	NC_064241.1	7720369		4.207		LOC118269988	roundabout homolog 1	17863	7686131	7718881	
NC_064241.1_8153930	NC_064241.1	8153930		4.274		LOC118269591	uncharacterized LOC118269591	4531	8147881	8150917	
NC_064241.1_8162281	NC_064241.1	8162281		-4.309		LOC118269589	homeobox protein abdominal-B	11585	8118077	8229655	
NC_064241.1_8431670	NC_064241.1	8431670		4.047		(基因间区)		-1			
NC_064241.1_8529972	NC_064241.1	8529972		4.311		LOC126912817	uncharacterized LOC126912817	52399	8543221	8621521	
NC_064241.1_8548593	NC_064241.1	8548593		4.027		LOC126912817	uncharacterized LOC126912817	33778	8543221	8621521	
NC_064241.1_8583449	NC_064241.1	8583449		4.01		LOC126912817	uncharacterized LOC126912817	1078	8543221	8621521	
NC_064241.1_8591333	NC_064241.1	8591333		-4.18		LOC126912817	uncharacterized LOC126912817	8962	8543221	8621521	
NC_064241.1_8974727	NC_064241.1	8974727		4.054		LOC126912816	uncharacterized LOC126912816	25512	8992074	9008404	
NC_064241.1_9698846	NC_064241.1	9698846		4.647		LOC118269849	uncharacterized LOC118269849	25296	9667900	9679199	
NC_064241.1_9721175	NC_064241.1	9721175		4.569		(基因间区)		-1			
NC_064241.1_9755901	NC_064241.1	9755901		-4.422		LOC118270007	uncharacterized LOC118270007	6119	9742080	9757484	
NC_064241.1_9760584	NC_064241.1	9760584		4.003		LOC118270007	uncharacterized LOC118270007	10802	9742080	9757484	
NC_064241.1_10025647	NC_064241.1	10025647		4.107		LOC118269582	protein artichoke	58678	10024127	10144524	
NC_064241.1_10237069	NC_064241.1	10237069		4.376		LOC118270046	eukaryotic translation initiation factor 4B	3909	10233216	10248740	
NC_064241.1_10237070	NC_064241.1	10237070		4.72		LOC118270046	eukaryotic translation initiation factor 4B	3908	10233216	10248740	
NC_064241.1_10444141	NC_064241.1	10444141		4.111		LOC118269550	progestin and adipoQ receptor family member 4	21790	10418975	10512888	
NC_064241.1_10649642	NC_064241.1	10649642		-4.176		LOC118269558	uncharacterized LOC118269558	180587	10594983	11065475	
NC_064241.1_10649867	NC_064241.1	10649867		-4.018		LOC118269558	uncharacterized LOC118269558	180362	10594983	11065475	
NC_064241.1_10792438	NC_064241.1	10792438		4.032		LOC118269558	uncharacterized LOC118269558	37791	10594983	11065475	
NC_064241.1_10855083	NC_064241.1	10855083		4.046		LOC118269558	uncharacterized LOC118269558	24854	10594983	11065475	
NC_064241.1_10905486	NC_064241.1	10905486		4.824		LOC118269558	uncharacterized LOC118269558	75257	10594983	11065475	
NC_064241.1_10969834	NC_064241.1	10969834		4.07		LOC118269561	uncharacterized LOC118269561	13375	10980339	10986079	
NC_064241.1_11080438	NC_064241.1	11080438		4.026		LOC126912783	probable cyclin-dependent serine/threonine-protein kinase DDB_G0292550	4528	11075281	11076539	
NC_064241.1_11524946	NC_064241.1	11524946		-4.094		LOC118270075	uncharacterized LOC118270075	13742	11537954	11539422	
NC_064241.1_11660004	NC_064241.1	11660004		4.406		LOC118270039	cytoplasmic polyadenylation element-binding protein 1-A	3546	11658872	11668228	
NC_064241.1_11674893	NC_064241.1	11674893		-4.144		LOC118269743	nonsense-mediated mRNA decay factor SMG8	966	11668819	11679035	
NC_064241.1_11713900	NC_064241.1	11713900		-4.172		LOC118270074	uncharacterized LOC118270074	8106	11693096	11718491	
NC_064241.1_11742009	NC_064241.1	11742009		4.049		LOC118269861	F-box only protein 9	4294	11740600	11752007	
NC_064241.1_11752774	NC_064241.1	11752774		-4.061		LOC118269862	uncharacterized LOC118269862	6381	11744856	11747929	
NC_064241.1_11853203	NC_064241.1	11853203		4.111		LOC118270011	potassium/sodium hyperpolarization-activated cyclic nucleotide-gated channel 3-like	45	11849544	11856772	离子/渗透
NC_064241.1_11875602	NC_064241.1	11875602		4.009		LOC118269649	elongin-B	426	11870990	11879361	
NC_064241.1_11999330	NC_064241.1	11999330		-4.466		LOC118270044	synaptic vesicle glycoprotein 2C-like	12189	11983740	11990542	
NC_064241.1_12078276	NC_064241.1	12078276		4.097		LOC118269756	putative transporter svop-1	4942	12080276	12086160	
NC_064241.1_12161068	NC_064241.1	12161068		-4.371		LOC118269962	oocyte zinc finger protein XlCOF6	9819	12146799	12155698	
NC_064241.1_12251737	NC_064241.1	12251737		-4.103		LOC118269972	putative carbonic anhydrase 5	675	12244408	12257715	
NC_064241.1_12426980	NC_064241.1	12426980		-4.336		LOC118269976	protein atonal-like	4492	12430911	12432033	
NC_064241.1_12590615	NC_064241.1	12590615		-4.319		LOC118269970	transmembrane protease serine 12	8889	12585012	12613996	
NC_064241.1_12716844	NC_064241.1	12716844		-4.433		LOC118269828	protamine-2	1182	12714276	12717048	
NC_064241.1_12717689	NC_064241.1	12717689		-4.119		LOC118269828	protamine-2	2027	12714276	12717048	
NC_064241.1_12746487	NC_064241.1	12746487		4.183		LOC118269663	uncharacterized LOC118269663	1406	12743922	12746240	
NC_064241.1_12749656	NC_064241.1	12749656		4.201		LOC118269661	uncharacterized LOC118269661	875	12746658	12750903	
NC_064241.1_12831368	NC_064241.1	12831368		4.138		LOC118269575	protein sax-3	11986	12759969	12878794	
NC_064241.1_12879171	NC_064241.1	12879171		-4.054		LOC118269677	peptidyl-prolyl cis-trans isomerase G	14414	12886944	12900226	
NC_064241.1_12891403	NC_064241.1	12891403		-4.18		LOC118269677	peptidyl-prolyl cis-trans isomerase G	2182	12886944	12900226	
NC_064241.1_12935436	NC_064241.1	12935436		-4.363		LOC118269588	mothers against decapentaplegic homolog 6	13326	12936435	12961089	
NC_064241.1_12935437	NC_064241.1	12935437		-4.448		LOC118269588	mothers against decapentaplegic homolog 6	13325	12936435	12961089	
NC_064241.1_12939368	NC_064241.1	12939368		-4.051		LOC118269588	mothers against decapentaplegic homolog 6	9394	12936435	12961089	
NC_064241.1_13192607	NC_064241.1	13192607		-4.476		LOC118269671	mitogen-activated protein kinase kinase kinase 4	14502	13155965	13200245	
NC_064241.1_13227510	NC_064241.1	13227510		4.157		(基因间区)		-1			
NC_064241.1_13227549	NC_064241.1	13227549		4.47		(基因间区)		-1			
NC_064241.1_13227555	NC_064241.1	13227555		4.021		(基因间区)		-1			
NC_064241.1_13348847	NC_064241.1	13348847		4.451		LOC118269958	pro-resilin	998	13337895	13357803	
NC_064241.1_13361888	NC_064241.1	13361888		-4.527		LOC118269747	high-affinity choline transporter 1	11761	13358163	13389136	
NC_064241.1_13422138	NC_064241.1	13422138		4.251		LOC118269656	ras GTPase-activating protein-binding protein 2	6735	13409056	13421750	
NC_064241.1_13439866	NC_064241.1	13439866		4.259		LOC126912793	uncharacterized LOC126912793	31	13438732	13441063	
NC_064242.1_62914	NC_064242.1	62914		-4.004		LOC118275975	major facilitator superfamily domain-containing protein 6	3013	57441	62360	
NC_064242.1_64388	NC_064242.1	64388		-5.708		LOC118276062	uncharacterized LOC118276062	2740	65676	68580	
NC_064242.1_90159	NC_064242.1	90159		-4.292		LOC118276035	tetraspanin-1	7822	95399	100564	
NC_064242.1_90163	NC_064242.1	90163		4.042		LOC118276035	tetraspanin-1	7818	95399	100564	
NC_064242.1_145974	NC_064242.1	145974		-4.179		LOC118276033	serine/threonine-protein phosphatase 6 regulatory subunit 3-A	2560	143426	153643	
NC_064242.1_157166	NC_064242.1	157166		4.008		LOC126912957	uncharacterized LOC126912957	5351	151594	152036	
NC_064242.1_158196	NC_064242.1	158196		-4.129		LOC126912957	uncharacterized LOC126912957	6381	151594	152036	
NC_064242.1_175123	NC_064242.1	175123		-4.033		LOC118276434	syntaxin-binding protein 5	83409	154416	362649	
NC_064242.1_251714	NC_064242.1	251714		4.072		LOC118276439	uncharacterized LOC118276439	1299	234610	266220	
NC_064242.1_279460	NC_064242.1	279460		4.382		LOC126912958	uncharacterized LOC126912958	5874	272010	275161	
NC_064242.1_312930	NC_064242.1	312930		-4.161		LOC118276438	glycerol-3-phosphate phosphatase	1597	307574	321480	
NC_064242.1_312931	NC_064242.1	312931		-4.086		LOC118276438	glycerol-3-phosphate phosphatase	1596	307574	321480	
NC_064242.1_437594	NC_064242.1	437594		-4.19		LOC118276119	thymosin beta	987	428821	448341	
NC_064242.1_539666	NC_064242.1	539666		-5.135		LOC118276205	ribosome biogenesis protein BMS1 homolog	11081	526633	530536	
NC_064242.1_673026	NC_064242.1	673026		-4.333		LOC118276382	uncharacterized LOC118276382	1596	669389	673470	
NC_064242.1_779496	NC_064242.1	779496		-4.25		LOC118276366	uncharacterized LOC118276366	3330	770215	782117	
NC_064242.1_835212	NC_064242.1	835212		4.07		LOC118276378	uncharacterized LOC118276378	6473	831562	851809	
NC_064242.1_1031462	NC_064242.1	1031462		-4.032		LOC118276279	integrator complex subunit 7	4500	1018443	1035480	
NC_064242.1_1191281	NC_064242.1	1191281		-4.07		LOC126912889	uncharacterized LOC126912889	22633	1211183	1216645	
NC_064242.1_1211317	NC_064242.1	1211317		4.544		LOC126912889	uncharacterized LOC126912889	2597	1211183	1216645	
NC_064242.1_1788359	NC_064242.1	1788359		4.608		LOC118276362	uncharacterized LOC118276362	9891	1774144	1782791	
NC_064242.1_2155695	NC_064242.1	2155695		4.201		(基因间区)		-1			
NC_064242.1_2233887	NC_064242.1	2233887		-4.149		LOC118276476	uncharacterized LOC118276476	19246	2221039	2285227	
NC_064242.1_2242386	NC_064242.1	2242386		-4.087		LOC118276476	uncharacterized LOC118276476	10747	2221039	2285227	
NC_064242.1_2756751	NC_064242.1	2756751		4.106		LOC118276273	oligoribonuclease, mitochondrial	3847	2751630	2754177	
NC_064242.1_2844463	NC_064242.1	2844463		-4.064		LOC118276266	leucine zipper putative tumor suppressor 2 homolog	13174	2776971	2885607	滞育/光周期
NC_064242.1_2898460	NC_064242.1	2898460		4.062		LOC118276259	ionotropic receptor 25a	1538	2887343	2906500	
NC_064242.1_3308784	NC_064242.1	3308784		4.457		LOC118276244	uncharacterized LOC118276244	2463	3310074	3312420	
NC_064242.1_3349191	NC_064242.1	3349191		-4.697		LOC118276087	uncharacterized LOC118276087	19396	3328850	3330740	
NC_064242.1_3381922	NC_064242.1	3381922		-4.045		LOC118276086	uncharacterized LOC118276086	6203	3330778	3420659	
NC_064242.1_3430225	NC_064242.1	3430225		4.108		LOC118276086	uncharacterized LOC118276086	54506	3330778	3420659	
NC_064242.1_3504588	NC_064242.1	3504588		-4.066		LOC118276067	transmembrane protein 230	4426	3495475	3504849	
NC_064242.1_3504590	NC_064242.1	3504590		-4.032		LOC118276067	transmembrane protein 230	4428	3495475	3504849	
NC_064242.1_3504591	NC_064242.1	3504591		-4.366		LOC118276067	transmembrane protein 230	4429	3495475	3504849	
NC_064242.1_4066085	NC_064242.1	4066085		4.043		LOC126912864	uncharacterized LOC126912864	10401	4054754	4056613	
NC_064242.1_4311089	NC_064242.1	4311089		4.162		LOC118276296	uncharacterized LOC118276296	996	4306733	4317437	
NC_064242.1_4332859	NC_064242.1	4332859		-4.032		LOC118276458	uncharacterized LOC118276458	9802	4319085	4327028	
NC_064242.1_4444068	NC_064242.1	4444068		-4.207		LOC126912908	uncharacterized LOC126912908	11111	4432525	4433389	
NC_064242.1_4447313	NC_064242.1	4447313		-4.198		LOC126912908	uncharacterized LOC126912908	14356	4432525	4433389	
NC_064242.1_4600415	NC_064242.1	4600415		4.021		Trnap-ugg	transfer RNA proline (anticodon UGG)	4914	4595465	4595536	
NC_064242.1_4987001	NC_064242.1	4987001		-4.231		LOC118276006	uncharacterized LOC118276006	362	4984790	4988487	
NC_064242.1_5111220	NC_064242.1	5111220		4.546		LOC118276089	prominin-1-A	24323	5123698	5147389	
NC_064242.1_5301496	NC_064242.1	5301496		4.057		LOC126912912	uncharacterized LOC126912912	13785	5314719	5315843	
NC_064242.1_5308827	NC_064242.1	5308827		4.447		LOC126912912	uncharacterized LOC126912912	6454	5314719	5315843	
NC_064242.1_5576980	NC_064242.1	5576980		4.715		LOC118276457	alkaline phosphatase-like	3036	5523713	5624175	
NC_064242.1_5829904	NC_064242.1	5829904		-4.276		(基因间区)		-1			
NC_064242.1_6003039	NC_064242.1	6003039		4.526		LOC118276058	60S ribosomal protein L18a-like	9223	5992357	5995274	
NC_064242.1_6003758	NC_064242.1	6003758		-4.031		LOC118276058	60S ribosomal protein L18a-like	9942	5992357	5995274	
NC_064242.1_6171986	NC_064242.1	6171986		4.483		LOC118276474	protein couch potato	943	6073712	6272146	
NC_064242.1_6180523	NC_064242.1	6180523		4.563		LOC118276474	protein couch potato	7594	6073712	6272146	
NC_064242.1_6401041	NC_064242.1	6401041		-4.127		LOC118276173	smad nuclear-interacting protein 1	4686	6393241	6399469	
NC_064242.1_6412476	NC_064242.1	6412476		5.056		LOC118276329	proto-oncogene tyrosine-protein kinase ROS	5501	6399844	6436110	
NC_064242.1_6530557	NC_064242.1	6530557		-4.291		LOC118276079	uncharacterized LOC118276079	390	6529626	6532269	
NC_064242.1_6561781	NC_064242.1	6561781		-4.231		LOC118276078	protein unc-13 homolog 4B	5567	6535773	6576655	
NC_064242.1_6621099	NC_064242.1	6621099		4.177		LOC118276072	glutamate receptor ionotropic, kainate 2	1584	6619181	6626186	
NC_064242.1_6654424	NC_064242.1	6654424		-4.528		LOC118276074	glutamate receptor ionotropic, kainate 2	13650	6656263	6679886	
NC_064242.1_6742917	NC_064242.1	6742917		-4.554		LOC118275998	monocarboxylate transporter 10	49425	6736685	6847999	
NC_064242.1_7370991	NC_064242.1	7370991		-4.459		LOC118276307	protein TAPT1 homolog	9185	7376580	7383773	
NC_064242.1_7463656	NC_064242.1	7463656		4.126		LOC126912875	uncharacterized LOC126912875	894	7462077	7463447	
NC_064242.1_7510198	NC_064242.1	7510198		-4.239		LOC118276355	uncharacterized LOC118276355	19563	7441571	7539698	
NC_064242.1_7536854	NC_064242.1	7536854		-4.437		LOC118276475	phospholipase A1	12467	7548407	7550236	
NC_064242.1_7536883	NC_064242.1	7536883		-4.472		LOC118276475	phospholipase A1	12438	7548407	7550236	
NC_064242.1_7710264	NC_064242.1	7710264		-4.549		LOC118276222	organic cation transporter protein	9113	7687269	7751485	
NC_064242.1_7947384	NC_064242.1	7947384		4.095		LOC118276484	lysine-specific histone demethylase 1A	50613	7874069	8121925	
NC_064242.1_7947388	NC_064242.1	7947388		4.31		LOC118276484	lysine-specific histone demethylase 1A	50609	7874069	8121925	
NC_064242.1_8104730	NC_064242.1	8104730		4.509		LOC118277515	uncharacterized LOC118277515	10886	8114501	8116731	
NC_064242.1_8760905	NC_064242.1	8760905		-4.415		(基因间区)		-1			
NC_064242.1_8760909	NC_064242.1	8760909		-4.387		(基因间区)		-1			
NC_064242.1_8847560	NC_064242.1	8847560		4.013		(基因间区)		-1			
NC_064242.1_9050651	NC_064242.1	9050651		-4.004		(基因间区)		-1			
NC_064242.1_9355863	NC_064242.1	9355863		4.034		(基因间区)		-1			
NC_064242.1_9390076	NC_064242.1	9390076		4.134		LOC118276477	circadian clock-controlled protein daywake	4446	9392925	9396120	滞育/光周期
NC_064242.1_9669997	NC_064242.1	9669997		-4.194		Trnae-cuc	transfer RNA glutamic acid (anticodon CUC)	11838	9681800	9681871	
NC_064242.1_9670536	NC_064242.1	9670536		-4.067		Trnae-cuc	transfer RNA glutamic acid (anticodon CUC)	11299	9681800	9681871	
NC_064242.1_9739697	NC_064242.1	9739697		-4.05		(基因间区)		-1			
NC_064242.1_9739753	NC_064242.1	9739753		-4.779		(基因间区)		-1			
NC_064242.1_9836431	NC_064242.1	9836431		4.46		(基因间区)		-1			
NC_064242.1_9902270	NC_064242.1	9902270		-4.635		(基因间区)		-1			
NC_064242.1_10047381	NC_064242.1	10047381		-4.84		LOC126912879	uncharacterized LOC126912879	4153	10042385	10044071	
NC_064242.1_10350071	NC_064242.1	10350071		-4.23		LOC118276220	THO complex subunit 7 homolog	11880	10361193	10362709	
NC_064242.1_10622511	NC_064242.1	10622511		4.116		LOC118276419	ecdysone oxidase-like	19874	10635128	10649642	滞育/光周期
NC_064242.1_10870642	NC_064242.1	10870642		4.157		LOC118276214	delta-1-pyrroline-5-carboxylate synthase	25107	10881343	10910155	
NC_064242.1_10942788	NC_064242.1	10942788		-4.068		LOC118276051	MMS19 nucleotide excision repair protein	183	10939341	10946602	
NC_064242.1_10983484	NC_064242.1	10983484		4.109		(基因间区)		-1			
NC_064242.1_10994978	NC_064242.1	10994978		-4.055		LOC118276392	uncharacterized LOC118276392	17847	11012297	11013353	
NC_064242.1_11047363	NC_064242.1	11047363		4.204		(基因间区)		-1			
NC_064242.1_11054066	NC_064242.1	11054066		4.968		(基因间区)		-1			
NC_064242.1_11158196	NC_064242.1	11158196		4.359		LOC118276122	spondin-2	21700	11152477	11207315	
NC_064242.1_11459170	NC_064242.1	11459170		4.071		LOC118281944	restin homolog	37009	11355421	11488900	
NC_064242.1_11558869	NC_064242.1	11558869		-4.036		LOC118276219	uncharacterized LOC118276219	6949	11563416	11568220	
NC_064242.1_11997734	NC_064242.1	11997734		4.181		LOC126912924	uncharacterized LOC126912924	16783	11874109	12087793	
NC_064242.1_12128044	NC_064242.1	12128044		-4.322		LOC118276145	muscarinic acetylcholine receptor DM1	38900	12118555	12215334	
NC_064242.1_12258328	NC_064242.1	12258328		-4.128		LOC126912926	uncharacterized LOC126912926	2488	12259742	12261890	
NC_064242.1_12267884	NC_064242.1	12267884		4.022		LOC126912926	uncharacterized LOC126912926	7068	12259742	12261890	
NC_064242.1_12285634	NC_064242.1	12285634		-4.733		LOC118276158	potassium channel subfamily K member 1	6025	12243787	12339531	离子/渗透
NC_064242.1_12308872	NC_064242.1	12308872		4.04		LOC118276158	potassium channel subfamily K member 1	17213	12243787	12339531	离子/渗透
NC_064242.1_12576978	NC_064242.1	12576978		4.073		LOC118276237	uncharacterized LOC118276237	13928	12562597	12563502	
NC_064242.1_12722132	NC_064242.1	12722132		4.191		LOC118276520	U6 spliceosomal RNA	7642	12714437	12714543	
NC_064242.1_12722183	NC_064242.1	12722183		-4.525		LOC118276520	U6 spliceosomal RNA	7693	12714437	12714543	
NC_064242.1_13012717	NC_064242.1	13012717		-4.026		LOC126912913	uncharacterized LOC126912913	5521	13006561	13007831	
NC_064242.1_13023717	NC_064242.1	13023717		4.108		LOC126912914	uncharacterized LOC126912914	964	13022122	13023384	
NC_064242.1_13029165	NC_064242.1	13029165		4.064		LOC126912914	uncharacterized LOC126912914	6412	13022122	13023384	
NC_064242.1_13063697	NC_064242.1	13063697		4.098		LOC118276304	uncharacterized LOC118276304	12512	13011417	13090952	
NC_064242.1_13304583	NC_064242.1	13304583		-5.51		LOC126912873	uncharacterized LOC126912873	12816	13295448	13339351	
NC_064242.1_13475268	NC_064242.1	13475268		-4.982		LOC126912886	uncharacterized LOC126912886	1029	13472615	13475863	
NC_064242.1_13516042	NC_064242.1	13516042		-4.528		LOC126912884	organic cation transporter protein-like	4473	13500820	13522317	
NC_064242.1_13522092	NC_064242.1	13522092		-4.087		LOC126912884	organic cation transporter protein-like	10523	13500820	13522317	
NC_064242.1_13522126	NC_064242.1	13522126		4.831		LOC126912884	organic cation transporter protein-like	10557	13500820	13522317	
NC_064242.1_13528658	NC_064242.1	13528658		-4.336		LOC126912937	solute carrier family 22 member 7-like	4850	13527605	13539412	
NC_064242.1_13529833	NC_064242.1	13529833		-4.018		LOC126912937	solute carrier family 22 member 7-like	3675	13527605	13539412	
NC_064242.1_13541270	NC_064242.1	13541270		-4.4		LOC126912936	organic cation transporter protein-like	3019	13541730	13546848	
NC_064242.1_13594584	NC_064242.1	13594584		4.946		LOC126912894	uncharacterized LOC126912894	6438	13599319	13602725	
NC_064242.1_13594587	NC_064242.1	13594587		4.921		LOC126912894	uncharacterized LOC126912894	6435	13599319	13602725	
NC_064242.1_13609038	NC_064242.1	13609038		-4.022		LOC126912895	myosin heavy chain, striated muscle-like	997	13604590	13611491	
